model_100;25.983653057612294;5.238445120360147e-46;161.93691756877493;171.27621086607587;185.7785754573092;201.56392263858876
model_101;15.205170743267926;1.2113147260000498e-27;169.81919763443318;168.9940883555311;182.58152060650767;194.49306244545795
model_102;6.745570947891006;1.0354182466781204e-09;175.93216851417054;165.62709857047872;182.8552231403107;201.0931058843085
model_103;24.2419939575503;1.9993560769086105e-43;164.72025250374003;171.56178835605053;186.01658438499942;198.6979626594706
model_104;11.713486589956727;2.108613895514973e-20;176.2468828241876;170.26594510991524;187.2795465542408;203.94846555019947
model_105;8.792183296559342;4.686642987091798e-14;177.73871271660988;169.51114865566822;187.96888653369658;208.22780495501578
model_106;12.534275301807329;3.7450737417064653e-22;173.31127702428938;169.27997832602642;184.67242956607896;201.3697918831034
model_107;16.795620955962473;9.76706985873943e-31;166.8532955088514;168.8099631451546;183.08342765645781;199.71621801498088
model_108;15.738857215288656;1.0711262189018683e-28;171.9046968500665;169.728515625;188.963246961553;207.79595882334607
model_109;0.9726629006548038;0.33309142368623423;187.3547246405419;171.67549587817902;188.38798770498724;204.55114194180103
model_10;12.894129558050468;6.520020673670812e-23;170.1817217887716;166.92621791109124;180.2551082846459;193.40370957394865
model_110;13.818767468685987;7.759833724152634e-25;178.49072492883562;174.97703552246094;192.28964124476653;207.43404502057015
model_111;3.400810616899786;0.0009701145399520891;183.84806953592502;172.9401689894656;187.20605909631607;206.10075281021443
model_112;10.749311522202342;2.554508874141478e-18;173.2954409984832;167.74352118309508;183.01844036021132;197.7301963643825
model_113;19.877869982537355;2.4508659690765937e-36;166.7198726572889;169.2410596482297;186.27406431482194;202.66767720973237
model_114;10.500460665418863;8.87947952102848e-18;171.7112585838805;165.19504271162316;181.21516104515558;194.47314355728474
model_115;10.033193064972101;9.259869526559357e-17;172.09336528372256;166.35932110725565;181.8488724793779;198.87241347292635
model_116;15.242058245749625;1.0231837973479946e-27;167.46624106549203;167.73718164322224;181.9774721169979;198.37779885150016
model_117;16.99700773451023;4.054707671294952e-31;171.0891132760555;169.72733972427693;185.3908138015423;198.35435713098406
model_118;13.481938643071121;3.857223607604301e-24;173.03780153964428;172.34499651320436;186.29274607069954;202.26922347697806
model_119;11.94320981445794;6.786025630521291e-21;172.56223995127576;170.22254878916638;183.43523484574985;200.68787400265958
model_11;4.170048157085335;6.536010641178826e-05;178.46625080514463;166.7622742348529;182.1323624176675;198.6119579558677
model_120;20.275118553306893;5.066177600338467e-37;160.73681218573387;164.04161266570395;179.63139971956295;193.9048185957239
model_121;16.25059899356596;1.0821104268046267e-29;168.65151376927153;169.69387914779338;184.0945615143472;202.7646818769739
model_122;17.65812071127026;2.345844538582319e-32;165.83394768897523;168.08374835075216;184.1394361698881;202.60456068972323
model_123;20.978629159383768;3.253252336662825e-38;161.55692339958028;166.10835818026928;183.30907421517878;200.9370331459857
model_124;16.967731904820763;4.605999890122961e-31;170.11730372652093;172.50140965238532;187.36723797899606;204.87103531208444
model_125;12.941987959662441;5.1724030841454636e-23;172.26083633747507;168.6231963786673;184.04709010834392;200.4309010607131
model_126;10.55747459496502;6.6731576971218095e-18;174.64496563850565;169.71911069180103;185.80834857697187;202.94030209805103
model_127;-0.5692234333604438;0.5704937505354679;184.23550415039062;167.37447438341505;183.701181911712;200.40567990566822
model_128;12.03232571512674;4.376162693045376e-21;176.94084719394115;173.0286579537899;188.58059899025773;205.9196796823055
model_129;13.191091398936116;1.5556878516786178e-23;168.24491265479554;165.24536749657165;182.07190580976774;198.34763157621344
model_12;18.478646909536295;7.372648191863533e-34;169.00482372527426;172.6477316998421;185.88720712539998;201.3652054806973
model_130;19.43456406760538;1.4559915429226918e-35;162.98874355884308;161.97135373379322;183.41014789013153;201.99415588378906
model_131;1.0257076447264002;0.3075291143428319;180.572107842628;168.7476397575216;181.53676347935456;197.82403109936004
model_132;16.173539136205967;1.5250049001893376e-29;166.56112216381317;166.11961267349568;179.59429457157216;192.71376070063164
model_133;19.063010071753116;6.604120356129892e-35;168.41493777011303;170.96001255765876;187.8829678636916;204.20605874568858
model_134;17.880542735588996;9.105811688341675e-33;167.48681705556018;170.4882120984666;186.32492089616494;206.60810267671624
model_135;18.687133155601668;3.1021940845570666e-34;165.4378236811212;169.59721277115193;182.87969773799813;198.07761204496344
model_136;6.746346973434122;1.031634774867879e-09;181.59701862741025;172.1279605297332;188.71903933423633;208.86933801529256
model_137;22.191762953895733;3.2738309788232104e-40;163.96953680160198;170.94621179458943;185.4121631963202;201.10453893783244
model_138;35.385041726018855;5.421295810933975e-58;154.38045095890126;171.77802422706117;183.7872287539218;199.58326786122424
model_139;12.684797969324158;1.7998388469695614e-22;168.04109045799743;166.86509558495055;180.6544393515079;198.0788717066988
model_13;20.986215072158096;3.1593590782094694e-38;167.56261070738447;171.55973653590425;187.42359341073544;202.94521835002493
model_140;14.849971773975895;6.2060805882868725e-27;170.74947438341505;170.37622963113986;183.45355389371832;198.99561585771278
model_141;15.929100280847814;4.5505174077469225e-29;171.44097673132063;172.14283687510388;185.11834668260946;199.99278486535906
model_142;4.904279584055749;3.6799988419005166e-06;187.1750368158868;177.01254012736868;192.08797192188015;208.74918219383727
model_143;18.10950868047589;3.4600639374333145e-33;167.70787470391457;169.88125707748088;182.95506804608286;196.52585553108378
model_144;19.345383447564192;2.0897572041658453e-35;164.53795477684508;170.0553121363863;182.53017790936406;198.51959553170713
model_145;19.245595584182894;3.1347510263617097e-35;171.2314810245595;175.324203815866;189.30891705127473;206.6881395705203
model_146;17.36615626456627;8.201817873670675e-32;168.04008354024685;169.37951010846078;181.5608608375711;192.73749006555437
model_147;28.425853073175382;2.038397021426175e-49;159.19494385414936;171.2410051061752;185.74063146225947;200.39545099785988
model_148;19.324599408475468;2.2736934522646168e-35;166.96912530127992;171.63749077979554;184.16698518793635;199.73198943442486
model_149;13.270168931994435;1.0638234862486829e-23;170.802576592628;168.46482394603973;183.66756508685168;199.402952153632
model_14;7.490832878703139;2.907015231574604e-11;179.3538597593916;170.8649275759433;186.92475412084707;202.32453869758768
model_150;15.655167096504732;1.5632002073960616e-28;169.48615070099527;169.35381966448844;183.1381114618829;198.70480947291597
model_151;12.016816536200121;4.7231374130712824e-21;172.3005608091963;168.03324987533244;184.53199950847218;197.77352986437208
model_152;16.338986110892;7.307544807286412e-30;166.91018871550864;167.09979475305437;182.76497683423634;200.65570782600565
model_153;20.863227335619886;5.083532851748485e-38;164.94008019629945;171.5223576971825;186.53145529239737;207.57988268263796
model_154;19.415457060822106;1.5730660903905291e-35;162.66115553835604;164.19743184840425;183.01408219357754;202.73213812645446
model_155;11.809082687448322;1.3148771927712112e-20;171.7232800747486;164.05483002358295;185.0164891669091;204.45897690793302
model_156;15.212045346989306;1.1737893798730607e-27;169.65428648603722;168.3643578062666;183.09248572166928;197.41525885399352
model_157;25.705021044278936;1.3289122391888313e-45;162.863063406437;171.88471855001248;183.94459380616536;198.06679681006898
model_158;16.49653064932193;3.638570705445338e-30;171.236057687313;169.81023488146192;185.54257568197048;198.3458635046127
model_159;9.552619856619872;1.0353890188995653e-15;176.99667196070894;169.65018317039977;186.32783238837064;203.8638653045005
model_15;3.0054238479957958;0.00336024247038854;182.5827253625748;170.4040952641913;185.80420118778312;207.28979557118518
model_160;-0.17245574896466895;0.863431314254548;185.3836309554729;168.73659726406666;185.2260095003818;197.90920955576794
model_161;14.142346842112998;1.6827883536158454e-25;172.36691998420878;172.00373288418385;184.00721643650783;199.4316169251787
model_162;13.448785662588861;4.519735931518888e-24;172.3634393570271;166.83906490244763;186.14824904746197;202.242788436565
model_163;12.068340842311725;3.665862835546956e-21;173.34959655112408;171.0718062380527;183.3335755400962;196.84994863956533
model_164;9.174536806970131;6.9080093387788734e-15;176.86954449592753;169.77639137430393;185.24449709790818;199.6415035166639
model_165;11.524219354448835;5.382054894949769e-20;172.33679166753242;168.37003407579786;184.2204145374704;202.7588010747382
model_166;15.05685140361741;2.391839402628073e-27;168.0541646429833;168.88981660883476;180.7544890480853;195.25120998950715
model_167;9.614396073907974;7.591530353574868e-16;173.83990543446643;164.98172256794382;183.92611903251486;200.99364325340758
model_168;23.06475865491885;1.325421452890638e-41;163.15871039857257;170.49292414239113;183.4696270427298;199.41570720266787
model_169;17.420327285272844;6.49671388821619e-32;165.50199841438456;166.80859017879405;184.30846695514435;202.97464638567985
model_16;5.161712495672544;1.2635908993973107e-06;180.79671072452626;167.87621648260887;186.6505612799462;202.9729075330369
model_170;18.694658596179977;3.0070648081334746e-34;166.9991575200507;170.48542396058428;185.09661604860995;199.83672381461935
model_171;19.43445918978793;1.4566095851085632e-35;165.62465359302277;167.5487274819232;182.2875620821689;195.33142901481466
model_172;5.1349366993095655;1.4140657155290144e-06;178.88107591994265;166.84949639502992;184.36407985443765;200.42174189141457
model_173;12.260119553638168;1.4301917485031917e-21;168.49614991532997;165.2289613764337;180.28437305206947;194.75891437936338
model_174;13.340010460452609;7.609079668639764e-24;170.3677351931308;167.44244319834607;182.98488006104813;198.6001908322598
model_175;8.44748260770702;2.614893931927115e-13;178.27470300552693;172.59933244421126;185.27338324364194;200.9683863863032
model_176;14.098088993772604;2.0726092218715103e-25;173.5830243699094;171.2943978816905;185.64180148347893;200.414569611245
model_177;5.8619871764876486;6.033703482046393e-08;173.69903596918633;164.80709741470662;178.98813264400403;195.31839216516374
model_178;10.638229895349102;4.453531968930865e-18;179.36869227632562;176.2884401361993;189.11660185793616;204.7244652281416
model_179;13.652434717431962;1.710331234080823e-24;166.99092378007606;163.10452627628408;179.99914786724332;195.15302292844083
model_17;10.360084262639676;1.7948491296182257e-17;171.71704783338183;166.25153237200797;181.3379662306765;195.07781430508228
model_180;9.766173754039146;3.5412973024826434e-16;175.64534191375083;169.39972410810753;185.26777691130948;203.14372805331615
model_181;10.663058690639934;3.933043846140503e-18;169.77890112044963;165.99367409564078;178.5783939783624;191.8113013734209
model_182;16.4347873743924;4.780291397968493e-30;165.53994345157705;165.12123854616854;184.11593234447722;202.28860700891374
model_183;15.393736855414895;5.120380858385729e-28;169.33940027115193;169.84460806339345;186.29682646893437;207.04410861400848
model_184;18.202222658190983;2.34281385551832e-33;167.1685670893243;171.6907738218916;184.02060098850976;200.69961515386055
model_185;14.637067758319814;1.6646008519183982e-26;166.4690253075133;165.66143214448968;180.2081993184191;194.71713516560007
model_186;6.36903204911745;6.011384332947746e-09;179.37880171106218;169.86564766092502;186.6020613325403;207.33647220692737
model_187;12.871838324497395;7.263058305673501e-23;172.861380719124;170.45261659013465;184.15546561545517;199.11769331262468
model_188;10.244551170452729;3.204492492669802e-17;170.61086938736287;164.57897186279297;182.0544489840244;203.4931861390459
model_189;19.765733011454532;3.8378096206291105e-36;167.46190854336353;172.2383627384267;186.8119996707997;201.02757393045627
model_18;14.02508938657386;2.9240415419398163e-25;172.49529802038313;172.33455739122755;185.75780896125957;202.45667867457612
model_190;23.82893387696442;8.565553924820741e-43;165.04132031379862;172.17044521899933;185.82073382438494;199.61163784595246
model_191;13.839469443299269;7.0344120288731505e-25;170.6845414181973;171.03931670493267;181.64577378780282;196.46624333807762
model_192;15.333136157046685;6.749544454748726e-28;172.6129676331865;173.05991120034076;185.34014973904223;198.31383952688662
model_193;13.479538053913847;3.901733687858177e-24;173.1057249028632;170.90797781437;185.62458019824743;201.36658364153922
model_194;12.670826208910324;1.926338840437084e-22;178.37847510804522;177.597641315866;190.42322626479125;207.76283556349733
model_195;13.89649053590125;5.369475164778042e-25;172.65020459763548;170.12960101188497;186.01672395746755;203.16706296230885
model_196;0.8065109143693303;0.4218815364819303;181.9464828815866;166.6482293960896;182.73280374567557;197.50348614631815
model_197;13.00632581490662;3.790248203700474e-23;170.93559330067737;167.70983042615526;183.84525551816253;199.0867465404754
model_198;9.839086295488807;2.455104070876563e-16;169.1658075210896;163.56827869821103;177.22472917191524;190.1930356938788
model_199;23.230628067673866;7.27505324077479e-42;164.3102535491294;170.06535923734626;189.00122677904494;205.9737789072889
model_19;16.20904677721876;1.3018912120001221e-29;166.82850192455535;168.026280829247;180.83658921099723;197.56992810837767
model_1;13.064039454567268;2.8687982268568826e-23;175.24986234624336;170.39012227159864;189.02976305535503;205.54831484530834
model_200;1.506298592002244;0.1351747551286586;181.65225836571227;169.77121913179437;182.91614371847595;198.43327883456615
model_201;17.024897480694555;3.5913723233952212e-31;169.40614383778674;170.2373426721451;183.24472840816418;197.32968139648438
model_202;11.456761098126536;7.520662472017989e-20;170.19931127669963;165.72958958402594;181.29047468307172;198.8359738613697
model_203;19.700728685087306;4.98069242571753e-36;164.88543668706367;167.66730125914228;183.34911062037685;197.68834183063913
model_204;9.607674339863825;7.852257055886368e-16;177.42349178233044;171.5332560437791;188.06974012577783;208.9403962480261
model_205;11.701940675556994;2.232493428731855e-20;170.4466198860331;167.06213947052652;181.0009364822063;194.74438314234956
model_206;17.083174731773525;2.787925219189839e-31;167.57245262632978;168.3070857271235;183.7235190712137;197.38405560432597
model_207;15.063144391303648;2.323654901320139e-27;175.40477184539145;175.10544634879903;185.39142718700657;195.75077202979554
model_208;11.098813248448;4.460741527359421e-19;176.40942480209026;172.07892527478808;188.25987295921814;204.0420282242146
model_209;15.426854919358682;4.403736993593361e-28;168.8726983577647;170.4396592809799;182.61436246993696;197.2269436450715
model_20;8.41112514061768;3.1331521086743404e-13;171.4319467747465;163.0477152073637;179.42935260691544;194.09076414717003
model_210;12.663384497986463;1.9973212850700583e-22;174.1877847225108;171.68016506763215;184.14944033358958;196.3367468651305
model_211;19.615905160427364;7.004032182696581e-36;166.608034174493;168.527193434695;183.1719839331444;194.54188634994182
model_212;14.879944343537831;5.403623448258974e-27;165.35299828711976;164.51336669921875;181.52049544963432;200.06499724692486
model_213;14.993020345941229;3.2081401200269034e-27;172.14440106331034;171.06805484852893;184.29052519777989;195.8766849598986
model_214;3.060528639088715;0.0028437896292438534;182.5785220531707;171.8137736219041;185.1489772277183;196.54431184809258
model_215;21.034200380375374;2.625507587114555e-38;165.94717634485124;168.63666972708194;188.14277380111372;204.0788051524061
model_216;17.61849609832197;2.7784412890433496e-32;163.46702965269697;165.2008244940575;179.01416658604398;192.6971795914021
model_217;12.279575596582745;1.300169342550515e-21;175.44226691063415;170.43518942974984;189.71351333455837;210.98945715072307
model_218;12.578053355734099;3.025600808080964e-22;174.41952547113945;169.66573268809216;187.43318938722;202.13874751963513
model_219;17.217905323423487;1.5550293339863164e-31;162.9222103687043;164.2680017998878;180.34375775925656;196.47957692247755
model_21;28.814059525470874;6.142648729509598e-50;158.2739152299597;171.1222073169465;187.59012986041125;204.18790646816822
model_220;24.175839344134094;2.520983401361711e-43;166.72550948122714;173.46095600533994;189.8569886828483;205.39854950600483
model_221;14.699468494316177;1.2458808112765202e-26;175.4012991722594;172.12777612564412;190.46374161902892;207.81544299835855
model_222;13.558705259743945;2.6734782279485648e-24;172.79993714677528;170.11973474380818;185.19626275894487;200.73216734541222
model_223;7.298030211802294;7.399826018804167e-11;177.45088065938748;169.92906870740526;184.1357041703894;198.94745392495014
model_224;17.815260303828495;1.2013302230021093e-32;169.35106382978722;170.99869342560464;184.95766578836646;201.47467820187833
model_225;17.997968192654888;5.539132493702616e-33;166.50415250088307;167.8738164698824;183.3217424449515;197.0885490255153
model_226;13.339696805867222;7.620530932447281e-24;168.58531091568318;165.1442416576629;182.68322397921946;199.4924033956325
model_227;7.508363184298107;2.6694492377235772e-11;177.58745883373504;170.9629886708361;184.3244704161299;202.4841574810921
model_228;16.34140840946242;7.229443694592354e-30;170.63109085407663;171.87216105359667;187.29082489500655;203.12684241761553
model_229;9.309547911210299;3.508947928447008e-15;176.77899754301032;169.1824473928898;185.86469971027782;200.73317702273104
model_22;29.093162744935505;2.6135954820281206e-50;158.17227075455037;170.80290968874667;183.3044009188388;197.64579480759642
model_230;11.073863776272942;5.051494131531579e-19;173.37262190149187;169.81170394572806;183.44621308184688;197.191188406437
model_231;8.22339193500908;7.955513109554289e-13;176.78202349074343;169.52443646370097;184.79631399519903;200.54214574935588
model_232;-1.63343095979849;0.1055548357429758;180.99999935068982;167.57064105094747;179.68383815521892;195.29376545358213
model_233;26.481124038875485;1.0124414044315743e-46;155.83999195504697;165.769760456491;182.6457434260591;200.7772457041639
model_234;16.684674236969595;1.588772041769591e-30;167.70302711649143;168.97203031499336;182.47805293955702;197.46882207342918
model_235;15.581311823841947;2.1837919825576606e-28;171.15061155278633;172.387086908868;184.2031832966906;197.85246828769115
model_236;17.094533200810474;2.653796024784031e-31;173.70596735528176;173.5494621763838;190.18426340143733;206.317262690118
model_237;24.253549716698206;1.920099514608522e-43;164.6377607304999;172.62780404598155;186.19059902921634;200.80002707623422
model_238;6.437608803807656;4.375539852674809e-09;176.53971181017286;164.89741094061668;182.65285899872478;198.21467817590593
model_239;9.749241482355286;3.855746344296392e-16;176.27181649715342;170.08775297124336;185.50160931201688;200.1079484655502
model_23;4.44850509341201;2.2662592645891117e-05;179.39117658899187;165.3047404187791;183.74566240838232;200.84223905522774
model_240;25.829055571361568;8.772466879254986e-46;163.5021398016747;171.9902246353474;184.13334200432956;198.07717570852725
model_241;23.70726414655842;1.3193321469810568e-42;164.38173578140584;172.1422528206034;187.15525503604968;204.23697029276096
model_242;18.42881495963568;9.074724541513883e-34;163.59225723591257;164.28163082041638;180.86950120641828;195.0535077034159
model_243;3.006876322907983;0.0033455836642022957;180.00690930954954;167.44475376859626;182.51395170008882;196.85400942538647
model_244;9.7528112909717;3.7872080603871443e-16;175.31980409013465;169.757376812874;183.74656964078866;201.58383763090094
model_245;13.8871885951419;5.611198517854812e-25;173.59671718516248;171.37137912182098;186.09359325003118;200.51882447587684
model_246;4.0890001710823105;8.826687621062008e-05;180.3911324359001;168.8464809985871;184.38202989781155;201.79414789727394
model_247;10.711389858349998;3.088103566780363e-18;172.76012242094;169.64660612065742;184.19228424883897;204.18916775317902
model_248;16.366005091726873;6.482419610750939e-30;172.9261414548184;174.3722212771152;191.5075288082691;209.6931100398936
model_249;5.6679470718220815;1.4271466281507025e-07;176.8413780699385;164.98656836976397;182.5127003446538;198.14049546262052
model_24;11.735047482479965;1.8954388167744517e-20;176.3602366345994;172.88404326743267;187.95955940246589;204.8931069881358
model_250;23.594374497743342;1.972523859151984e-42;162.70951794563456;170.3803993387425;183.93567231036252;199.34742834212932
model_251;16.10547477214721;2.0660863712722758e-29;168.60039422867146;169.02076234208778;181.56409961781603;196.6825454387259
model_252;18.910166982425448;1.2362058885188679e-34;165.50935071579954;167.64064805051115;182.69933347661444;196.26411145798704
model_253;9.459787085604251;1.6504309578333686e-15;170.13524092004656;164.74463215280088;177.43926004288048;190.90101558604138
model_254;14.313766414097863;7.524583794151385e-26;170.91361122942985;168.7224643788439;182.08779564553117;194.23761570707282
model_255;17.528226718398045;4.088555995167375e-32;167.8991864792844;171.53442139321186;184.26722969055172;199.63404716329373
model_256;15.682139202792484;1.3837645362986458e-28;166.37669453722364;168.96425190377744;183.90046394023489;201.23702093895446
model_257;20.869845086434758;4.954855513287523e-38;166.28644318276264;172.30326129020528;186.17532848926297;204.44961807575632
model_258;9.924770715613542;1.5963293070839838e-16;173.97838316572472;167.72572521453208;183.05226745443136;197.5831396224651
model_259;15.203551709070545;1.2203264656719706e-27;175.5775146484375;175.9321668908951;190.42146883376105;205.89876150577626
model_25;26.042719860208116;4.30439877806677e-46;163.10948895393534;171.69667962256898;186.8008813979778;199.506539202751
model_260;5.877978878640245;5.6172500604155146e-08;175.2850796313996;164.23373737741025;180.87847233873734;195.23252138178398
model_261;22.431102739624578;1.347692891112043e-40;166.52209537587268;174.7071409834192;190.7458729780481;207.06767662535322
model_262;15.285682173276411;8.382191553919751e-28;173.8029093640916;172.79129839958028;186.4942038256057;199.1955991704413
model_263;19.804700087728207;3.2834365376967126e-36;166.36444513848488;169.52587111452792;185.24908277146358;204.75238946143617
model_264;15.023158937838401;2.792644822898074e-27;167.42816308204164;163.5554342066988;184.98573170276396;204.6801566265999
model_265;15.794510538806133;8.334449241170546e-29;164.87957471482298;165.95179586207612;182.5472333088327;200.97247963763297
model_266;18.906616293534313;1.2543854429084441e-34;166.99132521609042;171.81346617353722;184.45138743786097;201.50474450943318
model_267;15.056973914215813;2.390492981585148e-27;173.43616826483543;171.38130285384807;188.2434614741549;203.2102982541348
model_268;20.661026111880457;1.115473361624567e-37;165.32302304531666;169.66100944356717;182.87482256300908;196.72256567123088
model_269;7.312732690061401;6.892474219554898e-11;175.70833960999835;167.21944021671376;182.87145510896724;199.4759930549784
model_26;12.699666863245918;1.6743619039104454e-22;172.64300569574883;169.98875167522024;185.24663919489433;203.2648468017578
model_270;12.450910505487737;5.624721489909838e-22;173.3232230328499;168.29698343479888;184.81403216260549;198.58621475544382
model_271;18.735363564227903;2.5411667416402737e-34;164.57357171241273;165.86596988109832;184.04542512284948;201.2141470401845
model_272;13.454084589530218;4.4066342544634954e-24;170.87243814671294;169.7846510866855;184.0527376410302;198.84514601687167
model_273;12.394763349739948;7.399905170752887e-22;175.23101546916556;173.75062885690244;187.29361156057806;203.76131358045214
model_274;14.254672643479044;9.926921999958022e-26;169.31228280574717;168.56373953312;184.52133082775356;204.75100675542305
model_275;20.6204673444389;1.3066849394822105e-37;161.75133287145735;165.91200905657828;180.27835971588783;194.80328888588764
model_276;16.30132174909178;8.637223046640753e-30;171.10197156540892;173.13199047332114;185.14346847371849;200.64912836602394
model_277;6.9302939344130845;4.315326344118815e-10;177.5247228094872;171.1616564811544;184.4021277082727;201.25647784293966
model_278;15.73698012249877;1.08023625798717e-28;166.88263231642702;167.23216409886138;181.7790363490328;197.99240112304688
model_279;15.618278348646887;1.847138813679705e-28;168.56941401704827;168.72523563466174;182.12318102897484;198.51594640853557
model_27;16.197491860334814;1.3706367501591054e-29;173.22760237024187;173.81968591568318;188.85183132252794;206.5815137497922
model_280;16.54447856164104;2.9446514031952884e-30;169.5106201171875;170.49524055643283;183.39605774250435;197.6197629888007
model_281;8.437187589836459;2.752293379926931e-13;175.1541410405585;170.09063331117022;183.2152442883431;202.79293141466505
model_282;30.230126005603587;8.592724071197055e-52;156.2313592789021;167.06948235694398;181.29200395624687;195.55935117031666
model_283;14.61652865266232;1.8313541917427753e-26;170.29663296963307;170.16461311502658;186.14471251142783;203.83513138142038
model_284;9.424982944988397;1.9656247242575167e-15;177.02614739600648;169.56925055321227;186.86497983080272;204.33723741896608
model_285;24.371000503504252;1.2738572156106345e-43;162.88415316317943;169.92207790942902;186.74754615946023;202.2603474069149
model_286;3.3307642875094494;0.0012180620742077873;183.30529557897688;171.59743645850648;186.35242094486318;200.77069059331367
model_287;15.617612772893889;1.8527125427980897e-28;171.47111219040892;171.66179997870262;182.81605474431467;195.75832837693235
model_288;13.650920226962043;1.722707350035854e-24;169.87777450236868;167.81056278309924;182.13269973267896;198.264509485123
model_289;25.983509606076684;5.240946332993464e-46;161.63309413828748;169.21764487408578;182.4177603782491;194.21678421345163
model_28;21.61403775547246;2.86454945598751e-39;164.60090539810506;169.47804455046958;184.22657176078627;199.04912550905917
model_290;12.601725401311667;2.6961638395074457e-22;173.3529124158494;171.14159149819233;183.9793297544439;198.91407613551362
model_291;20.73761789957751;8.27816018168814e-38;162.621014858814;165.42055949758975;181.69116688342805;197.10332310453376
model_292;16.492869083680073;3.6978881879981925e-30;170.3961324488863;170.98023564764793;185.67209738711088;200.60527655418883
model_293;18.483388301508068;7.228485162594291e-34;165.11704838529548;168.1792829797623;182.89872964737265;197.15424687811668
model_294;12.899205917464368;6.361773282680701e-23;174.27709197998047;170.5739577273105;185.33519450897867;198.20079235320395
model_295;-2.3669392463444856;0.01988124459631858;188.91971052453874;170.16133507261884;186.82682544464762;201.47065410208194
model_296;10.680926239253509;3.596605748670453e-18;171.89554027800864;168.2922645731175;181.54141376738855;196.35362146255818
model_297;20.042845122967417;1.2705400993471807e-36;165.86399370558718;167.58558265199053;184.13887470407687;201.00576879623088
model_298;9.013328951731129;1.5497781469065043e-14;176.51333877888132;170.56997778060588;185.05378548804748;202.58801237065742
model_299;5.49564005693265;3.031290404285869e-07;182.4377749828582;172.2286880168509;187.57188593600654;202.56409503043966
model_29;19.60992911724391;7.174532933879235e-36;166.90828753532247;173.11738553960274;185.12267998715666;205.79949301861703
model_2;14.046664209062058;2.6410803610042624e-25;168.54541892193734;166.80254217918883;182.03904302231808;197.67310187157165
model_300;8.735999047458995;6.205583027742098e-14;173.69239872059924;166.80382748867603;183.82907108712706;202.99028404722822
model_301;24.06485857567947;3.723166364269039e-43;164.40545589365857;174.58832533816073;187.711306678285;205.71679135586353
model_302;25.001750088008393;1.4406463794399355e-44;163.6073864875956;169.1435847180955;182.56865178858982;193.7192957452003
model_303;23.152875953549565;9.633729131340677e-42;167.11401545747796;173.34613426695478;185.4296993596503;198.0320346913439
model_304;19.020467875275287;7.86092302101352e-35;174.45377041431183;179.5060343640916;192.18437211056974;210.9508650759433
model_305;10.362959288930119;1.769153843082062e-17;177.9568968427942;169.9585535577003;188.84384053169413;205.07809253449136
model_306;10.157888684703266;4.950791174349304e-17;174.52405596793966;167.63616083023396;185.33634501355766;203.3700905657829
model_307;20.04536553844103;1.2578831655484969e-36;167.36471200496592;172.97390389949717;187.30259244391266;204.14889331574136
model_308;-0.30278124435967607;0.7626918577131973;185.53112435848155;170.86891434040476;185.25779630133442;199.42255060723488
model_309;22.527659447427155;9.437728572210058e-41;162.91248711119306;169.72637549867022;183.31622335068724;199.44865449945976
model_30;15.112484425398959;1.8525295094770297e-27;167.22817733439993;168.75584671345163;179.92008382918993;195.7630498358544
model_310;12.34872753054929;9.26809844976032e-22;169.1106317398396;165.7737973801633;180.99372664755958;197.6613078015916
model_311;18.913976366783203;1.2169967946451678e-34;167.466948975908;171.0853079937874;183.8931062901274;200.32904604648022
model_312;19.570909334374406;8.395426530241138e-36;168.88757551477312;172.36098983439993;184.577212889651;198.26799270954538
model_313;11.48276088100301;6.610519268543759e-20;174.9423373607879;174.0050915657206;186.08263581377395;202.11046486712516
model_314;9.892518855789294;1.8771009255659244e-16;179.26396309061252;173.23957467586436;188.4658212215342;204.2378212137425
model_315;18.812134170103004;1.8509334790335162e-34;170.6589595713514;173.92137210927112;187.80765326317317;203.27074351209276
model_316;2.6812861614940293;0.008593174687364667;177.54484379545173;165.28362387799203;180.24313914359885;197.819414828686
model_317;24.21405258480938;2.204904506219668e-43;163.36980064879072;169.29741749864942;184.4822247639108;197.63552239600648
model_318;17.418353005140077;6.552088630866981e-32;162.08305780938332;164.52275669828376;180.54255404533228;197.92055527707365
model_319;21.979537097183893;7.230832350346773e-40;162.08391213924327;168.79661949644697;184.56393440084256;201.88578504197142
model_31;20.07286864240015;1.1277562168899659e-36;162.77539874137716;169.68717307232797;182.10188276574962;202.2250090254114
model_320;16.569495635315693;2.6371598532421767e-30;170.46919201790018;172.47225075579703;184.49580867199188;199.24193654161817
model_321;13.63406112403777;1.8667059284433507e-24;173.86105833662316;170.83972719882397;185.44752258625442;198.11990210350524
model_322;8.34337157826728;4.387246384236317e-13;172.7599230827169;166.55888074509642;180.17995391683377;193.20509370844414
model_323;24.41843678719474;1.0797477536450265e-43;160.70577629576337;168.12710084306434;181.31718088190607;195.84628133570894
model_324;15.709454028653818;1.2231429029123118e-28;170.1251175251413;170.7296382822889;186.5330822137061;206.01812549347574
model_325;18.644223285687342;3.7055577004423064e-34;163.68699564832323;166.6255915215675;182.93650551004612;200.48378088119182
model_326;19.284049810740452;2.6808672136475146e-35;171.2590872581969;173.4161256830743;188.0689095436258;203.58374153299533
model_327;15.676066909527359;1.4222634572473146e-28;168.88140934071643;169.13582221497882;181.91325643985826;197.59418438850565
model_328;13.984681117000763;3.5386135229283065e-25;173.16026078893782;171.35023108949053;186.1328825248556;200.76498932534076
model_329;-2.7045641848278015;0.00805269420513981;190.64247650795795;170.06531118839345;187.82648573368158;205.28442675002077
model_32;16.498441009741704;3.608003929500876e-30;166.23385636349943;168.5996187899975;179.75214478675352;193.3747435224817
model_330;20.02274500270972;1.3761818923205621e-36;166.61485939837516;169.1316916283141;182.17952917220748;194.22335701800407
model_331;19.070160575179916;6.413688013593729e-35;170.61425911112033;170.93928917418134;190.01228323916175;207.25979029878656
model_332;16.825157620194382;8.582747748857929e-31;166.88586734203582;166.91489848684756;182.2789469844737;198.14648599827544
model_333;22.035496472536966;5.8645406437447925e-40;162.67627699831698;167.34734458111703;186.14598967531893;203.16374498732546
model_334;19.000707412576237;8.524117045772635e-35;165.4523050835792;172.2855029816323;184.87115522506392;202.04986572265625
model_335;14.814966247974192;7.296370557408356e-27;166.91112615707073;165.59183128843915;182.39254895149392;199.59330814442737
model_336;11.74520859461274;1.8026065307140037e-20;169.55749479253242;166.92735745044465;179.84740437609085;196.116361252805
model_337;5.073393982099246;1.8292771915079955e-06;176.68324766767785;164.8163150219207;182.12501860273645;199.9067623057264
model_338;15.922041661084567;4.696991114610935e-29;170.15862030678608;168.7838897705078;185.99820395287045;202.39361896920713
model_339;11.853245107952727;1.0573821360190686e-20;170.47883118974403;167.1602445561835;182.90116521957071;201.95927299337185
model_33;18.830906568129603;1.7130980868464755e-34;167.82002485559343;168.65419071278674;187.29005705001506;204.2955614455203
model_340;4.03039165647159;0.00010943789651929748;181.0326379004945;169.18356875155834;185.1309998467628;200.84735821663065
model_341;5.34440214734597;5.818315239954563e-07;179.80748894874085;170.6381482063456;184.88340025069866;200.72892793695976
model_342;17.31446007747528;1.0248334048607173e-31;168.86478764960106;170.98574764170544;186.86637274234855;206.14806544527093
model_343;24.418435504319184;1.0797525778381873e-43;159.2046552617499;169.15662108076378;184.9296882596929;204.82583293508975
model_344;20.590353189068637;1.469748087881192e-37;164.137740439557;166.16610782704456;184.60739841380015;201.49026164602725
model_345;8.71816803431669;6.783583690857918e-14;177.3534084888215;171.36074342118934;183.78300119115949;197.97753743922456
model_346;10.150621824517989;5.1347421714664995e-17;173.99689207685753;169.57718317559426;183.9338252923844;199.78215351510556
model_347;9.433832439622114;1.8801905500091794e-15;172.9470523266082;168.36989609738615;182.11924470617413;199.01364395466257
model_348;19.058185846373494;6.735807348178207e-35;165.4460557978204;168.6424969612284;184.20174030222788;200.7838134765625
model_349;12.522129939798033;3.973540925771569e-22;170.02306512061585;166.94190459555767;180.95347008238448;195.68740227881898
model_34;15.179173574112303;1.364465654208054e-27;172.07491123929938;172.52685481943982;185.8151011966137;199.31421807471742
model_350;10.960827675871759;8.877955352847735e-19;174.02296252960855;167.47081707893534;185.14129001536273;199.74465195676115
model_351;11.143448859453036;3.571196525929123e-19;174.89561365005818;170.22648393346907;183.98202630550307;198.8192378916639
model_352;12.820772258473934;9.301946642825189e-23;174.03283139492603;171.39116944657997;186.6669453137986;202.65207396162316
model_353;24.952764537741604;1.7039049226025364e-44;165.36882538491108;173.49852703987284;189.31303500561003;205.35780594196726
model_354;28.82180074441141;5.998243882292932e-50;155.3635156509724;165.640651297062;178.9303419413465;190.9893318338597
model_355;2.919056074312351;0.00434650952435821;184.3830443037317;169.60202805539396;187.58306636566812;205.77487702065326
model_356;11.883013537167463;9.12990899964755e-21;174.83263413449552;167.50120219778506;184.78574130119162;195.76175056619846
model_357;14.922412102689009;4.4418648722964385e-27;172.8257215783951;170.06546182835356;184.7004329389207;199.16125845401845
model_358;5.88759807720709;5.3805051354581906e-08;176.22124302640876;169.50006103515625;181.26924411043208;196.77553022668718
model_359;9.444937021479666;1.7782158067573217e-15;175.66960355068775;167.98896237637135;184.44352244113352;201.01084672643782
model_35;16.59475776446775;2.3594176837852776e-30;169.09508498171542;168.46640891217172;182.27610931396484;195.9072746114528
model_360;13.235307817595508;1.2577595233442741e-23;171.3618667277884;168.97432497714428;185.39309504082863;203.6303691458195
model_361;3.9430858322336766;0.00015020735772222404;181.59945581314412;170.02440659543302;185.21072624206542;198.90398163491108
model_362;1.7394061555659734;0.08507144596931995;185.2376468739611;175.8911636027884;186.55636588563308;198.99133365712268
model_363;13.544352681083213;2.8629896536258276e-24;165.62121630729513;162.5249906499335;180.4382906682441;195.4260734395778
model_364;20.255310190009254;5.478020401303682e-37;164.90524097199136;169.3693626890791;183.87474157942106;201.57480799898187
model_365;9.463496553613053;1.6199700828037944e-15;174.5262717389046;167.87547643133934;183.11421072452632;196.2178020071476
model_366;11.654164708480584;2.8276597491534597e-20;176.79084193452874;174.06132409927693;187.03366258012483;202.8962285467919
model_367;17.89720449244872;8.484794730756033e-33;168.71883311170214;173.3539959522004;188.81370689879077;206.73775595807015
model_368;12.126154911629495;2.7593136014157924e-21;173.05039004062084;169.85448082457197;185.6845832337724;204.00548878121884
model_369;1.1884700741625527;0.23749140600377727;181.25657588877576;168.49257270326007;182.39184900649047;197.9856080400183
model_36;22.412362491137902;1.444350591133454e-40;164.20539612465717;168.4634055279671;183.14294250975266;196.38418254446475
model_370;5.904464496963341;4.988858744653741e-08;177.8604018840384;167.57919538782;183.35104913752127;201.03097339386636
model_371;12.98341502992544;4.233790062890021e-23;178.19226561201378;175.88723202969166;191.37899180148506;209.95045211467337
model_372;9.047247153296777;1.3075918216880988e-14;180.23763064120678;174.82880158120014;188.9143845221337;203.8867521894739
model_373;11.937902520258854;6.965796872029256e-21;171.744369831491;166.5350721643326;183.29271275784103;199.30792690845246
model_374;22.530094437677107;9.353441520113637e-41;165.0584405127992;170.13506885285074;182.48041013352412;195.71731307658743
model_375;25.629697712596048;1.7113912329423205e-45;165.53059939120678;174.78517605396027;187.31797437951923;200.22954932679522
model_376;17.329016902077942;9.624917836052726e-32;172.14943305482257;175.08986452792553;188.2293544160559;208.74517367748504
model_377;16.535355845482385;3.065552273801324e-30;169.0046165953291;169.09934802765542;184.69765662659992;201.02204570364444
model_378;25.922160343257474;6.4290861467068005e-46;156.6223136414873;166.699192452938;180.91945772536258;197.31790875374003
model_379;15.018055988220842;2.858982653324868e-27;168.83247213160737;167.18762986203458;183.45986633950096;199.57570599495097
model_37;12.273188856823316;1.341487572471206e-21;166.86665360471036;165.14759420841298;178.93365590683956;194.9848509443567
model_380;16.01710448700856;3.0672403410067164e-29;166.65748709820687;167.30005726915724;183.54407810454674;202.50645641570395
model_381;4.909626886153538;3.6002561771537626e-06;178.45774484188;168.01608828280834;183.20521828347063;199.3179240125291
model_382;30.624102632982204;2.6956617018588383e-52;157.2815249828582;171.7073779816323;183.82205776458085;200.1387822577294
model_383;7.839585837021617;5.286224473484031e-12;174.96509860424285;166.938754467254;183.21042112472205;200.55391352227394
model_384;26.556711815318103;7.903018917394138e-47;164.86974610673622;172.83910353640292;185.12797431134163;195.96035279618934
model_385;21.33318434453266;8.336423547030006e-39;165.45200396598653;172.22951523801115;184.76027143762465;201.79784117353722
model_386;3.095992117850406;0.0025514215762829627;177.46524242644614;164.2814775832156;180.2821598702289;194.6904014425075
model_387;20.085111270117068;1.0742796865046495e-36;162.39676877285572;168.26406405834442;184.9422213923677;205.1625401922997
model_388;10.377653066979752;1.6434684516662896e-17;170.76502049222907;167.89308036641873;179.37812578241875;193.38457148125832
model_389;23.334900552951755;4.997158052223827e-42;164.73458764908162;171.2645484437334;185.2254722497818;199.21721438144115
model_38;20.87705112359181;4.81846916959336e-38;165.9838578244473;168.6536482141373;181.62512047138625;195.14389849723653
model_390;4.033623863030477;0.00010815343074321091;177.37086714074968;167.74865170742603;180.72389142949535;195.74785792573968
model_391;8.95328173315046;2.093460169387418e-14;173.61137146645405;167.2102482572515;182.1742594146728;196.9741113540974
model_392;18.97552260846474;9.451738632860442e-35;165.34423243745843;169.64780474723653;180.29053014714668;193.23331597510804
model_393;16.366096389931606;6.479796719758318e-30;169.69263604346742;170.93377036236703;182.12680858206244;194.31315904982546
model_394;12.370086196597223;8.348756694899648e-22;172.67921934736535;169.7154489070811;184.24377909234235;198.5847531582447
model_395;29.85884035918646;2.5910010729501372e-51;158.6973516585979;169.36299263162815;187.2244778036564;201.5169197244847
model_396;22.58665448184473;7.595460313068055e-41;164.45428953779503;170.04742658899187;185.7903614953224;201.53163796282828
model_397;22.43346044574385;1.3360034181516844e-40;163.15962446496843;170.50251250571392;185.55337063403837;204.02647562229888
model_398;-1.2083466861702108;0.22979232584544798;188.34017554749835;171.07863340986535;187.08863053991436;207.1230059684591
model_399;14.290484756664812;8.392078878714681e-26;173.28150534122548;173.13081100139212;188.93888991335606;209.97480254477642
model_39;10.144261390928232;5.3013531562078184e-17;176.57369118548453;172.00908027811252;185.30704710940103;200.28852568281457
model_3;10.58907031349857;5.696449793123674e-18;169.79176265635388;166.09979799960522;180.73852489065615;197.6997359255527
model_400;10.197893791616279;4.050037282323711e-17;177.18896257116438;172.35689203789894;187.08109586188138;205.02399817933428
model_401;-0.82390102420405;0.41197627787611424;183.5678444720329;165.29523646577874;182.7711234608102;197.3682586994577
model_402;8.870926013219998;3.161258501795906e-14;178.19432684715758;170.7098422760659;187.60952067273732;208.14447930518617
model_403;16.95461819513427;4.876845314204897e-31;173.01717782527842;173.34362695572224;187.51287633692965;202.17419985507397
model_404;16.566945051759525;2.6669704175732903e-30;171.99828257459276;172.86958540246843;188.1127862613759;203.6753928001891
model_405;4.320355451708402;3.7086676942315744e-05;181.7959055799119;169.48153913782;186.2380101451468;201.6876581070271
model_406;29.45915712841301;8.606763580994297e-51;158.99236638495262;167.8713299365754;180.82010974965198;193.82316134838348
model_407;16.33140670274113;7.557452983306807e-30;172.83449570676115;174.51765052308428;186.2007583618164;198.36579619062707
model_408;11.335672830340098;1.3721909391351136e-19;171.65897775203624;168.55897976489777;180.85903217883822;193.6386072686378
model_409;16.267191012862114;1.0051540020179453e-29;169.6669009594207;169.81422521712932;187.31246160385456;207.497881625561
model_40;18.792896211196744;2.0037921615348633e-34;164.25409454995014;167.95160853609124;180.98229460046647;196.57387981008975
model_410;11.103902558447048;4.349017156479887e-19;178.03856123254656;174.95717312427277;188.10903501794692;202.59174622880653
model_411;7.735743413949805;8.797342610525867e-12;178.04800512435588;170.711470908307;185.76023537331443;204.6798404125457
model_412;13.502931720874665;3.4890875804007055e-24;169.8564761547332;168.2904338430851;182.77293228311748;197.99519510472075
model_413;19.76448144045465;3.8571004738572704e-36;167.01811283192737;170.37977405304605;183.1310683051576;196.8177418810256
model_414;9.287158551606883;3.9262332465868845e-15;175.25596521255818;168.4484119821102;183.75705621759943;197.32613681225067
model_415;16.350579763813254;6.941271024964141e-30;171.24280337069897;173.4620140562666;187.6446631800875;205.75536265271776
model_416;22.9259266712396;2.1948356028035436e-41;162.98728163698885;169.64471857598488;183.36078721391394;197.42420797145112
model_417;6.568780822751024;2.375114649629907e-09;179.6296915906541;172.84148114792845;185.87062824655084;203.3213510716215
model_418;15.136312942538726;1.6606825020553412e-27;172.60863640967835;172.50378093313662;187.33114013671877;202.45786723684756
model_419;16.48686133118888;3.797330215436512e-30;168.52873652032082;166.8423952143243;185.30015049386537;202.11383998140374
model_41;9.965093190780882;1.3036312246031876e-16;178.41311775369846;173.90897515479554;186.34088908905684;199.32886034377077
model_420;3.378246584608525;0.0010442740086905274;181.8927842809799;170.34992396577874;184.90990960628426;199.32370579496344
model_421;16.73977030787001;1.2475174542610393e-30;164.10160178326547;164.7405074099277;180.21318993264057;197.19220035634143
model_422;22.481152831610242;1.1202992911755483e-40;159.3340226843002;164.639317938622;180.44011510321437;195.5841992966672
model_423;11.597306369909836;3.746875759783098e-20;176.1225965783951;173.13975719695395;188.15883205008;207.3775183495055
model_424;14.06714970317481;2.3979102898082014e-25;174.94986870948304;173.88585159626413;187.25403492704348;202.46466583901264
model_425;5.934407449200802;4.361476313876668e-08;176.55283144687084;167.54709316821808;181.42131945508595;193.7595451841963
model_426;18.495521784708124;6.872359273546451e-34;170.01170836103722;174.98679205711852;185.29524422828183;200.99098075704373
model_427;13.848066246765894;6.753570654857493e-25;169.42547932076963;167.37734887955037;182.60489007665763;200.08307144489694
model_428;22.582839018179904;7.702801311967554e-41;160.97285396494763;168.0924215113863;182.01535502332325;198.05377619317238
model_429;17.67400954578027;2.192049611285305e-32;166.66178325896567;169.4064847256275;182.98835434122287;198.29244995117188
model_42;4.236605179176972;5.093198757256572e-05;183.22566060816987;173.7356002482962;186.49965986373576;200.8193502223238
model_430;16.438531631547566;4.701764239566987e-30;169.15491274569897;168.50944648905002;182.39561371174267;194.7332680884828
model_431;19.309060093725027;2.4217995456845374e-35;165.81958933079497;168.1505010077294;181.71882844640857;195.61198457758476
model_432;20.40080984981082;3.0886877841080713e-37;167.72024016684674;171.25578145777925;188.01520783606992;203.0616912841797
model_433;16.992018512826057;4.143730171928185e-31;167.55480859634724;169.2855510305851;184.8910461766669;201.86484316562084
model_434;11.930346523504115;7.230012538401762e-21;170.12930654972158;167.1445578717171;181.16102013932897;197.1135776600939
model_435;20.687740659518557;1.0051887811622077e-37;166.44299738457863;170.74262610902178;184.53368700717357;198.8158822566905
model_436;19.06573766725628;6.53081601327011e-35;165.8972408213514;171.52534841983876;184.74021740365532;201.64760540901347
model_437;22.488829507473383;1.0890177505825954e-40;162.45870208740234;167.71350682035407;182.60213021785657;197.08357823148688
model_438;16.517983449168167;3.309777116876713e-30;168.25311506555437;169.20567224380818;184.66499162714533;200.259555248504
model_439;17.580806961128342;3.264323597180336e-32;169.57788767713183;169.96528463160737;184.73551332595503;198.7747276793135
model_43;11.845775432980448;1.0970769920188073e-20;172.20874932471742;168.09634837698428;182.84888964551558;199.40784275785407
model_440;14.22525699858149;1.1396707390005317e-25;170.73833838929522;170.5219362948803;187.0642291324697;208.26428514845827
model_441;8.977479361242876;1.8545826895937954e-14;172.69478753272523;166.33588782777178;181.16503225772942;196.59293998555935
model_442;25.699355685633474;1.3544109561964565e-45;162.14496823574635;171.7989047436004;185.54719548002205;200.14675318941156
model_443;3.2828934649895767;0.00142045564131955;181.18614651294465;170.35242575787484;184.10549793162244;198.1921503594581
model_444;26.363166916006623;1.4918021228507651e-46;155.31476771577874;166.605878140064;179.88108637058988;197.78541759734458
model_445;16.175250547798274;1.5134169340486436e-29;168.86295367301778;170.0730344082447;183.3010335070022;198.50852446860455
model_446;15.500233095891105;3.154633748298432e-28;168.3126409003075;166.93100592430602;181.8801807306168;196.9719283732962
model_447;24.710654462082463;3.919488092610205e-44;165.7926190964719;171.51062076649768;189.10493260809716;204.00231608938662
model_448;10.102444436018327;6.53989904698769e-17;172.73789231320646;165.16728632500832;182.12499856015467;200.19720264191324
model_449;18.685752397216504;3.119974646198093e-34;167.05572168877785;168.8465452802942;184.69081881421675;199.43400898385556
model_44;9.355811331119819;2.781801696910033e-15;173.65944006087932;166.5447209135015;183.53489365597991;201.04668264186128
model_450;10.710323529992015;3.1046227004033274e-18;172.67155326680935;168.11103398749168;183.17145660887377;200.55468814931018
model_451;11.930098223429228;7.238863609207914e-21;172.37062640900308;164.78835734915225;185.39363394716952;203.5268963752909
model_452;16.081297589672744;2.3017267487728514e-29;172.98691234182803;171.94780942226978;186.36902873749435;199.38357089428192
model_453;13.54963734640273;2.791689601320581e-24;167.1125267515791;162.60599842477353;179.55874713167228;196.03678601853392
model_454;13.252302079066743;1.1591426234008968e-23;169.1086948475939;165.7107414083278;183.3051747244977;201.10575769302693
model_455;16.89474615201141;6.332210618129574e-31;167.22155534460188;166.81932587319233;184.77220889477016;200.06760617519947
model_456;12.15561600884233;2.387690731279205e-21;170.1465684606674;165.66579843074717;181.73013298359322;197.63882186564993
model_457;17.83562175162644;1.1017988890010777e-32;168.85821013754986;172.4844344118808;184.9208125986951;199.98668589490526
model_458;14.991118541083235;3.236354269006916e-27;174.4194696304646;175.5696021546709;189.55774902993065;209.18784056318566
model_459;6.29715087012909;8.374653348408031e-09;185.2944024268617;177.44546021806434;191.2419714436633;206.78125324655088
model_45;7.386490626878647;4.823728810167966e-11;175.2244749677942;167.90715773562167;182.18340346965385;198.41021306464012
model_460;11.318224556144202;1.4965115673706145e-19;172.6237627394656;165.84135988925365;185.11147104141557;202.09678877160906
model_461;-0.6693181173525984;0.5048505199592934;188.84818413917054;172.21545377690742;188.15823651902213;206.73039765053608
model_462;10.123109398334792;5.895331283650746e-17;177.8404894889669;172.14994000374003;188.06009071512423;204.09529925407247
model_463;9.51446250529052;1.254125909003689e-15;175.36687826603017;168.2681227339075;183.40344213769785;196.3528643668966
model_464;6.06998844521349;2.3648016470242887e-08;180.7363867252431;169.8387522595994;186.79800840986533;203.19775163366438
model_465;24.009794643279736;4.5200093947529734e-43;168.92119906811004;173.4011779135846;186.6918321033234;198.7342052053898
model_466;11.84253217528502;1.1147743370189432e-20;171.2483705561212;166.49507595630402;181.9430529720225;195.56473167906415
model_467;27.640313259713732;2.402498385366788e-48;154.08202378293302;166.99049117717337;182.46139048474902;203.6872461197224
model_468;22.13116883048018;4.102864414882698e-40;162.73803499911693;167.43093352622174;183.9202415579938;201.95077319855386
model_469;12.15384447257135;2.408545213907815e-21;174.68446074140832;169.8968694159325;186.81031097168622;201.356986187874
model_46;23.096078451977085;1.1832146354998586e-41;167.37940118667927;174.04925277385306;188.25349857736143;206.9299342378657
model_470;7.821687973787243;5.771858359601706e-12;179.64314919329703;172.72026678856383;186.63126650221807;202.61681999044217
model_471;18.70770229770229;2.8490849518327157e-34;164.64085615442156;165.69117996540476;180.96134951165382;194.44641665194897
model_472;14.170395260046059;1.4748017193713967e-25;171.19894668903757;169.74415133861785;187.6041076303036;206.85592553970662
model_473;8.621901019360864;1.0967758456138347e-13;176.07240522668718;170.00890886022688;183.6487746835262;201.65945564432346
model_474;11.48775013399099;6.448930989945464e-20;173.91776421729554;167.8336227092337;183.54284135290916;197.76141909335522
model_475;7.257639775202488;8.992419576220366e-11;181.2413338194502;172.4296397757023;189.74201202230248;208.21377238821475
model_476;20.69897239041929;9.621661312365373e-38;174.63691873753325;179.56148480354472;193.92223545480283;211.0222239392869
model_477;20.01182069576882;1.4372660969247337e-36;174.60722610798288;177.66903459264876;195.0165518009916;211.55025887996592
model_478;14.81670244791824;7.2380096295524e-27;171.65926279920214;171.24073856434924;183.71004053156426;198.23568108741273
model_479;13.241153398970075;1.2229214507297516e-23;175.11366142110623;173.50187926596783;187.75907844543457;203.53540915631234
model_47;13.093314174222426;2.4911318914068683e-23;174.87748620865193;175.59343995439247;188.3958026187978;204.74454871644366
model_480;15.13654501923455;1.6589158003886914e-27;168.92622310557263;168.26521690855634;180.9297595393404;193.9222749750665
model_481;17.268821378729783;1.2479094614358105e-31;165.15105649258228;167.79518874148104;180.8997760935033;199.4739749989611
model_482;11.580519100155215;4.071740531410515e-20;172.04765189962185;167.1352016367811;183.30746965286585;201.11054148572558
model_483;30.564127899173474;3.2134234328825796e-52;160.74796181536735;172.67029879955535;190.16988918060957;202.19382720297955
model_484;20.192365983838123;7.024565236467929e-37;161.0885621740463;164.66286679531666;178.53164007146304;194.256850871634
model_485;15.384144036464747;5.349093286642318e-28;166.21752605032412;167.5299432632771;182.46835359613945;199.72166929853722
model_486;6.10171338946217;2.047540264838081e-08;178.7674752093376;168.04831289737783;184.55357461320597;200.06947553918718
model_487;9.019333847842283;1.5038548296105174e-14;173.94733088067238;168.41263434227477;182.42278288009314;199.13591425469582
model_488;27.010885686674285;1.8040791449203962e-47;158.22435143653382;169.23388704340508;181.98290791775318;199.20318148998504
model_489;11.903900982311663;8.236495652018651e-21;174.1670353666265;169.37196804614777;186.17670866783632;203.01680090072307
model_48;16.958977797628226;4.7850695762496644e-31;167.52451860143782;168.92677047404837;182.8734262620642;199.17767853432514
model_490;19.517483578326942;1.0414070241257446e-35;170.85418895964926;175.08666213015292;186.98681593712337;201.61409191375083
model_491;16.517178770927732;3.3215525231565504e-30;169.02185480645363;168.67266813237617;183.87558564693373;199.89564806349733
model_492;11.03835366470716;6.03004834155501e-19;177.3001683011968;173.47066449104472;188.11722493922463;203.2341811809134
model_493;19.268145593893895;2.859959087811878e-35;168.27610843739612;172.82211790693566;185.99694751496008;202.963221123878
model_494;26.1810293806616;2.7212258618217635e-46;159.69776267193734;167.85732090726813;183.10525154276095;197.41607698481133
model_495;11.456492400811964;7.53069659287648e-20;173.0423850201546;168.66200483606218;184.4447197252639;198.71157025276347
model_496;8.72562629037418;6.535559585509084e-14;178.60726587823098;171.68594035696475;186.89584577032863;203.25366535592588
model_497;14.370218154533436;5.776917502366238e-26;172.02088149050448;172.22630374989612;186.94611956007935;205.62803357712767
model_498;20.307854502188285;4.45276223912992e-37;166.97472397824552;171.38346765396443;186.43001271268153;202.1520041607796
model_499;10.322270236117097;2.1697176171030475e-17;174.51916276647688;170.01562077948387;184.26784906914895;201.85262444678773
model_49;20.380763822891037;3.341901041703577e-37;166.13241073933054;171.45254873722158;186.3981179955665;202.94357105011636
model_4;12.093424662302995;3.240652501349824e-21;172.6933139232879;167.41793920638713;185.92114609089305;202.87002660873088
model_500;5.3010479885644735;7.002548153065271e-07;179.82311687063662;171.64199991429106;184.39624772254462;200.00569120366524
model_50;14.711510986884067;1.1781909312203222e-26;167.54011633041057;167.5698339584026;179.42494973527624;191.9834330132667
model_51;11.487914929219452;6.443661832447567e-20;176.4138592659159;173.63055290059842;184.7341384108523;196.4181900024414
model_52;14.623116249024552;1.7761171124483964e-26;172.05320285228973;170.02128666005237;186.25124230729776;202.51031526606133
model_53;27.599559115424743;2.7345670510378177e-48;160.74174109925616;172.2911854196102;183.6391460012882;197.372881625561
model_54;0.33757593526375934;0.7363974943118323;186.86249266279503;167.958713937313;187.2411514736744;203.01990298007397
model_55;21.448248719532348;5.3756978660070985e-39;167.26631521671376;171.30792788241772;187.09334113263066;205.0579879436087
model_56;13.232699273375667;1.2736257945922698e-23;170.50530746135306;166.7138217357879;183.37165761420067;199.11152259339678
model_57;8.713387913936698;6.947461334939841e-14;176.77645029920214;168.97160469217502;184.95251345695334;201.4363942247756
model_58;20.534710572365228;1.8269764337630144e-37;162.69246998239072;167.66556435442985;187.404541875961;208.89934880682762
model_59;11.56030748013834;4.500579052911662e-20;173.1608529598155;169.4132534595246;183.3697700597885;197.49023469965508
model_5;9.635750676374276;6.819270224337484e-16;171.38046524372507;164.28017376838847;180.88845577321155;198.3594227242977
model_60;16.653188890519928;1.8245210103303487e-30;170.31003554323885;173.18164127431018;187.62747578722363;205.22723713326963
model_61;9.165854613342407;7.21543509964507e-15;175.46454961249168;170.1350867088805;185.19652181909441;204.2956374148105
model_62;14.856504162085402;6.021543228611838e-27;172.00513084898603;171.74708816852976;187.31186115346057;206.48040252036236
model_63;14.276969073468761;8.941116821403496e-26;173.45371830717048;173.50387573242188;184.98021513431632;199.71985609987948
model_64;21.264576917359587;1.0837009356833356e-38;167.79854875929811;172.31776752877744;183.75510384904578;196.60961037493766
model_65;22.525177029758208;9.524445681685671e-41;164.54280674711188;169.7763908873213;186.24537528991704;201.4789058604139
model_66;17.914154748391102;7.896751588136981e-33;168.37662879456866;169.94982342009848;183.80539289758556;196.80746005443817
model_67;9.479759738465875;1.4929175808604862e-15;170.27964328197723;164.43290353328624;179.819480105461;197.19709420711436
model_68;11.120212238000452;4.0095225580924844e-19;177.02249194206075;169.78490561627328;188.3959717754608;206.1325789106653
model_69;5.124520983566065;1.477208557791172e-06;184.48502041431183;175.77633618293925;188.84771835245982;205.96476794303732
model_6;7.2875915284053265;7.782376183341845e-11;178.44174486525515;170.72588397086935;184.7931605270061;199.66564097303026
model_70;10.163686318117216;4.808772874394561e-17;172.89326087464678;164.43189353131234;184.63459507394344;204.9663589152884
model_71;17.138196596356533;2.195924016949041e-31;166.73927047404837;169.24650476333943;182.17395422752867;197.71511548630735
model_72;17.488250050680893;4.853011942523463e-32;168.31119342560464;170.38796185432597;184.57506977811772;198.3613953286029
model_73;6.67487283045924;1.4444352238708459e-09;177.28826514710772;168.17307784709524;183.7663898321923;199.581174809882
model_74;16.90343331819662;6.096588378358717e-31;166.97055832883146;167.8421367888755;184.26007407817437;201.08097449769366
model_75;21.732311816803797;1.8317445156443785e-39;164.03363929910861;168.90908910873088;183.03922759685113;199.10913410592588
model_76;11.031197811912348;6.249152766176404e-19;172.74206120917137;169.82354703862617;183.52835328771707;197.75936694855386
model_77;7.877272276733796;4.392535204558134e-12;174.6123858512716;167.60366107047872;181.96384840295667;197.1116180419922
model_78;23.484127064970167;2.925290535735443e-42;162.92253372517038;169.4132688806412;186.14621868539365;201.50814170025765
model_79;18.45255987228084;8.219238193464189e-34;162.1112789397544;165.268355673932;183.88784951067984;206.56585108980218
model_7;7.15248460007106;1.4916516256018356e-10;172.732870710657;165.92321452688662;178.70266679155066;192.79711508243642
model_80;16.09425236665708;2.1722843887590513e-29;173.2140226972864;171.33202995137967;186.97485775399716;199.29885247413148
model_81;6.981701958764;3.378002696581441e-10;175.97695857920544;165.7944212568567;182.60657518752075;198.6302152593085
model_82;13.879457255029205;5.820411291324114e-25;171.655391774279;169.05179255059426;185.51496827308165;201.80269509173453
model_83;19.428988256417895;1.4892188759556756e-35;168.59838217877328;171.62096323865526;185.2842495078229;200.6406753215384
model_84;12.102064597437575;3.1059538420643575e-21;173.01618567933428;170.74141482089428;184.57544263312153;201.36462499740276
model_85;18.532286349728757;5.8975551377059494e-34;165.47488500716838;168.0384284486162;181.93750221090116;195.25838519157247
model_86;11.155466266948142;3.3636902137249113e-19;179.7648643331325;173.35770302630485;191.62208735202225;209.5120323668135
model_87;6.117821759089186;1.9028985370250803e-08;179.27514551040974;168.4342641627535;185.0921696910452;201.3795688710314
model_88;11.820797051177218;1.2409990768447024e-20;176.5567318530793;172.7712827641913;187.35805515370467;201.3014370532746
model_89;13.286777948134048;9.8228838462821e-24;172.25392702792553;166.8405389988676;185.3731223816567;201.03080781977226
model_8;22.426142739930956;1.372622253406972e-40;164.20004142598904;170.9321578005527;181.51143544785526;194.756757046314
model_90;15.873584359815188;5.83913023339626e-29;170.46862922830783;170.84393862460522;187.8620613455265;207.21182608097158
model_91;18.19262024005205;2.4392437999668314e-33;170.01852741647275;172.24760144822142;184.80058665255282;198.0113859785364
model_92;19.616525618782873;6.986565661978027e-36;166.4302377903715;170.284330002805;185.31743581731266;203.2436000742811
model_93;23.1638586116965;9.258707695819034e-42;156.4487587137425;165.16411412015876;182.74741197951295;201.76700997859874
model_94;21.14187162709079;1.734868018973853e-38;170.1751963838618;173.06540014388713;186.33115052568155;198.20333732442654
model_95;23.698593035696465;1.3606603586104748e-42;160.64810407922624;168.79380149029672;181.41612893449502;199.02093440928357
model_96;12.96428726214085;4.643791393050614e-23;172.86117813435007;169.18743377036236;182.55066567441247;194.62656240260347
model_97;12.49772263874728;4.475866435967989e-22;168.32561005937293;163.52606233637383;181.37953269796165;199.03525397118102
model_98;12.99132323421463;4.0750888455702143e-23;169.61213164633892;167.642604422062;180.1117068237954;193.71564370013297
model_99;5.895603379758796;5.1909861390431894e-08;178.35370360029503;167.17220971939412;183.58625540550722;197.87070107967295
model_9;23.615169066257238;1.8314872431355916e-42;162.9134458176633;171.11647260949968;183.96563603177987;202.25089442476312
