date,price,cpi,adjprice
1/2/2017,1145.9,799.5,143.3270794
1/3/2017,1151,812.4,141.6789759
1/4/2017,1164.3,818.9,142.1785322
1/5/2017,1176.7,829.4,141.8736436
1/6/2017,1175.9,831.2,141.4701636
1/9/2017,1178.5,845.1,139.4509525
1/10/2017,1189.5,855.7,139.0089985
1/11/2017,1178.6,863.4,136.5068334
1/12/2017,1205.1,865.7,139.2052674
1/13/2017,1190.4,855.6,139.1304348
1/16/2017,1203,869.3,138.3872081
1/17/2017,1216.1,874,139.1418764
1/18/2017,1214.8,872.1,139.2959523
1/19/2017,1196.1,866.4,138.0540166
1/20/2017,1200.6,865.5,138.7175043
1/23/2017,1212.9,870.4,139.3497243
1/24/2017,1216.8,873.7,139.2697722
1/25/2017,1195,865.2,138.1183541
1/26/2017,1189.7,864.5,137.6171197
1/27/2017,1184.9,860.5,137.6990122
1/30/2017,1192.8,857.6,139.0858209
1/31/2017,1212.8,870.8,139.2742306
2/1/2017,1203.7,863.7,139.3655204
2/2/2017,1222,870.3,140.4113524
2/3/2017,1215.2,861.8,141.0071942
2/6/2017,1226.8,868.9,141.1900104
2/7/2017,1231,877.9,140.2209819
2/8/2017,1242.1,882.7,140.715985
2/9/2017,1236.8,875.1,141.3324192
2/10/2017,1228.3,869.7,141.2326089
2/13/2017,1222.3,864.8,141.3390379
2/14/2017,1230.8,870,141.4712644
2/15/2017,1224.4,865.7,141.4346771
2/16/2017,1240.6,875.4,141.7180717
2/17/2017,1242,873.8,142.137789
2/20/2017,1237.3,868.4,142.4804238
2/21/2017,1233.2,867,142.2376009
2/22/2017,1236.7,865.9,142.8224968
2/23/2017,1247.9,869.4,143.5357718
2/24/2017,1253.7,876.9,142.9695518
2/27/2017,1257.2,879.1,143.0098965
2/28/2017,1255.6,881.1,142.5036886
3/1/2017,1240.4,875.1,141.7438007
3/2/2017,1238.1,877.2,141.1422709
3/3/2017,1226.5,871.3,140.7666705
3/6/2017,1231,872.8,141.04033
3/7/2017,1216.7,859.6,141.5425779
3/8/2017,1209.2,859.5,140.6864456
3/9/2017,1206.6,861.6,140.0417827
3/10/2017,1202.7,854.8,140.6995788
3/13/2017,1204.2,855.8,140.7104464
3/14/2017,1204.6,854.2,141.0208382
3/15/2017,1198.8,847.1,141.5181206
3/16/2017,1229.4,857.3,143.4037093
3/17/2017,1229.6,856.2,143.6113058
3/20/2017,1232.4,858.3,143.5861587
3/21/2017,1241.6,862.9,143.886893
3/22/2017,1249.1,868.7,143.7895706
3/23/2017,1247.5,869.6,143.4567617
3/24/2017,1247.5,867.4,143.8206133
3/27/2017,1257.6,873.2,144.0219881
3/28/2017,1257.3,873.7,143.9052306
3/29/2017,1251.1,872.5,143.3925501
3/30/2017,1248.8,868.3,143.8212599
3/31/2017,1244.9,867.1,143.5705224
4/3/2017,1247.3,869.4,143.4667587
4/4/2017,1257.7,878.5,143.1644849
4/5/2017,1245.8,873.3,142.6542998
4/6/2017,1252.5,878.7,142.5401161
4/7/2017,1266.5,889,142.4634421
4/10/2017,1250.1,878.5,142.2993739
4/11/2017,1252.9,878.9,142.5531915
4/12/2017,1274.3,889.4,143.2763661
4/13/2017,1284.2,894.7,143.5341455
4/14/2017,1284.2,894.7,143.5341455
4/17/2017,1284.2,894.4,143.5822898
4/18/2017,1279,892.3,143.3374426
4/19/2017,1279.1,891.8,143.42902
4/20/2017,1282.1,892.3,143.6848594
4/21/2017,1281.9,891.7,143.7591118
4/24/2017,1269.4,875.2,145.0411335
4/25/2017,1267.8,874.1,145.0406132
4/26/2017,1261.9,867.6,145.4472107
4/27/2017,1262.8,866.9,145.6684739
4/28/2017,1266.5,869.4,145.6751783
5/1/2017,1266.5,869.3,145.691936
5/2/2017,1255.5,859,146.1583236
5/3/2017,1250.3,855.3,146.182626
5/4/2017,1228.5,842.4,145.8333333
5/5/2017,1228.1,842.4,145.78585
5/8/2017,1229.8,845.6,145.4351939
5/9/2017,1220.4,842.4,144.8717949
5/10/2017,1223,844.5,144.8194198
5/11/2017,1223.2,843.8,144.9632614
5/12/2017,1231.3,846.9,145.389066
5/15/2017,1233.3,845.6,145.8491012
5/16/2017,1234.2,872.5,141.4555874
5/17/2017,1257.4,872.6,144.0980976
5/18/2017,1255.9,872.8,143.8932172
5/19/2017,1252,872.9,143.4299462
5/22/2017,1258.9,873.1,144.1873783
5/23/2017,1260.2,873.2,144.3197435
5/24/2017,1252.6,873.4,143.4165331
5/25/2017,1257,873.5,143.9038351
5/26/2017,1265.1,873.7,144.7979856
5/29/2017,1265.1,873.8,144.7814145
5/30/2017,1262.7,873.9,144.4902163
5/31/2017,1266.2,874.1,144.8575678
6/1/2017,1264.9,874.2,144.6922901
6/2/2017,1275,874.4,145.8142726
6/5/2017,1280,874.5,146.3693539
6/6/2017,1293.5,874.7,147.8792729
6/7/2017,1291,874.8,147.5765889
6/8/2017,1273.1,875,145.4971429
6/9/2017,1266.6,875.1,144.7377443
6/12/2017,1266.4,875.3,144.6818234
6/13/2017,1262,875.4,144.1626685
6/14/2017,1275.5,875.6,145.6715395
6/15/2017,1254.6,875.7,143.2682425
6/16/2017,1255.4,875.8,143.343229
6/19/2017,1248.2,876,142.4885845
6/20/2017,1242.2,876.1,141.7874672
6/21/2017,1242.5,876.3,141.7893415
6/22/2017,1250.8,876.4,142.7202191
6/23/2017,1255.7,876.6,143.2466347
6/26/2017,1245.3,876.7,142.0440287
6/27/2017,1249.6,876.9,142.5019957
6/28/2017,1248,877,142.3033067
6/29/2017,1243.5,877.2,141.7578659
6/30/2017,1242.3,877.3,141.6049242
7/3/2017,1229.3,877.5,140.0911681
7/4/2017,1223.8,877.6,139.4484959
7/5/2017,1220.3,877.8,139.0179995
7/6/2017,1224.9,877.9,139.5261419
7/7/2017,1215.7,878,138.4624146
7/10/2017,1211.9,878.2,137.9981781
7/11/2017,1211.1,878.3,137.8913811
7/12/2017,1218.8,878.5,138.7364826
7/13/2017,1218.9,878.6,138.7320738
7/14/2017,1230.3,878.8,139.9977242
7/17/2017,1234.1,878.9,140.4141541
7/18/2017,1240.8,879.1,141.1443522
7/19/2017,1242.2,879.2,141.2875341
7/20/2017,1238.7,879.4,140.8574028
7/21/2017,1248.6,879.5,141.9670267
7/24/2017,1255.6,879.7,142.7304763
7/25/2017,1254.4,879.8,142.5778586
7/26/2017,1248.1,880,141.8295455
7/27/2017,1261.1,880.1,143.2905352
7/28/2017,1264.9,880.2,143.7059759
7/31/2017,1267.6,880.4,143.9800091
8/1/2017,1271,880.5,144.3498012
8/2/2017,1269.6,880.7,144.1580561
8/3/2017,1268.1,880.8,143.9713896
8/4/2017,1257.7,881,142.7582293
8/7/2017,1258,881.1,142.7760754
8/8/2017,1261.8,881.3,143.1748553
8/9/2017,1271.1,881.4,144.2137509
8/10/2017,1284.4,881.6,145.6896552
8/11/2017,1286.1,881.7,145.8659408
8/14/2017,1282.3,881.9,145.401973
8/15/2017,1270.3,882,144.0249433
8/16/2017,1272.8,882.1,144.2920304
8/17/2017,1285.2,882.3,145.6647399
8/18/2017,1295.8,882.4,146.8495014
8/21/2017,1292.9,882.6,146.4876501
8/22/2017,1284.2,882.7,145.4854424
8/23/2017,1286.7,882.9,145.7356439
8/24/2017,1289,883,145.9796149
8/25/2017,1285.3,883.2,145.5276268
8/28/2017,1285.3,883.3,145.5111514
8/29/2017,1318.7,883.5,149.2586304
8/30/2017,1308.5,883.6,148.0873699
8/31/2017,1311.8,883.8,148.427246
9/1/2017,1320.4,883.9,149.3834144
9/4/2017,1333.1,884.1,150.7861102
9/5/2017,1335.6,884.2,151.0517982
9/6/2017,1337.9,884.3,151.2948095
9/7/2017,1343.5,884.5,151.8937253
9/8/2017,1346.3,884.6,152.1930816
9/11/2017,1334.2,884.8,150.7911392
9/12/2017,1326.5,884.9,149.9039439
9/13/2017,1327.6,885.1,149.9943509
9/14/2017,1324.6,885.2,149.6384998
9/15/2017,1322.9,885.4,149.4126948
9/18/2017,1312.1,885.5,148.1761717
9/19/2017,1309.6,885.7,147.8604494
9/20/2017,1311.3,885.8,148.035674
9/21/2017,1292.1,886,145.8352144
9/22/2017,1294.8,886.1,146.1234624
9/25/2017,1293.3,886.3,145.9212456
9/26/2017,1300.1,886.4,146.6719314
9/27/2017,1282.6,886.5,144.6813311
9/28/2017,1283.4,886.7,144.7389196
9/29/2017,1283.1,886.8,144.6887686
10/2/2017,1273.7,887,143.5963923
10/3/2017,1271.3,887.1,143.3096607
10/4/2017,1274.3,887.3,143.6154626
10/5/2017,1274.5,887.4,143.6218165
10/6/2017,1261.8,887.6,142.15863
10/9/2017,1278.8,887.7,144.0576771
10/10/2017,1291.4,887.9,145.4443068
10/11/2017,1289.3,888,145.1914414
10/12/2017,1290.3,888.2,145.2713353
10/13/2017,1299.6,888.3,146.301925
10/16/2017,1303.3,888.4,146.7019361
10/17/2017,1284.8,888.6,144.5869908
10/18/2017,1280.2,888.7,144.0531113
10/19/2017,1286.4,888.9,144.718191
10/20/2017,1281.2,889,144.1169854
10/23/2017,1274.9,889.2,143.3760684
10/24/2017,1276.5,889.3,143.5398628
10/25/2017,1275,889.5,143.3389545
10/26/2017,1273.8,889.6,143.1879496
10/27/2017,1266.5,889.8,142.3353563
10/30/2017,1272,889.9,142.9374087
10/31/2017,1270.2,890.1,142.7030671
11/1/2017,1277.1,890.2,143.4621433
11/2/2017,1279.2,890.4,143.6657682
11/3/2017,1267.2,890.5,142.3020775
11/6/2017,1270.9,890.6,142.7015495
11/7/2017,1275.6,890.8,143.1971262
11/8/2017,1284,890.9,144.1239196
11/9/2017,1284.8,891.1,144.1813489
11/10/2017,1284.3,891.2,144.1090664
11/13/2017,1278,891.4,143.3699798
11/14/2017,1274.6,891.5,142.9725182
11/15/2017,1282.2,891.7,143.7927554
11/16/2017,1280,891.8,143.5299394
11/17/2017,1284.4,892,143.9910314
11/20/2017,1286.2,892.1,144.1766618
11/21/2017,1283.3,892.3,143.8193433
11/22/2017,1287,892.4,144.2178395
11/23/2017,1290.4,892.5,144.5826331
11/24/2017,1290.5,892.7,144.5614428
11/27/2017,1294.9,892.8,145.0380824
11/28/2017,1291.9,893,144.6696529
11/29/2017,1283.9,893.1,143.7576979
11/30/2017,1280.2,893.3,143.3113176
12/1/2017,1275.5,893.4,142.7691963
12/4/2017,1273.5,893.6,142.5134288
12/5/2017,1266.3,893.7,141.6918429
12/6/2017,1263.7,893.9,141.3692807
12/7/2017,1255,894,140.3803132
12/8/2017,1250.7,894.2,139.8680385
12/11/2017,1247.2,894.3,139.461031
12/12/2017,1240.9,894.5,138.725545
12/13/2017,1242.7,894.6,138.9112452
12/14/2017,1251,894.7,139.8234045
12/15/2017,1254.6,894.9,140.1944351
12/18/2017,1260.6,895,140.849162
12/19/2017,1260.4,895.2,140.795353
12/20/2017,1264.6,895.3,141.2487434
12/21/2017,1264.6,895.5,141.2171971
12/22/2017,1264.6,895.6,141.2014292
12/25/2017,1264.6,895.8,141.169904
12/26/2017,1264.6,895.9,141.1541467
12/27/2017,1279.4,896.1,142.7742439
12/28/2017,1291,896.2,144.0526668
12/29/2017,1291,896.4,144.0205266
1/1/2018,1291,896.5,144.0044618
1/2/2018,1312.1,896.7,146.3254154
1/3/2018,1314.9,896.8,146.6213202
1/4/2018,1314.5,896.9,146.5603746
1/5/2018,1317.2,897.1,146.8286702
1/8/2018,1320,897.2,147.124387
1/9/2018,1311,897.4,146.0887007
1/10/2018,1319.8,897.5,147.0529248
1/11/2018,1323.1,897.7,147.3877687
1/12/2018,1326.8,897.8,147.7834707
1/15/2018,1339.3,898,149.142539
1/16/2018,1333.9,898.1,148.5246632
1/17/2018,1335.7,898.3,148.6919737
1/18/2018,1332.2,898.4,148.2858415
1/19/2018,1335,898.6,148.5644336
1/22/2018,1332.6,898.7,148.2808501
1/23/2018,1333.4,898.8,148.35336
1/24/2018,1353.7,899,150.5784205
1/25/2018,1355,899.1,150.7062618
1/26/2018,1353.2,899.3,150.4725898
1/29/2018,1343.9,899.4,149.4218368
1/30/2018,1344.9,899.6,149.4997777
1/31/2018,1345.1,899.7,149.5053907
2/1/2018,1341.4,899.9,149.0610068
2/2/2018,1331.2,900,147.9111111
2/5/2018,1333.6,900.2,148.1448567
2/6/2018,1331.4,900.3,147.8840387
2/7/2018,1324.7,900.5,147.1071627
2/8/2018,1315.5,900.6,146.0692871
2/9/2018,1314.1,900.8,145.8814387
2/12/2018,1322.3,900.9,146.7754468
2/13/2018,1325.4,901,147.1032186
2/14/2018,1336.3,901.2,148.280071
2/15/2018,1352.5,901.3,150.061023
2/16/2018,1352.1,901.5,149.9833611
2/19/2018,1346.6,901.6,149.3566992
2/20/2018,1339.9,901.8,148.5806165
2/21/2018,1330.5,901.9,147.5218982
2/22/2018,1328.4,902.1,147.2564017
2/23/2018,1328,902.2,147.1957437
2/26/2018,1333.5,902.4,147.7726064
2/27/2018,1325.8,902.5,146.9030471
2/28/2018,1317.9,902.7,145.9953473
3/1/2018,1307.8,902.8,144.8604342
3/2/2018,1322.3,902.9,146.4503267
3/5/2018,1320.4,903.1,146.2075075
3/6/2018,1331.4,903.2,147.4092117
3/7/2018,1329.4,903.4,147.1551915
3/8/2018,1321,903.5,146.2091865
3/9/2018,1320.6,903.7,146.1325661
3/12/2018,1319.2,903.8,145.9614959
3/13/2018,1322.8,904,146.3274336
3/14/2018,1323.6,904.1,146.3997345
3/15/2018,1318.8,904.3,145.8365587
3/16/2018,1310.1,904.4,144.8584697
3/19/2018,1312.4,904.6,145.0806987
3/20/2018,1311,904.7,144.9099149
3/21/2018,1321.4,904.9,146.0271853
3/22/2018,1329.2,905,146.8729282
3/23/2018,1346.6,905.1,148.7791404
3/26/2018,1352.4,905.3,149.3869436
3/27/2018,1341.5,905.4,148.1665562
3/28/2018,1332.5,905.6,147.1400177
3/29/2018,1323.9,905.7,146.1742299
3/30/2018,1323.9,905.9,146.1419583
4/2/2018,1323.9,906,146.1258278
4/3/2018,1333.5,906.2,147.1529464
4/4/2018,1337.3,906.3,147.5559969
4/5/2018,1327.7,906.5,146.4644236
4/6/2018,1331.2,906.6,146.8343261
4/9/2018,1332,906.8,146.8901632
4/10/2018,1339,906.9,147.6458264
4/11/2018,1350.8,907.1,148.9141219
4/12/2018,1341.4,907.2,147.861552
4/13/2018,1343.7,907.3,148.0987545
4/16/2018,1349.4,907.5,148.6942149
4/17/2018,1342.1,907.6,147.8735126
4/18/2018,1351.5,907.8,148.8764045
4/19/2018,1348.6,907.9,148.5405882
4/20/2018,1336.8,908.1,147.2084572
4/23/2018,1324.3,908.2,145.8158996
4/24/2018,1328.9,908.4,146.2901805
4/25/2018,1321.7,908.5,145.481563
4/26/2018,1320.7,908.7,145.339496
4/27/2018,1321.5,908.8,145.4115317
4/30/2018,1313.2,909,144.4664466
5/1/2018,1307.1,909.1,143.7795622
5/2/2018,1304.2,909.2,143.4447866
5/3/2018,1315.1,909.4,144.611832
5/4/2018,1309.4,909.5,143.9692139
5/7/2018,1309.4,909.7,143.9375618
5/8/2018,1306.6,909.8,143.6139811
5/9/2018,1313.9,910,144.3846154
5/10/2018,1318.8,910.1,144.9071531
5/11/2018,1324.4,910.3,145.4904976
5/14/2018,1319.9,910.4,144.9802285
5/15/2018,1295,910.6,142.2139249
5/16/2018,1291.3,910.7,141.7920281
5/17/2018,1289.5,910.9,141.5632891
5/18/2018,1288.3,911,141.4160263
5/21/2018,1288.4,911.2,141.3959614
5/22/2018,1293.1,911.3,141.8961923
5/23/2018,1289,911.4,141.4307659
5/24/2018,1304.9,911.6,143.1439228
5/25/2018,1303.5,911.7,142.9746627
5/28/2018,1303.5,911.9,142.9433052
5/29/2018,1295.5,912,142.0504386
5/30/2018,1300.7,912.2,142.5893444
5/31/2018,1305.4,912.3,143.0888962
6/1/2018,1294.6,912.5,141.8739726
6/4/2018,1295.5,912.6,141.9570458
6/5/2018,1292.1,912.8,141.5534619
6/6/2018,1300.1,912.9,142.4142841
6/7/2018,1297.3,913.1,142.0764429
6/8/2018,1298.3,913.2,142.1703898
6/11/2018,1299.6,913.3,142.2971641
6/12/2018,1298.7,913.5,142.1674877
6/13/2018,1296.2,913.6,141.8782837
6/14/2018,1302.8,913.8,142.56949
6/15/2018,1285.3,913.9,140.6390196
6/18/2018,1281.6,914.1,140.2034788
6/19/2018,1276.2,914.2,139.5974623
6/20/2018,1274.2,914.4,139.3482065
6/21/2018,1266.2,914.5,138.4581739
6/22/2018,1269.2,914.7,138.7558762
6/25/2018,1268.7,914.8,138.6860516
6/26/2018,1260.3,915,137.7377049
6/27/2018,1254.6,915.1,137.0997705
6/28/2018,1251.6,915.3,136.7420518
6/29/2018,1250.5,915.4,136.6069478
7/2/2018,1247.8,915.5,136.2971054
7/3/2018,1251.8,915.7,136.7041608
7/4/2018,1255.7,915.8,137.1150906
7/5/2018,1255.5,916,137.0633188
7/6/2018,1255.4,916.1,137.0374413
7/9/2018,1262.1,916.3,137.7387319
7/10/2018,1254,916.4,136.8398079
7/11/2018,1251.4,916.6,136.5262928
7/12/2018,1245.9,916.7,135.9114214
7/13/2018,1241.7,916.9,135.4237103
7/16/2018,1241.1,917,135.3435115
7/17/2018,1232.8,917.2,134.4090711
7/18/2018,1224.5,917.3,133.489589
7/19/2018,1217.6,917.5,132.7084469
7/20/2018,1228.8,917.6,133.9145597
7/23/2018,1225,917.7,133.4858886
7/24/2018,1228.4,917.9,133.8272143
7/25/2018,1231.5,918,134.1503268
7/26/2018,1228.3,918.2,133.7725986
7/27/2018,1224,918.3,133.2897746
7/30/2018,1223.8,918.5,133.2389766
7/31/2018,1221,918.6,132.9196604
8/1/2018,1219,918.8,132.6730518
8/2/2018,1215.5,918.9,132.2777234
8/3/2018,1216.3,919.1,132.3359809
8/6/2018,1209.7,919.2,131.6035683
8/7/2018,1212.4,919.4,131.86861
8/8/2018,1209.6,919.5,131.5497553
8/9/2018,1214.4,919.6,132.0574163
8/10/2018,1214.4,919.8,132.0287019
8/13/2018,1200.4,919.9,130.4924448
8/14/2018,1197,920.1,130.0945549
8/15/2018,1182,920.2,128.4503369
8/16/2018,1180.4,920.4,128.2485876
8/17/2018,1178.4,920.5,128.0173819
8/20/2018,1184.4,920.7,128.6412512
8/21/2018,1191,920.8,129.3440487
8/22/2018,1196.7,921,129.9348534
8/23/2018,1192.4,921.1,129.4539138
8/24/2018,1197.7,921.3,130.0010854
8/27/2018,1197.7,921.4,129.9869763
8/28/2018,1212.3,921.6,131.5429688
8/29/2018,1204.2,921.7,130.6498861
8/30/2018,1197.3,921.8,129.8871773
8/31/2018,1202.5,922,130.4229935
9/3/2018,1200.1,922.1,130.1485739
9/4/2018,1190.9,922.3,129.1228451
9/5/2018,1196.7,922.4,129.7376409
9/6/2018,1205.2,922.6,130.6308259
9/7/2018,1198.9,922.7,129.9338897
9/10/2018,1196.6,922.9,129.6565175
9/11/2018,1189.9,923,128.9165764
9/12/2018,1195.6,923.2,129.5060659
9/13/2018,1209.8,923.3,131.0300011
9/14/2018,1202,923.5,130.1570114
9/17/2018,1201.9,923.6,130.1320918
9/18/2018,1200.2,923.8,129.9198961
9/19/2018,1203.3,923.9,130.2413681
9/20/2018,1208.4,924,130.7792208
9/21/2018,1198.7,924.2,129.7013633
9/24/2018,1202.8,924.3,130.1309099
9/25/2018,1201.9,924.5,130.0054083
9/26/2018,1194.3,924.6,129.1693705
9/27/2018,1185.4,924.8,128.1790657
9/28/2018,1187.3,924.9,128.3706347
10/1/2018,1189.4,925.1,128.5698843
10/2/2018,1204.7,925.2,130.2096844
10/3/2018,1201.2,925.4,129.8033283
10/4/2018,1203.5,925.5,130.0378174
10/5/2018,1203.8,925.7,130.0421303
10/8/2018,1187,925.8,128.213437
10/9/2018,1185.6,925.9,128.0483854
10/10/2018,1188.6,926.1,128.3446712
10/11/2018,1205.6,926.2,130.1662708
10/12/2018,1219.8,926.4,131.6709845
10/15/2018,1230,926.5,132.7576902
10/16/2018,1230.7,926.7,132.8045754
10/17/2018,1229.1,926.8,132.617609
10/18/2018,1223,927,131.9309601
10/19/2018,1227.9,927.1,132.4452594
10/22/2018,1222.3,927.3,131.8127898
10/23/2018,1236,927.4,133.2758249
10/24/2018,1230.6,927.6,132.6649418
10/25/2018,1230.8,927.7,132.6722001
10/26/2018,1233.9,927.9,132.9776916
10/29/2018,1230.8,928,132.6293103
10/30/2018,1225.4,928.1,132.0331861
10/31/2018,1215,928.3,130.8844124
11/1/2018,1231.2,928.4,132.615252
11/2/2018,1232.1,928.6,132.6836097
11/5/2018,1232.3,928.7,132.6908582
11/6/2018,1231.6,928.9,132.5869308
11/7/2018,1230,929,132.4004306
11/8/2018,1224.2,929.2,131.74774
11/9/2018,1211.4,929.3,130.3561821
11/12/2018,1205.6,929.5,129.704142
11/13/2018,1202.1,929.6,129.3136833
11/14/2018,1203.3,929.8,129.4149279
11/15/2018,1211.9,929.9,130.3258415
11/16/2018,1222.4,930,131.4408602
11/19/2018,1221.6,930.2,131.3265964
11/20/2018,1223,930.3,131.4629689
11/21/2018,1226.1,930.5,131.7678667
11/22/2018,1227.1,930.6,131.8611648
11/23/2018,1223.7,930.8,131.4675548
11/26/2018,1223.4,930.9,131.4212053
11/27/2018,1221.2,931.1,131.1566964
11/28/2018,1213.3,931.2,130.294244
11/29/2018,1226.3,931.4,131.6620142
11/30/2018,1217.6,931.5,130.7139023
12/3/2018,1230.3,931.7,132.0489428
12/4/2018,1240.3,931.8,133.1079631
12/5/2018,1235.9,932,132.6072961
12/6/2018,1242.6,932.1,133.3118764
12/7/2018,1243.3,932.2,133.3726668
12/10/2018,1245.4,932.4,133.5692836
12/11/2018,1245.3,932.5,133.5442359
12/12/2018,1245.8,932.7,133.5692077
12/13/2018,1242.8,932.8,133.2332762
12/14/2018,1235.4,933,132.4115756
12/17/2018,1241.7,933.1,133.0725539
12/18/2018,1246.3,933.3,133.536912
12/19/2018,1255,933.4,134.4546818
12/20/2018,1259.8,933.6,134.9400171
12/21/2018,1258.2,933.7,134.7542037
12/24/2018,1258.2,933.9,134.7253453
12/25/2018,1258.2,934,134.7109208
12/26/2018,1258.2,934.2,134.6820809
12/27/2018,1268,934.3,135.7165793
12/28/2018,1279,934.4,136.8792808
12/31/2018,1279,934.6,136.8499893
1/1/2019,1279,934.7,136.8353482
1/2/2019,1282.9,934.9,137.2232324
1/3/2019,1290.5,935,138.0213904
1/4/2019,1279.9,935.2,136.858426
1/7/2019,1292.2,935.3,138.1588795
1/8/2019,1286.5,935.5,137.5200428
1/9/2019,1288.6,935.6,137.7297991
1/10/2019,1291.9,935.8,138.0530028
1/11/2019,1289,935.9,137.7283898
1/14/2019,1292.8,936.1,138.1049033
1/15/2019,1294.4,936.2,138.2610553
1/16/2019,1292.3,936.3,138.0220015
1/17/2019,1290.7,936.5,137.8216765
1/18/2019,1284.2,936.6,137.1129618
1/21/2019,1279.6,936.8,136.5926558
1/22/2019,1282.1,936.9,136.8449141
1/23/2019,1279.8,937.1,136.57027
1/24/2019,1283.7,937.2,136.971831
1/25/2019,1293.9,937.4,138.0307233
1/28/2019,1302.2,937.5,138.9013333
1/29/2019,1307.6,937.7,139.4475845
1/30/2019,1310.7,937.8,139.7632758
1/31/2019,1323.3,938,141.0767591
2/1/2019,1318.7,938.1,140.5713677
2/4/2019,1312.2,938.3,139.8486625
2/5/2019,1314.2,938.4,140.0468883
2/6/2019,1312.4,938.5,139.8401705
2/7/2019,1310,938.7,139.5547033
2/8/2019,1314.9,938.8,140.061781
2/11/2019,1306.4,939,139.1267306
2/12/2019,1310,939.1,139.4952614
2/13/2019,1312.8,939.3,139.7636538
2/14/2019,1311.5,939.4,139.6103896
2/15/2019,1316.6,939.6,140.1234568
2/18/2019,1325.5,939.7,141.0556561
2/19/2019,1334.2,939.9,141.9512714
2/20/2019,1343.8,940,142.9574468
2/21/2019,1331.3,940.2,141.5975324
2/22/2019,1329.1,940.3,141.3485058
2/25/2019,1331.1,940.4,141.5461506
2/26/2019,1325.1,940.6,140.8781629
2/27/2019,1322.9,940.7,140.6293186
2/28/2019,1319.2,940.9,140.2061856
3/1/2019,1312,941,139.4261424
3/4/2019,1285.4,941.2,136.5703357
3/5/2019,1283.8,941.3,136.3858494
3/6/2019,1285.9,941.5,136.5799257
3/7/2019,1285.3,941.6,136.5016992
3/8/2019,1296.8,941.8,137.6937779
3/11/2019,1292.8,941.9,137.2544856
3/12/2019,1297.1,942.1,137.6817748
3/13/2019,1307,942.2,138.7178943
3/14/2019,1295.6,942.4,137.4787776
3/15/2019,1303.5,942.5,138.3023873
3/18/2019,1305.6,942.6,138.5105029
3/19/2019,1307.7,942.8,138.7038608
3/20/2019,1303.7,942.9,138.2649274
3/21/2019,1309.6,943.1,138.8612024
3/22/2019,1311.3,943.2,139.0267176
3/25/2019,1319.6,943.4,139.8770405
3/26/2019,1316.3,943.5,139.5124536
3/27/2019,1309.7,943.7,138.7835117
3/28/2019,1295.2,943.8,137.2324645
3/29/2019,1295.4,944,137.2245763
4/1/2019,1293.5,944.1,137.0087914
4/2/2019,1290.3,944.3,136.640898
4/3/2019,1290.5,944.4,136.6476069
4/4/2019,1283.2,944.6,135.8458607
4/5/2019,1288.5,944.7,136.3925056
4/8/2019,1300,944.8,137.5952583
4/9/2019,1303,945,137.8835979
4/10/2019,1305.5,945.1,138.1335308
4/11/2019,1298.8,945.3,137.3955358
4/12/2019,1294.3,945.4,136.9050138
4/15/2019,1285.7,945.6,135.9665821
4/16/2019,1276.4,945.7,134.9688062
4/17/2019,1275.9,945.9,134.8874088
4/18/2019,1275.7,946,134.8520085
4/19/2019,1275.7,946.2,134.8235045
4/22/2019,1275.7,946.3,134.8092571
4/23/2019,1269.5,946.5,134.1257264
4/24/2019,1271.7,946.6,134.3439679
4/25/2019,1280.8,946.7,135.2910109
4/26/2019,1284.2,946.9,135.6215017
4/29/2019,1279.5,947,135.1108765
4/30/2019,1282.3,947.2,135.3779561
5/1/2019,1283.8,947.3,135.5220099
5/2/2019,1271,947.5,134.1424802
5/3/2019,1278.6,947.6,134.9303504
5/6/2019,1278.6,947.8,134.901878
5/7/2019,1281.2,947.9,135.1619369
5/8/2019,1285.2,948.1,135.5553212
5/9/2019,1286.1,948.2,135.6359418
5/10/2019,1287.1,948.4,135.7127794
5/13/2019,1295.6,948.5,136.5946231
5/14/2019,1298.4,948.7,136.8609676
5/15/2019,1299.1,948.8,136.9203204
5/16/2019,1291.7,948.9,136.1260407
5/17/2019,1280.8,949.1,134.948899
5/20/2019,1276.9,949.2,134.5238095
5/21/2019,1271.2,949.4,133.8950916
5/22/2019,1273.8,949.5,134.1548183
5/23/2019,1283.7,949.7,135.1690007
5/24/2019,1282.5,949.8,135.028427
5/27/2019,1282.5,950,135
5/28/2019,1278.3,950.1,134.5437322
5/29/2019,1281.7,950.3,134.8731979
5/30/2019,1281,950.4,134.7853535
5/31/2019,1295.6,950.6,136.2928677
6/3/2019,1317.1,950.7,138.5400231
6/4/2019,1324.3,950.9,139.2680618
6/5/2019,1335.1,951,140.3890641
6/6/2019,1335.5,951.1,140.41636
6/7/2019,1340.7,951.3,140.9334595
6/10/2019,1328.6,951.4,139.6468362
6/11/2019,1324.3,951.6,139.1656158
6/12/2019,1332.4,951.7,140.0021015
6/13/2019,1335.9,951.9,140.3403719
6/14/2019,1351.3,952,141.9432773
6/17/2019,1341.3,952.2,140.863264
6/18/2019,1341.4,952.3,140.858973
6/19/2019,1344.1,952.5,141.1128609
6/20/2019,1379.5,952.6,144.8141927
6/21/2019,1397.2,952.8,146.6414777
6/24/2019,1405.7,952.9,147.5181026
6/25/2019,1431.4,953,150.1993704
6/26/2019,1404,953.2,147.2933277
6/27/2019,1402.5,953.3,147.1205287
6/28/2019,1409,953.5,147.7713686
7/1/2019,1390.1,953.6,145.7739094
7/2/2019,1391.1,953.8,145.8481862
7/3/2019,1413.5,953.9,148.1811511
7/4/2019,1414.9,954.1,148.2968242
7/5/2019,1388.7,954.2,145.5355271
7/8/2019,1400.1,954.4,146.6994971
7/9/2019,1391.6,954.5,145.7936092
7/10/2019,1408.3,954.7,147.5123075
7/11/2019,1413.8,954.8,148.0728948
7/12/2019,1407.6,955,147.3926702
7/15/2019,1412.4,955.1,147.8798032
7/16/2019,1409.9,955.2,147.6025963
7/17/2019,1410.4,955.4,147.6240318
7/18/2019,1417.5,955.5,148.3516484
7/19/2019,1439.7,955.7,150.6435074
7/22/2019,1427.8,955.8,149.382716
7/23/2019,1425.6,956,149.1213389
7/24/2019,1427,956.1,149.2521703
7/25/2019,1416.1,956.3,148.0811461
7/26/2019,1420.4,956.4,148.5152656
7/29/2019,1419.1,956.6,148.348317
7/30/2019,1425.9,956.7,149.0435873
7/31/2019,1427.6,956.9,149.190093
8/1/2019,1406.8,957,147.0010449
8/2/2019,1441.8,957.1,150.6425661
8/5/2019,1465.3,957.3,153.0659146
8/6/2019,1465.3,957.4,153.0499269
8/7/2019,1506.1,957.6,157.2786132
8/8/2019,1495.8,957.7,156.1866973
8/9/2019,1497.7,957.9,156.3524376
8/12/2019,1504.7,958,157.0668058
8/13/2019,1498.4,958.2,156.3765393
8/14/2019,1513.3,958.3,157.9150579
8/15/2019,1515.7,958.5,158.1324987
8/16/2019,1515.3,958.6,158.074275
8/19/2019,1496.6,958.8,156.090947
8/20/2019,1504.6,958.9,156.9089582
8/21/2019,1503.3,959.1,156.7406944
8/22/2019,1502.1,959.2,156.5992494
8/23/2019,1503.8,959.3,156.7601376
8/26/2019,1503.8,959.5,156.7274622
8/27/2019,1533,959.6,159.7540642
8/28/2019,1537.2,959.8,160.1583663
8/29/2019,1540.2,959.9,160.454214
8/30/2019,1528.4,960.1,159.1917509
9/2/2019,1526,960.2,158.9252239
9/3/2019,1537.9,960.4,160.1311953
9/4/2019,1546.1,960.5,160.9682457
9/5/2019,1529.1,960.7,159.165192
9/6/2019,1523.7,960.8,158.5865945
9/9/2019,1509.2,961,157.0447451
9/10/2019,1498.3,961.1,155.8942878
9/11/2019,1490.7,961.3,155.0712577
9/12/2019,1515.2,961.4,157.6034949
9/13/2019,1503.1,961.5,156.3286531
9/16/2019,1497.2,961.7,155.6826453
9/17/2019,1502.1,961.8,156.1759201
9/18/2019,1503.5,962,156.2889813
9/19/2019,1500.7,962.1,155.9817067
9/20/2019,1501.9,962.3,156.0739894
9/23/2019,1522.1,962.4,158.1566916
9/24/2019,1520.7,962.6,157.9783919
9/25/2019,1528.8,962.7,158.8033655
9/26/2019,1506.4,962.9,156.4440752
9/27/2019,1489.9,963,154.7144341
9/30/2019,1485.3,963.2,154.2047342
10/1/2019,1473.5,963.3,152.9637704
10/2/2019,1492.6,963.4,154.9304546
10/3/2019,1517.1,963.6,157.4408468
10/4/2019,1499.2,963.7,155.5670852
10/7/2019,1501.3,963.9,155.7526714
10/8/2019,1505.9,964,156.2136929
10/9/2019,1507.3,964.2,156.3264883
10/10/2019,1494.8,964.3,155.0139998
10/11/2019,1479.2,964.5,153.3644375
10/14/2019,1490.6,964.6,154.5303753
10/15/2019,1487.8,964.8,154.208126
10/16/2019,1485.1,964.9,153.9123225
10/17/2019,1492.7,965.1,154.6679101
10/18/2019,1490,965.2,154.3721508
10/21/2019,1491.7,965.4,154.5162627
10/22/2019,1485.4,965.5,153.8477473
10/23/2019,1494.5,965.6,154.7742336
10/24/2019,1496.6,965.8,154.959619
10/25/2019,1513.5,965.9,156.6932395
10/28/2019,1492.4,966.1,154.4767622
10/29/2019,1486.8,966.2,153.881184
10/30/2019,1492.1,966.4,154.3977649
10/31/2019,1511,966.5,156.3372995
11/1/2019,1508.8,966.7,156.0773766
11/4/2019,1509.5,966.8,156.1336367
11/5/2019,1489,967,153.9813857
11/6/2019,1486.1,967.1,153.6655982
11/7/2019,1484.3,967.3,153.4477411
11/8/2019,1464.2,967.4,151.3541451
11/11/2019,1458.7,967.5,150.7700258
11/12/2019,1452.1,967.7,150.0568358
11/13/2019,1462.9,967.8,151.1572639
11/14/2019,1466.7,968,151.518595
11/15/2019,1466.9,968.1,151.5236029
