Date,Close,Open,Day High,Day Low,delta,range
2017-01-02,61.2633,61.4995,61.9558,61.1245,-0.23619999999999663,0.8313000000000059
2017-01-03,61.0503,61.2625,61.58,60.345,-0.21220000000000283,1.2349999999999994
2017-01-04,60.3676,60.9579,61.2015,60.2325,-0.5902999999999992,0.9690000000000012
2017-01-05,59.357,60.3989,60.4438,59.1688,-1.0418999999999983,1.2750000000000057
2017-01-06,59.6,59.4362,59.765,59.111999999999995,0.16380000000000194,0.6530000000000058
2017-01-09,60.1375,59.55,60.1721,59.475,0.5875000000000057,0.6970999999999989
2017-01-10,60.175,60.1375,60.2781,59.8175,0.037499999999994316,0.46059999999999945
2017-01-11,59.8131,60.125,60.6888,59.4744,-0.3119000000000014,1.2143999999999977
2017-01-12,59.3825,59.725,59.8132,59.091,-0.34250000000000114,0.7222000000000008
2017-01-13,59.595,59.4675,59.86,59.265,0.12749999999999773,0.5949999999999989
2017-01-16,59.8747,59.5,59.9425,59.4,0.37469999999999715,0.542500000000004
2017-01-17,59.3938,59.76,59.95,58.961000000000006,-0.3661999999999992,0.9889999999999972
2017-01-18,59.5042,59.3651,59.595,59.0368,0.1390999999999991,0.5581999999999994
2017-01-19,59.695,59.5581,60.262,59.19,0.13689999999999714,1.0720000000000027
2017-01-20,59.6257,59.6951,59.9526,59.5399,-0.06939999999999458,0.41269999999999385
2017-01-23,59.5451,59.5399,59.8236,59.3065,0.005199999999994986,0.5170999999999992
2017-01-24,59.1749,59.5452,59.5452,59.076,-0.3703000000000003,0.4692000000000007
2017-01-25,59.5013,59.175,59.6713,59.0695,0.32630000000000337,0.6018000000000043
2017-01-26,60.3203,59.5014,60.62,59.3495,0.8189000000000064,1.2704999999999984
2017-01-27,59.8455,60.3202,60.5385,59.5616,-0.47469999999999857,0.9769000000000005
2017-01-28,59.8455,59.8455,59.8455,59.8455,0.0,0.0
2017-01-30,59.7533,59.8124,60.2827,59.7532,-0.05909999999999371,0.5294999999999987
2017-01-31,60.1684,59.7532,60.2364,59.6859,0.4151999999999987,0.5505000000000067
2017-02-01,60.1263,60.1683,60.4206,60.0627,-0.04200000000000159,0.3579000000000008
2017-02-02,59.405,60.1264,60.1475,58.5597,-0.7213999999999956,1.5878000000000014
2017-02-03,59.0064,59.4049,59.61,58.746,-0.3984999999999985,0.8639999999999972
2017-02-04,59.0064,59.0064,59.0064,59.0064,0.0,0.0
2017-02-06,58.9425,58.9812,59.0982,58.585,-0.038699999999998624,0.5131999999999977
2017-02-07,59.4776,58.9435,59.5477,58.8912,0.5341000000000022,0.6565000000000012
2017-02-08,59.1527,59.4775,59.6222,59.0891,-0.3247999999999962,0.5330999999999975
2017-02-09,58.9084,59.1528,59.2371,58.6933,-0.24439999999999884,0.5437999999999974
2017-02-10,58.2331,58.9085,59.045,58.2067,-0.6753999999999962,0.8383000000000038
2017-02-11,58.2331,58.2331,58.2331,58.2331,0.0,0.0
2017-02-13,57.9552,58.2573,58.4403,57.85,-0.3021000000000029,0.5902999999999992
2017-02-14,57.0891,57.9551,58.1846,56.8644,-0.8659999999999997,1.3201999999999998
2017-02-15,57.1489,57.0892,57.885,56.555,0.05969999999999942,1.3299999999999983
2017-02-16,57.5999,57.148999999999994,57.674,56.9919,0.4509000000000043,0.6820999999999984
2017-02-17,58.3715,57.5982,58.5512,57.4644,0.773299999999999,1.0868000000000038
2017-02-18,58.3715,58.3715,58.3715,58.3715,0.0,0.0
2017-02-20,57.9761,58.352,58.3521,57.903,-0.37589999999999435,0.4491000000000014
2017-02-21,57.4349,57.958,58.0489,57.3905,-0.5230999999999995,0.6584000000000003
2017-02-22,58.0408,57.428999999999995,58.16,57.3062,0.6118000000000023,0.8537999999999997
2017-02-23,57.7678,58.0409,58.115,57.5675,-0.27309999999999945,0.5474999999999994
2017-02-24,58.4487,57.7679,58.59,57.725,0.680800000000005,0.865000000000002
2017-02-25,58.4487,58.4487,58.4487,58.4487,0.0,0.0
2017-02-27,58.2185,58.3866,58.4105,57.5825,-0.16810000000000258,0.8279999999999959
2017-02-28,58.3768,58.2184,58.5035,57.8185,0.15840000000000032,0.6850000000000023
2017-03-01,58.2443,58.3769,58.5915,57.9828,-0.1325999999999965,0.608700000000006
2017-03-02,58.7192,58.2442,58.8693,58.1661,0.4750000000000014,0.7032000000000025
2017-03-03,58.239,58.7193,59.0061,58.1379,-0.4802999999999997,0.8682000000000016
2017-03-04,58.239,58.239,58.239,58.239,0.0,0.0
2017-03-06,58.2741,58.2248,58.441,57.93,0.049299999999995237,0.5110000000000028
2017-03-07,58.1735,58.2716,58.3729,57.8802,-0.0981000000000023,0.49269999999999925
2017-03-08,58.9081,58.1734,58.99,58.1175,0.7346999999999966,0.8725000000000023
2017-03-09,59.2792,58.9082,59.493,58.6944,0.3710000000000022,0.7986000000000004
2017-03-10,59.0219,59.2898,59.3375,58.71,-0.26789999999999736,0.6274999999999977
2017-03-11,59.0219,59.0219,59.0219,59.0219,0.0,0.0
2017-03-13,58.8136,59.1033,59.305,58.7685,-0.2896999999999963,0.5364999999999966
2017-03-14,59.2333,58.8135,59.617,58.7954,0.41980000000000217,0.8215999999999966
2017-03-15,58.4069,59.223,59.2759,58.3775,-0.8160999999999987,0.8984000000000023
2017-03-16,57.7733,58.407,58.5498,57.61600000000001,-0.6336999999999975,0.9337999999999909
2017-03-17,57.2194,57.7732,58.0701,57.1609,-0.5538000000000025,0.9091999999999985
2017-03-18,57.2194,57.2194,57.2194,57.2194,0.0,0.0
2017-03-20,57.3306,57.4219,57.6375,57.1788,-0.09130000000000393,0.45870000000000033
2017-03-21,57.6429,57.3307,57.745,57.0025,0.31219999999999715,0.7424999999999997
2017-03-22,57.7613,57.643,58.217,57.5563,0.11829999999999785,0.6606999999999985
2017-03-23,57.3727,57.7614,57.7675,57.2651,-0.38870000000000005,0.5024000000000015
2017-03-24,56.9488,57.3728,57.5064,56.887,-0.4239999999999995,0.6193999999999988
2017-03-25,56.9488,56.9488,56.9488,56.9488,0.0,0.0
2017-03-27,56.8931,57.0038,57.2166,56.733000000000004,-0.11070000000000135,0.4835999999999956
2017-03-28,56.9887,56.8932,57.185,56.7669,0.09550000000000125,0.4181000000000026
2017-03-29,56.6749,56.9888,57.1461,56.5885,-0.31389999999999674,0.5575999999999937
2017-03-30,56.0102,56.678000000000004,56.75899999999999,55.9145,-0.6678000000000068,0.8444999999999965
2017-03-31,56.2578,56.0101,56.5358,55.8572,0.2477000000000018,0.678600000000003
2017-04-03,56.176,56.2667,56.4613,55.9399,-0.09069999999999823,0.5213999999999999
2017-04-04,55.9848,56.1759,56.70399999999999,55.9848,-0.19109999999999872,0.7191999999999936
2017-04-05,56.4493,55.9847,56.4661,55.8029,0.46460000000000434,0.6631999999999962
2017-04-06,56.4335,56.4492,56.5829,56.1802,-0.015699999999995384,0.40270000000000294
2017-04-07,57.225,56.4334,57.2702,56.3609,0.7916000000000025,0.9093000000000018
2017-04-10,57.0639,57.4111,57.585,57.0638,-0.34720000000000084,0.5212000000000003
2017-04-11,56.9791,57.0735,57.2472,56.8198,-0.09440000000000026,0.42739999999999867
2017-04-12,56.6775,56.9792,57.1504,56.542,-0.30169999999999675,0.608399999999996
2017-04-13,56.2936,56.6776,56.7498,56.1659,-0.38400000000000034,0.5838999999999999
2017-04-14,56.336000000000006,56.2912,56.3896,56.0926,0.04480000000000217,0.29700000000000415
2017-04-17,55.9049,56.3378,56.3378,55.88,-0.4329000000000036,0.4577999999999989
2017-04-18,56.2975,55.9027,56.3039,55.8555,0.3947999999999965,0.44839999999999947
2017-04-19,56.6198,56.3018,56.7433,56.0272,0.31799999999999784,0.7160999999999973
2017-04-20,56.1496,56.6119,56.6313,56.0954,-0.46229999999999905,0.5359000000000052
2017-04-21,56.4615,56.1494,56.6003,56.03,0.31210000000000093,0.570299999999996
2017-04-24,55.8169,56.4614,56.4616,55.715,-0.6445000000000007,0.7465999999999937
2017-04-25,56.095,55.817,56.2444,55.6825,0.2779999999999987,0.5619000000000014
2017-04-26,57.132,56.0949,57.1952,56.06,1.0370999999999952,1.1351999999999975
2017-04-27,57.007,57.1321,57.27,56.72,-0.12510000000000332,0.5500000000000043
2017-04-28,56.9474,57.0069,57.1808,56.6248,-0.059499999999999886,0.5559999999999974
2017-05-01,56.986999999999995,56.9462,57.036,56.8175,0.04079999999999728,0.2184999999999988
2017-05-02,57.0753,56.9869,57.1622,56.8555,0.08840000000000003,0.3066999999999993
2017-05-03,57.3813,57.0752,57.4054,56.8843,0.3061000000000007,0.521099999999997
2017-05-04,58.3852,57.3812,58.461999999999996,57.2945,1.0039999999999978,1.1674999999999969
2017-05-05,58.06,58.3851,59.0161,57.927,-0.32509999999999906,1.089100000000002
2017-05-08,58.24,58.0628,58.4154,57.9129,0.17719999999999914,0.5024999999999977
2017-05-09,58.45399999999999,58.2399,58.5562,58.12,0.21409999999999485,0.4361999999999995
2017-05-10,57.4151,58.4539,58.455,57.4127,-1.0387999999999948,1.0422999999999973
2017-05-11,57.1141,57.415,57.5735,56.9255,-0.3008999999999986,0.6480000000000032
2017-05-12,57.1034,57.114,57.3504,56.971000000000004,-0.010599999999996612,0.37939999999999685
2017-05-15,56.3652,57.1147,57.1285,56.216,-0.7494999999999976,0.9125000000000014
2017-05-16,56.461999999999996,56.3653,56.6396,56.1838,0.09669999999999845,0.45580000000000354
2017-05-17,57.107,56.4621,57.2678,56.4537,0.6448999999999998,0.8141000000000034
2017-05-18,57.5732,57.1071,58.1274,57.0897,0.4660999999999973,1.037700000000001
2017-05-19,56.925,57.5733,57.662,56.66,-0.6483000000000061,1.0020000000000024
2017-05-22,56.6372,56.9619,56.9621,56.4103,-0.3247,0.5518000000000001
2017-05-23,56.3387,56.6293,56.742,56.225,-0.29059999999999775,0.5169999999999959
2017-05-24,56.3735,56.3388,56.5743,56.2123,0.03470000000000084,0.3620000000000019
2017-05-25,56.8365,56.3736,57.0179,56.0003,0.46289999999999765,1.0175999999999945
2017-05-26,56.5165,56.8366,57.03,56.4863,-0.3200999999999965,0.5437000000000012
2017-05-29,56.5133,56.5165,56.8602,56.2925,-0.0031999999999996476,0.5677000000000021
2017-05-30,56.593,56.5134,56.7907,56.4525,0.07960000000000633,0.3382000000000005
2017-05-31,56.7454,56.5929,56.946999999999996,56.5049,0.1524999999999963,0.4420999999999964
2017-06-01,56.4218,56.7453,56.7575,56.1296,-0.3235000000000028,0.6278999999999968
2017-06-02,56.6435,56.4219,56.8514,56.388000000000005,0.22160000000000224,0.46339999999999293
2017-06-05,56.6134,56.641000000000005,56.7473,56.4226,-0.02760000000000673,0.3247
2017-06-06,56.5028,56.6133,56.7688,56.422,-0.11050000000000182,0.3468000000000018
2017-06-07,57.0819,56.5123,57.1704,56.4433,0.5695999999999941,0.7271000000000001
2017-06-08,56.9107,57.082,57.125,56.815,-0.17130000000000223,0.3100000000000023
2017-06-09,57.0427,56.9108,57.0564,56.875,0.13190000000000168,0.18139999999999645
2017-06-12,57.0376,57.0312,57.1699,56.935,0.006399999999999295,0.2348999999999961
2017-06-13,56.9127,57.0368,57.0385,56.82,-0.12409999999999854,0.2184999999999988
2017-06-14,57.461000000000006,56.9126,57.5652,56.83,0.548400000000008,0.735199999999999
2017-06-15,57.835,57.4611,57.8875,57.3243,0.373899999999999,0.5632000000000019
2017-06-16,57.7669,57.8349,57.8785,57.4338,-0.06799999999999784,0.44470000000000454
2017-06-19,58.4526,57.7443,58.4776,57.5947,0.7082999999999942,0.8828999999999994
2017-06-20,59.5925,58.4527,59.7749,58.243,1.139800000000001,1.5319000000000003
2017-06-21,60.275,59.5926,60.4236,59.335,0.6824000000000012,1.0885999999999996
2017-06-22,59.8785,60.2749,60.398999999999994,59.6516,-0.39639999999999986,0.7473999999999918
2017-06-23,59.4528,59.8784,59.8819,59.3489,-0.42559999999999576,0.5330000000000013
2017-06-26,58.9292,59.4586,59.4586,58.7457,-0.5293999999999954,0.7128999999999976
2017-06-27,59.4049,58.9293,59.4963,58.635,0.4756,0.8613
2017-06-28,59.2517,59.3957,59.8672,59.17,-0.14399999999999835,0.6971999999999952
2017-06-29,59.455,59.2516,59.5894,58.9119,0.20339999999999492,0.6774999999999949
2017-06-30,58.9251,59.4551,59.597,58.8713,-0.5300000000000011,0.7257000000000033
2017-07-03,59.2709,58.9156,59.4766,58.7993,0.3552999999999997,0.6772999999999954
2017-07-04,59.3935,59.271,59.518,59.135,0.12250000000000227,0.38300000000000267
2017-07-05,60.2135,59.3936,60.2477,59.266999999999996,0.8199000000000041,0.9807000000000059
2017-07-06,60.0808,60.2134,60.415,59.765,-0.1325999999999965,0.6499999999999986
2017-07-07,60.385,60.0807,60.623999999999995,60.0807,0.3042999999999978,0.543299999999995
2017-07-10,60.295,60.3864,60.5381,60.1766,-0.09140000000000015,0.3614999999999995
2017-07-11,60.795,60.2951,60.9934,60.285,0.4999000000000038,0.7084000000000046
2017-07-12,59.935,60.7951,60.7982,59.8999,-0.8600999999999956,0.898299999999999
2017-07-13,59.7834,59.9349,60.285,59.6642,-0.15149999999999864,0.6207999999999956
2017-07-14,59.055,59.7833,59.9633,59.041000000000004,-0.7282999999999973,0.9222999999999928
2017-07-17,59.3226,59.0966,59.4,58.966,0.2259999999999991,0.4339999999999975
2017-07-18,59.115,59.3225,59.461999999999996,58.8995,-0.20749999999999602,0.5624999999999929
2017-07-19,58.9821,59.1149,59.3895,58.8557,-0.13279999999999603,0.5337999999999994
2017-07-20,58.925,58.9822,59.2309,58.7933,-0.057200000000001694,0.4375999999999962
2017-07-21,59.2625,58.9251,59.3925,58.777,0.33740000000000236,0.6154999999999973
2017-07-24,60.0074,59.2626,60.2018,59.2625,0.7447999999999979,0.9392999999999958
2017-07-25,59.9875,60.0075,60.1901,59.706,-0.020000000000003126,0.484099999999998
2017-07-26,59.5759,59.9874,60.0585,59.3735,-0.41150000000000375,0.6850000000000023
2017-07-27,59.5213,59.5758,59.652,59.3267,-0.054500000000004434,0.3252999999999986
2017-07-28,59.5142,59.5212,59.645,59.3688,-0.006999999999997897,0.2762000000000029
2017-07-31,59.75,59.5143,60.3388,59.5141,0.23570000000000135,0.8247
2017-08-01,60.2094,59.7649,60.3849,59.6321,0.444500000000005,0.7528000000000006
2017-08-02,60.5439,60.2095,60.8363,60.2093,0.33440000000000225,0.6270000000000024
2017-08-03,60.3305,60.5438,60.8463,60.0946,-0.21329999999999671,0.7516999999999996
2017-08-04,59.9705,60.3304,60.4782,59.8444,-0.3598999999999961,0.6338000000000008
2017-08-07,59.9903,59.9704,60.326,59.8756,0.019899999999999807,0.4504000000000019
2017-08-08,59.8242,59.9902,60.132,59.7026,-0.16600000000000392,0.4294000000000011
2017-08-09,60.1056,59.8241,60.22,59.8241,0.2815000000000012,0.3958999999999975
2017-08-10,60.0243,60.1055,60.1545,59.718999999999994,-0.0812000000000026,0.43550000000000466
2017-08-11,59.8262,60.0244,60.3086,59.7997,-0.19819999999999993,0.508899999999997
2017-08-14,59.8461,59.8261,59.946000000000005,59.5641,0.020000000000003126,0.3819000000000017
2017-08-15,59.786,59.8462,60.115,59.6925,-0.06020000000000181,0.42249999999999943
2017-08-16,59.4462,59.7861,59.82,59.28,-0.3399000000000001,0.5399999999999991
2017-08-17,59.0748,59.4463,59.48,58.9941,-0.3714999999999975,0.4858999999999938
2017-08-18,58.9405,59.0747,59.5075,58.9405,-0.13419999999999987,0.5670000000000002
2017-08-21,59.1076,58.93,59.211999999999996,58.9257,0.1775999999999982,0.2862999999999971
2017-08-22,59.012,59.1075,59.1475,58.9285,-0.09550000000000125,0.2190000000000012
2017-08-23,59.0076,59.0119,59.247,58.9988,-0.004300000000000637,0.2481999999999971
2017-08-24,59.1653,59.0077,59.2748,59.0075,0.15760000000000218,0.26729999999999876
2017-08-25,58.5845,59.1652,59.2213,58.5519,-0.5807000000000002,0.669399999999996
2017-08-28,58.465,58.598,58.748000000000005,58.3373,-0.13299999999999557,0.4107000000000056
2017-08-29,58.7598,58.4651,58.885,58.4252,0.29469999999999885,0.4598000000000013
2017-08-30,58.495,58.7597,58.91,58.3287,-0.2647000000000048,0.5812999999999988
2017-08-31,58.0117,58.4951,58.661,57.9925,-0.48340000000000316,0.6685000000000016
2017-09-01,57.479,58.0116,58.193000000000005,57.37,-0.5326000000000022,0.8230000000000075
2017-09-04,57.7731,57.5005,57.9549,57.5004,0.27259999999999707,0.454500000000003
2017-09-05,57.5785,57.773,58.11,57.23,-0.194500000000005,0.8800000000000026
2017-09-06,57.4199,57.5784,57.601000000000006,57.258,-0.15850000000000364,0.3430000000000035
2017-09-07,56.9665,57.4225,57.475,56.7866,-0.45599999999999596,0.6884000000000015
2017-09-08,57.3254,56.9664,57.482,56.7493,0.35900000000000176,0.7327000000000012
2017-09-11,57.2351,57.3564,57.4025,57.0428,-0.12129999999999797,0.3597000000000037
2017-09-12,57.6562,57.2354,57.7648,57.068000000000005,0.42079999999999984,0.6967999999999961
2017-09-13,57.9682,57.6553,57.9839,57.464,0.3129000000000062,0.5198999999999998
2017-09-14,57.5141,57.9807,57.983999999999995,57.3897,-0.4665999999999997,0.5942999999999969
2017-09-15,57.6,57.5122,57.771,57.3875,0.08780000000000143,0.38349999999999795
2017-09-18,58.0937,57.7075,58.1585,57.332,0.3861999999999952,0.8264999999999958
2017-09-19,58.12,58.0936,58.3875,57.9176,0.026399999999995316,0.46990000000000265
2017-09-20,58.2029,58.1201,58.294,57.7158,0.08279999999999887,0.5781999999999954
2017-09-21,57.91,58.203,58.3902,57.7609,-0.29300000000000637,0.6293000000000006
2017-09-22,57.5335,57.9102,57.9462,57.24100000000001,-0.3767000000000067,0.7051999999999907
2017-09-25,57.5812,57.6086,57.7505,57.2425,-0.02740000000000009,0.5080000000000027
2017-09-26,57.8743,57.5831,58.1513,57.211999999999996,0.29119999999999635,0.9393000000000029
2017-09-27,58.1999,57.8743,58.3833,57.738,0.32560000000000144,0.6452999999999989
2017-09-28,57.9468,58.1998,58.5851,57.794,-0.2530000000000001,0.7911000000000001
2017-09-29,57.548,57.9467,58.1032,57.475,-0.39869999999999806,0.6281999999999996
2017-10-02,57.9001,57.3625,57.9875,57.3043,0.5376000000000047,0.6831999999999994
2017-10-03,57.9341,57.748000000000005,58.1661,57.748000000000005,0.18609999999999616,0.4180999999999955
2017-10-04,57.6858,57.9334,57.9906,57.5288,-0.2475999999999985,0.46180000000000376
2017-10-05,57.7224,57.6814,57.7492,57.3834,0.04100000000000392,0.3658000000000001
2017-10-06,58.1583,57.7225,58.265,57.64,0.4358000000000004,0.625
2017-10-09,58.272,58.1501,58.5071,57.9973,0.12189999999999657,0.5097999999999985
2017-10-10,57.9896,58.2626,58.3133,57.7903,-0.27299999999999613,0.5229999999999961
2017-10-11,57.81,57.9918,58.068999999999996,57.6352,-0.18179999999999552,0.43379999999999797
2017-10-12,57.7188,57.8109,57.8477,57.4884,-0.09209999999999496,0.3593000000000046
2017-10-13,57.273,57.7187,57.7922,57.0583,-0.4456999999999951,0.7338999999999984
2017-10-16,57.2941,57.266000000000005,57.3805,56.913999999999994,0.028099999999994907,0.46650000000000347
2017-10-17,57.3095,57.2942,57.5454,56.913999999999994,0.015300000000003422,0.6314000000000064
2017-10-18,57.4119,57.3099,57.5046,56.7574,0.10200000000000387,0.7472000000000065
2017-10-19,57.2809,57.4109,57.73,57.2583,-0.12999999999999545,0.47169999999999845
2017-10-20,57.4825,57.2808,57.6385,57.1559,0.20170000000000243,0.4825999999999979
2017-10-23,57.5327,57.5561,57.6115,57.288000000000004,-0.023400000000002308,0.3234999999999957
2017-10-24,57.6459,57.5356,57.7034,57.376000000000005,0.11029999999999518,0.32739999999999725
2017-10-25,57.7539,57.6458,57.8155,57.42,0.10810000000000031,0.3954999999999984
2017-10-26,57.8657,57.7538,57.8915,57.48,0.11189999999999856,0.41150000000000375
2017-10-27,58.0284,57.8656,58.7701,57.64,0.16279999999999717,1.1300999999999988
2017-10-30,57.9348,58.1297,58.266999999999996,57.6626,-0.19489999999999696,0.6043999999999983
2017-10-31,58.3392,57.9347,58.6062,57.882,0.40449999999999875,0.7242000000000033
2017-11-01,58.2481,58.3391,58.406000000000006,58.0288,-0.09100000000000108,0.3772000000000091
2017-11-02,58.2882,58.2482,58.445,57.708999999999996,0.04000000000000625,0.7360000000000042
2017-11-03,59.0239,58.288000000000004,59.2775,58.058,0.7358999999999938,1.2195000000000036
2017-11-04,59.055,59.055,59.055,59.055,0.0,0.0
2017-11-06,58.2921,59.0096,59.175,58.205,-0.7175000000000011,0.9699999999999989
2017-11-07,59.3765,58.2897,59.44,58.146,1.0867999999999967,1.293999999999997
2017-11-08,59.2302,59.3766,59.5842,59.074,-0.14639999999999986,0.5102000000000046
2017-11-09,59.3171,59.2169,59.435,59.07,0.10020000000000095,0.365000000000002
2017-11-10,59.187,59.358999999999995,59.365,58.9738,-0.17199999999999704,0.3912000000000049
2017-11-13,59.3959,59.2542,59.5992,59.07,0.14170000000000016,0.529200000000003
2017-11-14,60.4255,59.3958,60.5127,59.224,1.0296999999999983,1.2887000000000057
2017-11-15,60.2067,60.324,60.4608,60.0256,-0.11730000000000018,0.4352000000000018
2017-11-16,59.6995,60.2068,60.2189,59.5796,-0.5073000000000008,0.6392999999999986
2017-11-17,58.9636,59.6994,59.7568,58.872,-0.7357999999999976,0.8847999999999985
2017-11-18,58.9636,58.9636,58.9636,58.9636,0.0,0.0
2017-11-20,59.4336,59.13399999999999,59.5805,58.982,0.2996000000000052,0.5985000000000014
2017-11-21,59.1015,59.4314,59.5396,59.0892,-0.329899999999995,0.4504000000000019
2017-11-22,58.4321,59.1017,59.1835,58.3836,-0.6696000000000026,0.7999000000000009
2017-11-23,58.4559,58.4314,58.535,58.278,0.024500000000003297,0.2569999999999979
2017-11-24,58.3927,58.4533,58.7435,58.251999999999995,-0.060600000000000875,0.49150000000000205
2017-11-27,58.4676,58.4099,58.5275,58.0445,0.057699999999996976,0.4830000000000041
2017-11-28,58.417,58.4675,58.575,58.2145,-0.050499999999999545,0.3605000000000018
2017-11-29,58.6383,58.4169,58.7837,58.25,0.2214000000000027,0.5337000000000032
2017-11-30,58.4936,58.641000000000005,58.74,58.36,-0.14740000000000464,0.38000000000000256
2017-12-01,58.8891,58.4937,59.1505,58.431999999999995,0.3954000000000022,0.7185000000000059
2017-12-02,58.8891,58.8891,58.8891,58.8891,0.0,0.0
2017-12-04,58.7564,58.9012,59.1142,58.6495,-0.1448000000000036,0.46469999999999345
2017-12-05,58.7923,58.8008,58.872,58.5098,-0.008500000000005059,0.3622000000000014
2017-12-06,59.1963,58.7922,59.25,58.63,0.4040999999999997,0.6199999999999974
2017-12-07,59.1789,59.1964,59.385,59.07,-0.017499999999998295,0.3149999999999977
2017-12-08,59.0638,59.178999999999995,59.3888,58.982,-0.11519999999999442,0.40680000000000405
2017-12-11,58.9249,59.1344,59.3197,58.872,-0.20949999999999847,0.44769999999999754
2017-12-12,59.2376,58.925,59.3,58.74,0.3126000000000033,0.5599999999999952
2017-12-13,58.599,59.1538,59.2652,58.476000000000006,-0.5548000000000002,0.7891999999999939
2017-12-14,58.8576,58.6055,58.9242,58.278,0.25209999999999866,0.6462000000000003
2017-12-15,58.8369,58.8633,59.045,58.652,-0.02640000000000242,0.3930000000000007
2017-12-18,58.6749,58.56399999999999,58.8444,58.5419,0.11090000000000799,0.302500000000002
2017-12-19,58.7766,58.675,58.8738,58.498000000000005,0.1016000000000048,0.37579999999999814
2017-12-20,58.7366,58.7732,58.8151,58.56399999999999,-0.036599999999999966,0.2511000000000081
2017-12-21,58.4645,58.7367,58.7571,58.42,-0.272199999999998,0.3370999999999995
2017-12-22,58.3177,58.4644,58.6291,58.123999999999995,-0.1466999999999956,0.5051000000000059
2017-12-25,58.0178,58.3683,58.3938,57.6883,-0.3504999999999967,0.7055000000000007
2017-12-26,57.6654,58.0085,58.2766,57.508,-0.34309999999999974,0.7685999999999993
2017-12-27,57.7718,57.6655,57.9325,57.354,0.1062999999999974,0.5784999999999982
2017-12-28,57.5856,57.7717,57.783,57.332,-0.18610000000000326,0.4510000000000005
2017-12-29,57.6783,57.5855,57.9275,57.442,0.09279999999999688,0.4855000000000018
2018-01-01,57.7672,57.7672,57.7672,57.7672,0.0,0.0
2018-01-02,57.4987,57.6717,57.817,57.2167,-0.17300000000000182,0.6002999999999972
2018-01-03,57.1467,57.4988,57.625,57.1049,-0.3521000000000001,0.5200999999999993
2018-01-04,56.9687,57.178000000000004,57.29,56.7895,-0.20930000000000604,0.5005000000000024
2018-01-05,56.8705,56.95399999999999,57.1311,56.782,-0.08349999999999369,0.34910000000000707
2018-01-08,57.1275,57.0241,57.18,56.672,0.1034000000000006,0.5080000000000027
2018-01-09,56.9162,57.1276,57.185,56.738,-0.2113999999999976,0.44700000000000273
2018-01-10,57.0534,56.9163,57.1033,56.76,0.13710000000000377,0.3432999999999993
2018-01-11,56.5452,57.0536,57.0774,56.364,-0.5084000000000017,0.7134
2018-01-12,56.6224,56.5451,56.75,56.408,0.07730000000000103,0.34199999999999875
2018-01-15,56.3405,56.5838,56.718999999999994,56.2669,-0.24329999999999785,0.4520999999999944
2018-01-16,56.5142,56.3404,56.586999999999996,56.188,0.17379999999999995,0.3989999999999938
2018-01-17,56.8664,56.5143,56.9583,56.32,0.3521000000000001,0.638300000000001
2018-01-18,56.5308,56.8695,56.913999999999994,56.41,-0.3387000000000029,0.5039999999999978
2018-01-19,56.7449,56.5307,56.7617,56.32,0.21419999999999817,0.4416999999999973
2018-01-22,56.4934,56.6276,56.748999999999995,56.4475,-0.13419999999999987,0.3014999999999972
2018-01-23,56.3774,56.4973,56.59,56.3258,-0.11990000000000123,0.26420000000000243
2018-01-24,56.1593,56.3725,56.473,56.056000000000004,-0.2132000000000005,0.4169999999999945
2018-01-25,55.9103,56.034,56.266999999999996,55.5872,-0.12369999999999948,0.6797999999999931
2018-01-26,56.2456,55.9127,56.2815,55.7337,0.3329000000000022,0.5478000000000023
2018-01-29,56.3106,56.2345,56.519,56.1,0.07610000000000383,0.41899999999999693
2018-01-30,56.318999999999996,56.3122,56.4407,55.8785,0.006799999999998363,0.5621999999999971
2018-01-31,56.2341,56.3202,56.4686,56.056000000000004,-0.08610000000000184,0.41259999999999764
2018-02-01,55.9802,56.233999999999995,56.43,55.81399999999999,-0.25379999999999114,0.6160000000000068
2018-02-02,56.5429,55.9871,56.563,55.836000000000006,0.555800000000005,0.7269999999999968
2018-02-05,57.2994,56.4556,57.368,56.364,0.8438000000000017,1.0040000000000049
2018-02-06,56.8622,57.2995,57.6496,56.738,-0.43730000000000047,0.9116
2018-02-07,57.8604,56.8619,58.1635,56.7505,0.9984999999999999,1.4129999999999967
2018-02-08,58.4118,57.8562,58.507,57.52,0.5555999999999983,0.9869999999999948
2018-02-09,58.36600000000001,58.4141,58.7676,57.9106,-0.04809999999999093,0.8569999999999993
2018-02-12,57.7881,58.3305,58.3567,57.6586,-0.5424000000000007,0.6980999999999966
2018-02-13,57.6572,57.772,57.97,57.574,-0.11479999999999535,0.3960000000000008
2018-02-14,56.7314,57.6573,57.7802,56.7015,-0.9258999999999986,1.0786999999999978
2018-02-15,56.492,56.7315,56.8796,56.335,-0.2394999999999996,0.5446000000000026
2018-02-16,56.4128,56.4886,56.5042,56.078,-0.07580000000000098,0.42619999999999436
2018-02-19,56.4029,56.48,56.5502,56.2437,-0.0770999999999944,0.3064999999999998
2018-02-20,56.5504,56.4132,56.7688,56.254,0.1372,0.514800000000001
2018-02-21,56.7497,56.5559,56.8534,56.408,0.19379999999999598,0.44539999999999935
2018-02-22,56.5147,56.7498,56.8662,56.3598,-0.23510000000000275,0.5063999999999993
2018-02-23,56.1662,56.5151,56.6,55.968,-0.3488999999999933,0.6319999999999979
2018-02-26,55.6577,56.1603,56.2094,55.556000000000004,-0.502600000000001,0.6533999999999978
2018-02-27,56.2311,55.6576,56.356,55.418,0.5734999999999957,0.9380000000000024
2018-02-28,56.3557,56.2666,56.467,55.9635,0.08910000000000196,0.5034999999999954
2018-03-01,56.8248,56.3559,57.0559,56.254,0.468900000000005,0.8019000000000034
2018-03-02,56.8039,56.8155,57.3811,56.575,-0.011600000000001387,0.8061000000000007
2018-03-05,56.4431,56.979,57.36600000000001,56.298,-0.535899999999998,1.068000000000005
2018-03-06,56.6872,56.4429,56.7578,56.2618,0.24429999999999552,0.4960000000000022
2018-03-07,56.8377,56.687,57.0638,56.606,0.1507000000000005,0.4577999999999989
2018-03-08,57.1042,56.8378,57.1675,56.693999999999996,0.2663999999999973,0.47350000000000136
2018-03-09,56.6614,57.1047,57.1301,56.54,-0.4433000000000007,0.5900999999999996
2018-03-12,56.9001,56.6879,56.9898,56.4864,0.21220000000000283,0.5033999999999992
2018-03-13,57.0766,56.9002,57.136,56.64,0.176400000000001,0.4960000000000022
2018-03-14,57.044,57.0767,57.31,56.672,-0.0327000000000055,0.6380000000000052
2018-03-15,57.4409,57.0421,57.5329,56.848,0.3988000000000014,0.684899999999999
2018-03-16,57.5206,57.4485,57.8112,57.376000000000005,0.07209999999999894,0.4351999999999947
2018-03-19,57.7346,57.4935,58.0354,57.4135,0.24110000000000298,0.6219000000000037
2018-03-20,57.5516,57.7345,57.895,57.4224,-0.1828999999999965,0.4725999999999999
2018-03-21,56.8536,57.5511,57.6417,56.833999999999996,-0.697499999999998,0.8077000000000041
2018-03-22,57.2867,56.8526,57.3003,56.7352,0.4341000000000008,0.565100000000001
2018-03-23,57.2334,57.2868,57.3723,56.9865,-0.05339999999999634,0.38580000000000325
2018-03-26,57.229,57.1978,57.515,56.825,0.03119999999999834,0.6899999999999977
2018-03-27,57.4226,57.2291,57.536,57.0331,0.19350000000000023,0.5029000000000039
2018-03-28,57.7677,57.4225,57.8867,57.2904,0.3451999999999984,0.5962999999999994
2018-03-29,57.2802,57.7678,57.8364,57.2476,-0.4876000000000005,0.5887999999999991
2018-03-30,57.1311,57.2801,57.4742,57.0348,-0.1489999999999938,0.43940000000000623
2018-04-02,57.4978,57.1467,57.6449,57.1254,0.3510999999999953,0.5195000000000007
2018-04-03,57.6153,57.4979,57.705,57.3279,0.1173999999999964,0.37709999999999866
2018-04-04,57.4329,57.6152,57.905,57.406000000000006,-0.182300000000005,0.4989999999999952
2018-04-05,57.6144,57.4346,57.775,57.4292,0.17980000000000018,0.345799999999997
2018-04-06,58.1549,57.6154,58.1706,57.5876,0.5394999999999968,0.5829999999999984
2018-04-09,60.6313,58.1042,60.665,58.0727,2.5271000000000043,2.5923000000000016
2018-04-10,63.0663,60.6314,63.92100000000001,60.2092,2.434899999999999,3.7118000000000038
2018-04-11,62.4159,63.0662,65.0359,62.05,-0.6503000000000014,2.985900000000001
2018-04-12,62.0055,62.416000000000004,63.1025,61.2803,-0.4105000000000061,1.8222000000000023
2018-04-13,62.0238,62.0054,62.3494,61.2084,0.01839999999999975,1.1410000000000053
2018-04-16,61.174,63.0067,63.0173,60.9924,-1.8327000000000027,2.0248999999999953
2018-04-17,61.5514,61.1742,62.044,60.8439,0.377200000000002,1.200099999999999
2018-04-18,60.8679,61.5517,61.9665,60.7545,-0.683799999999998,1.2120000000000033
2018-04-19,60.9851,60.8667,61.2015,60.582,0.11840000000000117,0.6195000000000022
2018-04-20,61.3868,60.9364,61.599,60.9001,0.4504000000000019,0.6988999999999947
2018-04-23,61.8608,61.2501,62.185,61.1922,0.6106999999999942,0.9928000000000026
2018-04-24,61.5458,61.8607,61.8666,61.3565,-0.3149000000000015,0.5101000000000013
2018-04-25,62.418,61.5457,62.4911,61.4997,0.8723000000000027,0.9914000000000058
2018-04-26,62.7379,62.4179,63.035,62.135,0.3200000000000003,0.8999999999999986
2018-04-27,62.1262,62.7356,62.8451,61.7177,-0.6094000000000008,1.1274000000000015
2018-04-30,62.9655,62.5645,63.1609,62.178000000000004,0.40099999999999625,0.9828999999999937
2018-05-01,63.625,62.9796,63.855,62.931000000000004,0.6454000000000022,0.9239999999999924
2018-05-02,63.856,63.7098,64.288,62.0595,0.14620000000000033,2.228499999999997
2018-05-03,63.001000000000005,63.9981,64.0256,62.8585,-0.9970999999999961,1.1670999999999978
2018-05-04,62.596000000000004,63.0022,63.477,62.336999999999996,-0.40619999999999834,1.1400000000000006
2018-05-05,62.596000000000004,62.596000000000004,62.596000000000004,62.596000000000004,0.0,0.0
2018-05-06,62.4995,62.4995,62.4995,62.4555,0.0,0.04399999999999693
2018-05-07,62.922,62.9575,63.0105,62.3495,-0.03550000000000608,0.6610000000000014
2018-05-08,63.2105,62.9199,63.672,62.7238,0.29060000000000485,0.9481999999999999
2018-05-09,63.0505,63.1742,64.1585,62.8945,-0.12369999999999948,1.264000000000003
2018-05-10,61.7363,63.0506,63.1297,61.5685,-1.314300000000003,1.5611999999999995
2018-05-11,61.8995,61.7364,62.0405,61.407,0.16310000000000002,0.6335000000000051
2018-05-12,61.8995,61.8995,61.8995,61.8995,0.0,0.0
2018-05-13,61.5195,61.9785,61.9785,61.5195,-0.4589999999999961,0.4589999999999961
2018-05-14,61.856,61.662,61.942,61.548,0.19400000000000261,0.39399999999999835
2018-05-15,62.2914,61.8529,62.77,61.7875,0.4385000000000048,0.9825000000000017
2018-05-16,61.7064,62.2915,62.635,61.6217,-0.5850999999999971,1.013300000000001
2018-05-17,62.163999999999994,61.7063,62.2177,61.6285,0.45769999999999555,0.5891999999999982
2018-05-18,62.2295,62.1599,62.6929,61.8295,0.06960000000000122,0.8633999999999986
2018-05-19,62.23,62.23,62.23,62.23,0.0,0.0
2018-05-20,62.4745,62.2795,62.4745,62.2795,0.19500000000000028,0.19500000000000028
2018-05-21,61.6285,62.3325,62.7149,61.516999999999996,-0.7040000000000006,1.1979000000000042
2018-05-22,61.238,61.5578,61.7395,60.9535,-0.31980000000000075,0.7860000000000014
2018-05-23,61.3197,61.233000000000004,61.82,61.2177,0.08669999999999334,0.6022999999999996
2018-05-24,61.5796,61.3198,62.5885,61.288000000000004,0.2597999999999985,1.3004999999999995
2018-05-25,62.2195,61.5795,62.341,61.522,0.6399999999999935,0.8190000000000026
2018-05-26,61.96,61.96,61.96,61.96,0.0,0.0
2018-05-27,62.2095,62.2505,62.2505,61.7545,-0.04100000000000392,0.4960000000000022
2018-05-28,62.3245,62.2005,62.493,62.0792,0.12400000000000233,0.41380000000000194
2018-05-29,62.8678,62.2891,62.933,62.17100000000001,0.5787000000000049,0.7619999999999933
2018-05-30,62.1685,62.8679,62.8965,62.001999999999995,-0.6993999999999971,0.8945000000000078
2018-05-31,62.3846,62.146,62.56100000000001,61.941,0.23859999999999815,0.6200000000000045
2018-06-01,62.295,62.3847,62.495,61.93600000000001,-0.08970000000000056,0.5589999999999904
2018-06-02,62.295,62.295,62.295,62.295,0.0,0.0
2018-06-03,62.479,62.2205,62.479,62.1915,0.25849999999999795,0.2875000000000014
2018-06-04,62.058,62.2165,62.2278,61.0355,-0.15850000000000364,1.192300000000003
2018-06-05,61.707,62.0576,62.448,60.431999999999995,-0.3506,2.0160000000000053
2018-06-06,61.802,61.9624,62.168,61.676,-0.16040000000000276,0.49199999999999733
2018-06-07,62.407,61.7938,62.653999999999996,61.5736,0.6131999999999991,1.0803999999999974
2018-06-08,62.5045,62.4111,62.943000000000005,62.231,0.09340000000000259,0.7120000000000033
2018-06-09,62.3995,62.505,62.505,62.3045,-0.10549999999999926,0.20050000000000523
2018-06-10,60.6695,62.353,62.353,60.6695,-1.6835000000000022,1.6835000000000022
2018-06-11,62.8015,62.335,62.9181,61.657,0.46649999999999636,1.261100000000006
2018-06-12,63.1025,62.8014,63.965,62.5973,0.30109999999999815,1.3677000000000064
2018-06-13,62.4994,63.102,63.803000000000004,62.0545,-0.6025999999999954,1.748500000000007
2018-06-14,62.5305,62.4995,62.6847,61.961999999999996,0.03100000000000591,0.7227000000000032
2018-06-15,63.162,62.5281,63.345,62.4245,0.633899999999997,0.920499999999997
2018-06-16,63.1625,63.1625,63.1625,63.1625,0.0,0.0
2018-06-17,64.068,63.1305,64.068,63.1305,0.9375,0.9375
2018-06-18,63.4072,63.1525,63.7922,62.8245,0.2546999999999997,0.9677000000000007
2018-06-19,63.861999999999995,63.4076,64.2134,63.379,0.4543999999999926,0.8343999999999951
2018-06-20,63.5945,63.8605,63.8696,63.411,-0.26600000000000534,0.458599999999997
2018-06-21,64.0495,63.593999999999994,64.07300000000001,63.4395,0.4555000000000007,0.6335000000000051
2018-06-22,63.2,63.7851,64.2695,62.802,-0.5850999999999971,1.467499999999994
2018-06-23,63.2,63.2,63.2,63.2,0.0,0.0
2018-06-24,62.924,62.8135,62.924,62.8135,0.11050000000000182,0.11050000000000182
2018-06-25,62.7995,62.9695,63.9895,62.628,-0.1699999999999946,1.3614999999999995
2018-06-26,63.0985,62.7816,63.36,62.6836,0.31690000000000396,0.676400000000001
2018-06-27,63.1697,63.0958,63.3955,62.873000000000005,0.07390000000000185,0.5224999999999937
2018-06-28,62.9828,63.1885,63.891999999999996,62.77,-0.20570000000000022,1.1219999999999928
2018-06-29,62.706,62.9827,63.2585,62.571000000000005,-0.27669999999999817,0.6874999999999929
2018-06-30,62.706,62.706,62.706,62.706,0.0,0.0
2018-07-01,62.7925,62.7925,62.7925,62.7925,0.0,0.0
2018-07-02,63.5925,63.0525,63.7745,62.9484,0.5399999999999991,0.8261000000000038
2018-07-03,63.1335,63.6045,64.1725,63.08,-0.47100000000000364,1.0925000000000011
2018-07-04,63.3604,63.1347,63.3895,62.9756,0.22569999999999624,0.41389999999999816
2018-07-05,63.1395,63.3603,63.4865,62.928000000000004,-0.2208000000000041,0.5584999999999951
2018-07-06,62.9465,63.1368,63.3485,62.9129,-0.19030000000000058,0.4356000000000009
2018-07-07,62.988,62.988,62.988,62.988,0.0,0.0
2018-07-08,62.8745,63.1995,63.1995,62.8745,-0.32500000000000284,0.32500000000000284
2018-07-09,62.5655,62.9445,63.3935,62.3247,-0.3789999999999978,1.068800000000003
2018-07-10,61.8005,62.5409,62.7415,61.635,-0.7404000000000011,1.106500000000004
2018-07-11,62.4235,61.8026,62.445,61.63,0.6208999999999989,0.8149999999999977
2018-07-12,62.265,62.4097,62.4595,61.917,-0.14470000000000027,0.5424999999999969
2018-07-13,62.5895,62.2503,62.765,62.062,0.33919999999999817,0.703000000000003
2018-07-14,62.5895,62.5895,62.5895,62.5895,0.0,0.0
2018-07-15,62.3495,62.566,62.566,62.3495,-0.21650000000000347,0.21650000000000347
2018-07-16,62.3485,62.5805,62.5805,62.097,-0.23199999999999932,0.4834999999999994
2018-07-17,62.6423,62.3491,62.6556,62.21,0.2931999999999988,0.4455999999999989
2018-07-18,63.0454,62.6422,63.255,62.617,0.4031999999999982,0.6380000000000052
2018-07-19,63.626000000000005,63.0455,63.792,62.9585,0.5805000000000078,0.8335000000000008
2018-07-20,63.4685,63.6345,63.7725,62.5495,-0.16600000000000392,1.222999999999999
2018-07-21,63.4685,63.4685,63.4685,63.4685,0.0,0.0
2018-07-22,62.6695,62.6695,62.6695,62.6695,0.0,0.0
2018-07-23,63.0766,63.4645,63.545,62.9567,-0.3879000000000019,0.5883000000000038
2018-07-24,63.312,63.0765,63.559,62.6605,0.2354999999999947,0.8984999999999985
2018-07-25,62.8145,63.3136,63.461000000000006,62.578,-0.49909999999999854,0.8830000000000027
2018-07-26,62.9547,62.8144,63.0915,62.7983,0.14030000000000342,0.2932000000000059
2018-07-27,62.7365,62.9548,63.04600000000001,62.6535,-0.21829999999999927,0.3925000000000054
2018-07-28,62.7365,62.7365,62.7365,62.7365,0.0,0.0
2018-07-29,62.795,62.7565,62.795,62.7565,0.03849999999999909,0.03849999999999909
2018-07-30,62.266000000000005,62.7525,62.9539,61.8805,-0.4864999999999924,1.0733999999999995
2018-07-31,62.4671,62.2409,62.648,62.1164,0.22619999999999862,0.5316000000000045
2018-08-01,62.911,62.4672,63.305,62.2505,0.4438000000000031,1.0544999999999973
2018-08-02,63.341,63.008,63.56100000000001,62.9095,0.3329999999999984,0.6515000000000057
2018-08-03,63.342,63.3419,63.8995,63.1545,9.999999999621423e-05,0.7450000000000045
2018-08-04,63.9,63.9,63.9,63.9,0.0,0.0
2018-08-05,63.6045,63.302,63.6045,63.302,0.302500000000002,0.302500000000002
2018-08-06,63.6724,63.3565,63.79,63.3295,0.3159000000000063,0.46049999999999613
2018-08-07,63.5145,63.6725,63.8626,63.383,-0.15800000000000125,0.4795999999999978
2018-08-08,65.6007,63.519,65.7735,63.423,2.081700000000005,2.3504999999999967
2018-08-09,66.541,65.6006,66.719,65.564,0.9403999999999968,1.1550000000000011
2018-08-10,67.7295,66.619,67.926,66.4973,1.1105000000000018,1.4287000000000063
2018-08-11,67.7295,67.7295,67.7295,67.7295,0.0,0.0
2018-08-12,68.1995,67.702,68.1995,67.6245,0.4975000000000023,0.5750000000000028
2018-08-13,67.575,67.8625,69.2995,66.5505,-0.2874999999999943,2.7489999999999952
2018-08-14,67.1535,67.7339,67.7924,65.8885,-0.5804000000000116,1.9039000000000073
2018-08-15,67.329,66.6251,67.77199999999999,66.238,0.7038999999999902,1.5339999999999918
2018-08-16,66.9085,67.3337,67.3755,66.383,-0.4251999999999896,0.9925000000000068
2018-08-17,67.0345,66.9002,67.6435,66.6905,0.1342999999999961,0.953000000000003
2018-08-18,67.0345,67.0345,67.0345,67.0345,0.0,0.0
2018-08-19,67.203,67.063,67.203,67.0285,0.14000000000000057,0.17450000000000898
2018-08-20,66.986,67.0325,67.36,66.9159,-0.04649999999999466,0.44410000000000593
2018-08-21,67.2556,66.9815,67.624,66.8624,0.27410000000000423,0.7616000000000014
2018-08-22,68.082,67.2557,68.445,67.1585,0.8262999999999892,1.2864999999999895
2018-08-23,68.2975,68.0819,69.0145,67.46300000000001,0.2155999999999949,1.55149999999999
2018-08-24,67.0845,68.2976,68.2985,66.743,-1.2130999999999972,1.5555000000000092
2018-08-25,67.0845,67.0845,67.0845,67.0845,0.0,0.0
2018-08-26,67.2245,67.1625,67.708,67.1625,0.06200000000001182,0.5455000000000041
2018-08-27,67.541,67.225,67.6815,66.977,0.3160000000000025,0.7044999999999959
2018-08-28,67.816,67.4704,67.9245,67.209,0.34560000000000457,0.7154999999999916
2018-08-29,68.077,67.8161,68.3975,67.6775,0.26089999999999236,0.7199999999999989
2018-08-30,68.16199999999999,68.0311,68.4005,67.3245,0.1308999999999969,1.0759999999999934
2018-08-31,67.4255,68.16199999999999,68.298,67.3135,-0.7364999999999924,0.984499999999997
2018-09-01,67.426,67.426,67.426,67.426,0.0,0.0
2018-09-02,67.6245,67.4705,67.972,67.4705,0.15399999999999636,0.501499999999993
2018-09-03,67.926,67.5065,68.175,67.5065,0.4194999999999993,0.6684999999999945
2018-09-04,68.1885,67.9407,68.488,67.8495,0.24779999999999802,0.6384999999999934
2018-09-05,68.2465,68.1388,68.5925,67.946,0.10769999999999413,0.6465000000000032
2018-09-06,69.207,68.2483,69.632,66.7495,0.9586999999999932,2.8825000000000074
2018-09-07,69.90899999999999,69.2071,70.05199999999999,68.797,0.7018999999999949,1.2549999999999955
2018-09-08,69.9045,69.9045,69.9045,69.9045,0.0,0.0
2018-09-09,69.6695,69.6695,69.877,69.6695,0.0,0.20749999999999602
2018-09-10,70.6335,69.9045,70.6335,69.55,0.7289999999999992,1.0835000000000008
2018-09-11,69.3758,70.5913,70.6443,69.3505,-1.2155000000000058,1.2938000000000045
2018-09-12,68.9685,69.3757,69.8055,68.655,-0.4071999999999889,1.1504999999999939
2018-09-13,68.3,69.0013,69.0019,67.9555,-0.7013000000000034,1.0464000000000055
2018-09-14,68.0765,68.2983,68.5484,67.462,-0.22180000000000177,1.0863999999999976
2018-09-15,68.0765,68.0765,68.0765,68.0765,0.0,0.0
2018-09-16,68.025,68.7535,68.7535,68.0245,-0.7284999999999968,0.7289999999999992
2018-09-17,68.1235,68.06,68.365,67.913,0.06350000000000477,0.4519999999999982
2018-09-18,67.3905,68.1036,68.2233,67.303,-0.7130999999999972,0.9202999999999975
2018-09-19,66.7645,67.3909,67.4275,66.6745,-0.6264000000000038,0.7530000000000001
2018-09-20,66.301,66.7642,66.9069,66.2005,-0.4632000000000005,0.7063999999999879
2018-09-21,66.4245,66.3135,66.8533,66.113,0.11099999999999,0.7403000000000048
2018-09-22,66.4245,66.4245,66.4245,66.4245,0.0,0.0
2018-09-23,66.625,66.48,66.9405,66.48,0.14499999999999602,0.46049999999999613
2018-09-24,65.9235,66.7725,66.7725,65.6745,-0.8489999999999895,1.097999999999999
2018-09-25,65.8212,65.9229,66.2355,65.517,-0.1016999999999939,0.7185000000000059
2018-09-26,65.8625,65.8211,66.0924,65.521,0.041399999999995885,0.571399999999997
2018-09-27,65.556,65.8681,66.08800000000001,65.2255,-0.31210000000000093,0.8625000000000114
2018-09-28,65.5745,65.5861,65.939,65.381,-0.011600000000001387,0.5579999999999927
2018-09-29,65.5745,65.5745,65.5745,65.5745,0.0,0.0
2018-09-30,65.347,65.545,65.545,65.347,-0.1980000000000075,0.1980000000000075
2018-10-01,64.99600000000001,65.5865,65.71,64.8532,-0.5904999999999916,0.8567999999999927
2018-10-02,65.4305,64.9959,65.635,64.8894,0.434599999999989,0.7456000000000103
2018-10-03,65.9145,65.4312,65.9732,65.3545,0.48329999999999984,0.618700000000004
2018-10-04,66.8812,65.9169,67.0513,65.8494,0.9643000000000086,1.2018999999999949
2018-10-05,66.6085,66.8813,67.0568,66.407,-0.2727999999999895,0.649799999999999
2018-10-06,66.577,66.577,66.577,66.577,0.0,0.0
2018-10-07,66.688,66.5695,66.688,66.5695,0.11849999999999739,0.11849999999999739
2018-10-08,66.65,66.6185,67.0895,66.2745,0.0315000000000083,0.8149999999999977
2018-10-09,66.227,66.6241,66.87,66.1539,-0.3970999999999947,0.7161000000000115
2018-10-10,66.827,66.2293,66.9075,66.003,0.5977000000000032,0.9044999999999987
2018-10-11,66.2095,66.82300000000001,67.0112,66.007,-0.6135000000000019,1.0041999999999973
2018-10-12,66.065,66.2721,66.419,65.8255,-0.20709999999999695,0.5934999999999917
2018-10-13,66.185,66.185,66.185,66.185,0.0,0.0
2018-10-15,65.5844,65.9928,66.1977,65.28699999999999,-0.4084000000000003,0.9107000000000056
2018-10-16,65.3635,65.5845,65.657,65.25,-0.22100000000000364,0.4069999999999965
2018-10-17,65.52199999999999,65.3608,65.676,65.27199999999999,0.1611999999999938,0.4040000000000106
2018-10-18,65.824,65.5229,65.893,65.46,0.30109999999999104,0.43300000000000693
2018-10-19,65.46300000000001,65.8257,65.9255,65.312,-0.3626999999999896,0.6135000000000019
2018-10-20,65.4635,65.4635,65.4635,65.4635,0.0,0.0
2018-10-21,65.4745,65.3495,65.5005,65.3495,0.125,0.15099999999999625
2018-10-22,65.2136,65.4785,65.6834,64.995,-0.26489999999999725,0.6884000000000015
2018-10-23,65.5095,65.2137,65.7186,65.178,0.29579999999999984,0.5405999999999977
2018-10-24,65.447,65.5299,65.7805,64.955,-0.08289999999999509,0.8255000000000052
2018-10-25,65.5045,65.5861,65.9625,65.408,-0.08160000000000878,0.5545000000000044
2018-10-26,65.6645,65.5341,65.935,65.383,0.13040000000000873,0.5520000000000067
2018-10-27,65.6645,65.6645,65.6645,65.6645,0.0,0.0
2018-10-28,65.988,66.523,66.523,65.4945,-0.5349999999999966,1.028499999999994
2018-10-29,65.8838,65.6965,66.0835,65.4655,0.18729999999999336,0.617999999999995
2018-10-30,65.56,65.8652,65.88600000000001,65.3605,-0.30519999999999925,0.5255000000000081
2018-10-31,65.751,65.5055,65.8851,65.4885,0.24550000000000693,0.3965999999999923
2018-11-01,65.671,65.7334,65.8564,65.564,-0.06239999999999668,0.29240000000000066
2018-11-02,66.1745,65.6857,66.291,65.518,0.4887999999999977,0.7729999999999961
2018-11-03,66.1525,66.1525,66.1525,66.1525,0.0,0.0
2018-11-04,66.1745,66.1935,66.1935,66.1745,-0.019000000000005457,0.019000000000005457
2018-11-05,66.061,66.0965,66.4716,65.9555,-0.03549999999999898,0.5160999999999945
2018-11-06,66.1249,66.0737,66.3235,65.7395,0.05119999999999436,0.583999999999989
2018-11-07,66.1755,66.1248,66.3445,65.831,0.050700000000006185,0.5134999999999934
2018-11-08,66.8989,66.1994,66.9624,66.1261,0.6995000000000005,0.8363000000000085
2018-11-09,67.8495,66.8988,68.1995,66.7065,0.9507000000000119,1.492999999999995
2018-11-10,67.7075,67.7075,67.7075,67.7075,0.0,0.0
2018-11-11,67.8845,67.8745,67.9325,67.862,0.010000000000005116,0.07050000000000978
2018-11-12,67.84100000000001,67.8825,67.9539,67.203,-0.04149999999998499,0.7509000000000015
2018-11-13,68.025,67.8561,68.2005,67.544,0.16890000000000782,0.6565000000000083
2018-11-14,67.195,68.027,68.2785,67.0064,-0.8320000000000078,1.2720999999999947
2018-11-15,65.94,67.1032,67.245,65.7995,-1.1632000000000033,1.4455000000000098
2018-11-16,65.9745,65.8946,66.1985,65.6645,0.07990000000000919,0.5339999999999918
2018-11-17,65.975,65.975,65.975,65.975,0.0,0.0
2018-11-18,65.9795,66.0395,66.0405,65.9795,-0.060000000000002274,0.06099999999999284
2018-11-19,65.607,65.9905,66.1317,65.487,-0.38349999999999795,0.6447000000000003
2018-11-20,66.1106,65.6057,66.238,65.5185,0.5049000000000063,0.7194999999999965
2018-11-21,65.5631,66.033,66.5295,65.4245,-0.46989999999999554,1.105000000000004
2018-11-22,65.6045,65.5632,66.5195,65.4205,0.041300000000006776,1.0989999999999895
2018-11-23,66.2165,65.6193,66.4174,65.2995,0.5972000000000008,1.117900000000006
2018-11-24,66.131,66.131,66.131,66.131,0.0,0.0
2018-11-26,67.1725,66.5774,67.347,66.3675,0.5951000000000022,0.9794999999999874
2018-11-27,67.029,67.1696,67.37899999999999,66.467,-0.14060000000000628,0.9119999999999919
2018-11-28,66.79,67.0769,67.54,66.76899999999999,-0.2868999999999886,0.771000000000015
2018-11-29,66.1757,66.9137,67.2995,65.87899999999999,-0.7379999999999995,1.420500000000004
2018-11-30,67.055,66.1758,67.3105,65.8745,0.8792000000000115,1.436000000000007
2018-12-01,67.086,67.055,67.086,66.835,0.0309999999999917,0.2510000000000048
2018-12-02,66.9245,67.082,67.7495,66.44800000000001,-0.15749999999999886,1.30149999999999
2018-12-03,66.5135,66.7995,66.7995,65.687,-0.28600000000000136,1.1124999999999972
2018-12-04,66.8995,66.5076,66.9424,66.205,0.3919000000000068,0.737400000000008
2018-12-05,66.6335,66.9192,66.9327,66.4626,-0.2857000000000056,0.4701000000000022
2018-12-06,66.788,66.6332,67.248,66.4956,0.1547999999999945,0.7524000000000086
2018-12-07,66.407,66.8932,67.07,65.983,-0.48619999999999663,1.086999999999989
2018-12-08,66.208,66.208,66.208,66.208,0.0,0.0
2018-12-09,66.2745,66.425,66.425,66.1795,-0.15049999999999386,0.24549999999999272
2018-12-10,66.6771,66.4455,66.7771,66.14399999999999,0.23160000000000025,0.6331000000000131
2018-12-11,66.446,66.6772,66.6931,66.217,-0.23120000000000118,0.4761000000000024
2018-12-12,66.411,66.4387,66.53699999999999,66.122,-0.02769999999999584,0.41499999999999204
2018-12-13,66.3485,66.436,67.9355,66.132,-0.08750000000000568,1.8034999999999997
2018-12-14,66.8005,66.3181,68.163,66.23899999999999,0.4823999999999984,1.9240000000000066
2018-12-15,66.8005,66.8005,66.8005,66.8005,0.0,0.0
2018-12-16,66.63600000000001,66.765,66.765,66.575,-0.12899999999999068,0.18999999999999773
2018-12-17,66.6355,66.6345,66.807,66.4354,0.000999999999990564,0.3716000000000008
2018-12-18,67.4803,66.681,67.5539,66.45,0.7993000000000023,1.1038999999999959
2018-12-19,67.406,67.4804,67.813,66.976,-0.07439999999999714,0.8370000000000033
2018-12-20,68.3375,67.4227,68.708,67.2405,0.9147999999999996,1.4675000000000011
2018-12-21,68.8175,68.3346,69.1475,67.86,0.4829000000000008,1.2874999999999943
2018-12-22,68.7835,68.913,68.913,68.7835,-0.12949999999999307,0.12949999999999307
2018-12-23,68.7495,69.0,70.2495,68.7495,-0.2505000000000024,1.5
2018-12-24,68.641,68.8085,68.9305,68.183,-0.16749999999998977,0.7474999999999881
2018-12-25,68.7312,68.6421,70.167,67.458,0.08910000000000196,2.709000000000003
2018-12-26,68.75,68.7413,70.42699999999999,68.5995,0.008700000000004593,1.8274999999999864
2018-12-27,69.5725,68.6816,69.751,68.568,0.890900000000002,1.183000000000007
2018-12-28,69.5975,69.5618,69.7575,67.9495,0.035699999999991405,1.8079999999999927
2018-12-29,69.475,69.4995,69.4995,69.4045,-0.024500000000003297,0.09499999999999886
2018-12-30,69.5545,69.4545,69.64,69.4545,0.10000000000000853,0.18550000000000466
2018-12-31,69.503,69.574,69.819,68.9495,-0.07099999999999795,0.8695000000000022
2019-01-01,69.1845,69.209,69.9755,69.1845,-0.024500000000003297,0.7909999999999968
2019-01-02,69.0432,69.7144,69.8145,68.6645,-0.6711999999999989,1.1499999999999915
2019-01-03,68.9,69.0433,70.0645,68.52199999999999,-0.14329999999999643,1.542500000000004
2019-01-04,67.2395,69.0213,69.0485,67.232,-1.7817999999999898,1.8165000000000049
2019-01-05,67.2395,67.2395,67.2395,67.2395,0.0,0.0
2019-01-06,68.0595,68.0505,68.0595,67.8495,0.009000000000000341,0.20999999999999375
2019-01-07,66.6435,68.0095,68.0595,66.5995,-1.3659999999999997,1.4599999999999937
2019-01-08,66.881,66.6715,67.3092,66.6385,0.20950000000000557,0.6707000000000107
2019-01-09,66.715,66.8855,67.2416,66.626,-0.17049999999998988,0.6156000000000006
2019-01-10,66.9395,66.7145,67.337,66.6295,0.22499999999999432,0.7075000000000102
2019-01-11,67.013,66.9281,67.156,66.79,0.08490000000000464,0.36599999999999966
2019-01-12,67.0125,67.0125,67.0125,67.0125,0.0,0.0
2019-01-13,66.8805,66.8925,66.9085,66.8245,-0.012000000000000455,0.08400000000000318
2019-01-14,67.0035,66.8785,67.29899999999999,66.8245,0.125,0.47449999999999193
2019-01-15,67.0658,67.0179,67.145,66.8859,0.0478999999999985,0.25909999999998945
2019-01-16,66.35600000000001,67.0659,67.1345,66.2555,-0.7098999999999904,0.8790000000000049
2019-01-17,66.3745,66.3522,66.6845,66.2636,0.02230000000000132,0.42090000000000316
2019-01-18,66.34899999999999,66.3723,66.5021,66.1089,-0.023300000000006094,0.3931999999999931
2019-01-20,66.2695,66.1995,66.4245,66.1495,0.06999999999999318,0.2749999999999915
2019-01-21,66.389,66.2945,66.475,66.178,0.09449999999999648,0.29699999999999704
2019-01-22,66.5145,66.4002,66.62,66.2845,0.11430000000000007,0.33550000000001035
2019-01-23,66.1195,66.5075,66.5287,66.0285,-0.387999999999991,0.5002000000000066
2019-01-24,65.74600000000001,66.1062,66.148,65.6595,-0.36019999999999186,0.48850000000000193
2019-01-25,66.0985,65.7292,66.6875,65.6345,0.3692999999999955,1.0529999999999973
2019-01-27,65.8295,66.0425,66.68,65.7495,-0.21300000000000807,0.9305000000000092
2019-01-28,66.242,65.812,66.35300000000001,65.5645,0.4300000000000068,0.7885000000000133
2019-01-29,66.072,66.2455,66.40899999999999,65.9639,-0.1735000000000042,0.4450999999999965
2019-01-30,65.4445,66.0573,66.1825,65.3395,-0.6127999999999929,0.8430000000000035
2019-01-31,65.5185,65.4456,66.1991,65.163,0.07290000000000418,1.0361000000000047
2019-02-01,65.485,65.446,65.7375,65.32300000000001,0.03900000000000148,0.41449999999998965
2019-02-03,65.5995,65.449,65.6495,65.449,0.15050000000000807,0.20050000000000523
2019-02-04,65.5662,65.5215,66.382,65.4245,0.044699999999991746,0.9575000000000102
2019-02-05,65.6055,65.5663,65.6452,65.417,0.03920000000000812,0.22820000000000107
2019-02-06,65.721,65.6008,65.9375,65.555,0.12019999999999698,0.3824999999999932
2019-02-07,65.9666,65.8156,66.157,65.657,0.15099999999999625,0.5
2019-02-08,65.618,65.97,66.15100000000001,65.3245,-0.35200000000000387,0.82650000000001
2019-02-09,65.702,65.702,65.702,65.702,0.0,0.0
2019-02-10,65.4745,65.3145,65.7495,65.3145,0.1600000000000108,0.4350000000000023
2019-02-11,65.7245,65.4495,65.9012,65.3995,0.2750000000000057,0.5016999999999996
2019-02-12,65.8718,65.7496,66.252,65.507,0.12219999999999231,0.7449999999999903
2019-02-13,66.5334,65.8719,66.6735,65.611,0.6615000000000038,1.0625
2019-02-14,66.6605,66.5335,67.1645,66.2828,0.12699999999999534,0.8817000000000093
2019-02-15,66.339,66.656,66.7813,66.2359,-0.3170000000000073,0.5454000000000008
2019-02-17,66.1745,66.3495,66.3495,66.1345,-0.17500000000001137,0.2150000000000034
2019-02-18,66.2375,66.2075,66.3905,66.0875,0.030000000000001137,0.30299999999999727
2019-02-19,65.84100000000001,66.2374,66.335,65.697,-0.39639999999998565,0.637999999999991
2019-02-20,65.6005,65.7642,65.935,65.4701,-0.16370000000000573,0.4649000000000001
2019-02-21,65.6556,65.6421,65.7646,65.3691,0.013500000000007617,0.3954999999999984
2019-02-22,65.4295,65.6555,65.71300000000001,65.3074,-0.2259999999999991,0.40560000000000684
2019-02-23,65.5445,65.5445,65.5445,65.5445,0.0,0.0
2019-02-24,65.4965,65.3805,65.531,65.359,0.11599999999999966,0.17200000000001125
2019-02-25,65.5636,65.48100000000001,65.637,65.16199999999999,0.08259999999998513,0.4750000000000085
2019-02-26,65.692,65.5638,65.9354,65.465,0.12819999999999254,0.47039999999999793
2019-02-27,65.7735,65.6905,66.0225,65.667,0.08299999999999841,0.35549999999999216
2019-02-28,65.8453,65.7573,66.0795,65.684,0.08799999999999386,0.3954999999999984
2019-03-01,65.928,65.8502,65.9435,65.618,0.07779999999999632,0.32550000000000523
2019-03-02,65.9165,65.9165,65.9165,65.9165,0.0,0.0
2019-03-03,65.764,65.9085,65.941,65.7455,-0.14450000000000784,0.19549999999999557
2019-03-04,65.73100000000001,65.8785,65.8995,65.5651,-0.14749999999999375,0.33440000000000225
2019-03-05,65.817,65.7281,65.8538,65.4655,0.08889999999999532,0.388300000000001
2019-03-06,65.975,65.8138,66.038,65.7707,0.1611999999999938,0.26729999999999166
2019-03-07,66.253,65.977,66.3025,65.8525,0.27599999999999625,0.44999999999998863
2019-03-08,66.3355,66.2678,66.5046,66.251,0.06770000000000209,0.2535999999999916
2019-03-09,66.3355,66.3355,66.339,66.3355,0.0,0.003500000000002501
2019-03-10,66.377,66.3945,66.441,66.34100000000001,-0.017499999999998295,0.09999999999999432
2019-03-11,65.8756,66.3775,66.42,65.8437,-0.501899999999992,0.5763000000000034
2019-03-12,65.623,65.8742,65.9605,65.5451,-0.2511999999999972,0.4153999999999911
2019-03-13,65.296,65.6225,65.673,65.1595,-0.3264999999999958,0.5135000000000076
2019-03-14,65.479,65.3491,65.5945,65.296,0.12989999999999213,0.29849999999999
2019-03-15,64.8085,65.4787,65.5245,64.777,-0.6702000000000083,0.7475000000000023
2019-03-17,64.8245,64.9005,64.9595,64.7795,-0.0759999999999934,0.18000000000000682
2019-03-18,64.3515,64.818,64.9109,64.1358,-0.46649999999999636,0.7750999999999948
2019-03-19,64.367,64.3459,64.5837,64.1825,0.021100000000004115,0.4011999999999887
2019-03-20,63.8445,64.3632,64.3939,63.648,-0.5187000000000097,0.7458999999999989
2019-03-21,63.7735,63.8439,63.9505,63.532,-0.07039999999999935,0.41850000000000165
2019-03-22,64.6345,63.7739,64.83,63.7005,0.8606000000000051,1.1295000000000002
2019-03-24,64.5295,64.4795,64.6895,64.1945,0.04999999999999716,0.49499999999999034
2019-03-25,64.0052,64.6415,64.7245,63.9135,-0.6362999999999914,0.811000000000007
2019-03-26,64.3817,64.0053,64.4745,63.979,0.37639999999998963,0.49550000000000693
2019-03-27,64.8476,64.381,64.986,64.337,0.4665999999999997,0.6490000000000009
2019-03-28,64.8505,64.8477,65.2905,64.57600000000001,0.0027999999999934744,0.7144999999999868
2019-03-29,65.249,64.8721,65.756,64.6,0.376899999999992,1.156000000000006
2019-03-30,65.6855,65.7015,65.7015,65.2415,-0.015999999999991132,0.45999999999999375
2019-03-31,65.6995,65.7995,66.0245,65.5495,-0.09999999999999432,0.4750000000000085
2019-04-01,65.2475,65.6495,65.845,65.14699999999999,-0.402000000000001,0.6980000000000075
2019-04-02,65.3205,65.2481,65.582,65.2083,0.0724000000000018,0.3736999999999995
2019-04-03,65.2155,65.3268,65.4675,65.042,-0.11129999999999995,0.42549999999999955
2019-04-04,65.464,65.2099,65.6075,65.1334,0.254099999999994,0.47410000000000707
2019-04-05,65.3255,65.4592,65.5401,65.169,-0.13369999999999038,0.37109999999999843
2019-04-06,65.3255,65.3255,65.3255,65.3255,0.0,0.0
2019-04-07,65.505,65.2775,65.505,65.2775,0.22749999999999204,0.22749999999999204
2019-04-08,64.9735,65.3855,65.512,64.8155,-0.41199999999999193,0.6965000000000003
2019-04-09,64.8605,64.9734,65.089,64.635,-0.11289999999999623,0.4539999999999935
2019-04-10,64.2735,64.8758,64.9476,64.2117,-0.6022999999999996,0.7359000000000009
2019-04-11,64.6095,64.2721,64.7052,64.2509,0.33740000000000236,0.4543000000000035
2019-04-12,64.3605,64.6086,64.6984,64.1299,-0.24809999999999377,0.5685000000000002
2019-04-13,64.3605,64.3605,64.3605,64.3605,0.0,0.0
2019-04-14,64.4245,64.3555,64.553,64.2395,0.0689999999999884,0.31349999999999056
2019-04-15,64.3069,64.3575,64.4495,64.175,-0.050600000000002865,0.2745000000000033
2019-04-16,64.0585,64.3053,64.4445,63.961000000000006,-0.24680000000000746,0.4834999999999994
2019-04-17,63.818000000000005,64.064,64.1095,63.783,-0.245999999999988,0.3264999999999958
2019-04-18,63.871,63.8141,64.1564,63.8141,0.05689999999999884,0.3423000000000016
2019-04-19,64.0745,63.8778,64.0745,63.8554,0.19669999999999987,0.2190999999999974
2019-04-21,63.9345,64.0205,64.02199999999999,63.927,-0.08599999999999852,0.09499999999999176
2019-04-22,63.8241,63.9965,64.0758,63.745,-0.1723999999999961,0.33080000000000354
2019-04-23,63.722,63.8263,63.8885,63.6586,-0.10430000000000206,0.22990000000000066
2019-04-24,64.4735,63.718,64.52199999999999,63.6961,0.7554999999999978,0.8258999999999901
2019-04-25,64.641,64.4076,64.977,64.23899999999999,0.23340000000000316,0.7380000000000138
2019-04-26,64.781,64.641,64.888,64.4595,0.14000000000000057,0.42849999999999966
2019-04-28,64.70100000000001,65.0245,65.0245,64.70100000000001,-0.3234999999999957,0.3234999999999957
2019-04-29,64.485,64.70100000000001,64.8385,64.1695,-0.21600000000000819,0.6689999999999969
2019-04-30,64.6413,64.4943,65.0075,64.3325,0.14700000000000557,0.6749999999999972
2019-05-01,64.7045,64.6355,64.9271,64.524,0.06900000000000261,0.4030999999999949
2019-05-02,65.4089,64.7045,65.574,64.7045,0.7044000000000068,0.8695000000000022
2019-05-03,65.0825,65.4085,65.6037,65.018,-0.3260000000000076,0.5857000000000028
2019-05-05,65.2945,65.0815,65.5995,65.0815,0.21299999999999386,0.5180000000000007
2019-05-06,65.3395,65.0875,65.5055,65.0514,0.25199999999999534,0.45409999999999684
2019-05-07,65.404,65.3384,65.4755,64.8182,0.06560000000000343,0.6572999999999922
2019-05-08,65.0367,65.4011,65.4152,64.905,-0.3644000000000034,0.5101999999999975
2019-05-09,65.253,65.0366,65.555,65.0047,0.21639999999999304,0.5503000000000071
2019-05-10,65.09100000000001,65.2528,65.4505,65.0536,-0.1617999999999853,0.39690000000000225
2019-05-12,65.1245,65.9995,65.9995,65.1245,-0.875,0.875
2019-05-13,65.328,65.179,65.682,65.1245,0.1490000000000009,0.5575000000000045
2019-05-14,64.9145,65.3696,65.438,64.8562,-0.4551000000000016,0.5818000000000012
2019-05-15,64.6785,64.9099,64.983,64.487,-0.2313999999999936,0.4960000000000093
2019-05-16,64.6785,64.6682,64.743,64.392,0.010300000000000864,0.3509999999999991
2019-05-17,64.705,64.6598,64.801,64.557,0.045199999999994134,0.24399999999999977
2019-05-18,64.705,64.705,64.705,64.705,0.0,0.0
2019-05-19,64.7995,64.6995,64.80199999999999,64.6995,0.09999999999999432,0.10249999999999204
2019-05-20,64.5054,64.7965,64.8425,64.4145,-0.29110000000000014,0.42799999999999727
2019-05-21,64.3755,64.5055,64.628,64.325,-0.12999999999999545,0.30299999999999727
2019-05-22,64.35300000000001,64.3594,64.482,64.15,-0.006399999999985084,0.33199999999999363
2019-05-23,64.8678,64.3437,64.928,64.3437,0.5241000000000042,0.5842999999999989
2019-05-24,64.4905,64.8677,64.8795,64.4054,-0.377200000000002,0.47409999999999286
2019-05-25,64.491,64.491,64.491,64.491,0.0,0.0
2019-05-26,64.4595,64.4845,64.4845,64.456,-0.024999999999991473,0.028499999999993975
2019-05-27,64.3592,64.476,64.529,64.3158,-0.1167999999999978,0.2132000000000005
2019-05-28,64.693,64.3593,64.753,64.3295,0.3336999999999932,0.4235000000000042
2019-05-29,64.9445,64.6922,65.388,64.6392,0.2523000000000053,0.7488000000000028
2019-05-30,65.2245,64.9449,65.4305,64.8829,0.27960000000000207,0.5475999999999885
2019-05-31,65.2845,65.1937,65.5905,65.1165,0.09079999999998734,0.47400000000000375
2019-06-02,65.6495,65.3945,65.9245,65.2085,0.25500000000000966,0.715999999999994
2019-06-03,65.3155,65.6505,65.7245,65.155,-0.33499999999999375,0.569500000000005
2019-06-04,65.1815,65.3154,65.453,65.0015,-0.13389999999999702,0.45150000000001
2019-06-05,65.3,65.1759,65.4105,64.96,0.12409999999999854,0.45050000000000523
2019-06-06,65.0755,65.3049,65.3501,65.0155,-0.22939999999999827,0.3345999999999947
2019-06-07,64.847,65.0875,65.1505,64.743,-0.24050000000001148,0.40749999999999886
2019-06-09,64.9595,64.9995,64.9995,64.1395,-0.03999999999999204,0.8599999999999994
2019-06-10,64.666,65.0335,65.0335,64.6335,-0.3675000000000068,0.4000000000000057
2019-06-11,64.5495,64.6721,64.7465,64.4445,-0.1226000000000056,0.3019999999999925
2019-06-12,64.852,64.5337,64.9538,64.5245,0.3183000000000078,0.4292999999999978
2019-06-13,64.5545,64.8525,64.8829,64.4987,-0.2980000000000018,0.384200000000007
2019-06-14,64.3855,64.5582,64.6177,64.2175,-0.17270000000000607,0.4001999999999981
2019-06-15,64.402,64.402,64.402,64.402,0.0,0.0
2019-06-16,64.36399999999999,64.363,64.4555,64.163,0.000999999999990564,0.292500000000004
2019-06-17,64.32300000000001,64.365,64.4043,64.133,-0.04199999999998738,0.27130000000001075
2019-06-18,64.047,64.3282,64.6435,63.9135,-0.28119999999999834,0.730000000000004
2019-06-19,63.7066,64.0484,64.0951,63.6866,-0.3417999999999992,0.40850000000000364
2019-06-20,62.8623,63.7064,63.7986,62.8521,-0.8441000000000045,0.9465000000000003
2019-06-21,63.2225,62.8628,63.7885,62.8494,0.3596999999999966,0.9390999999999963
2019-06-24,62.5588,63.0981,63.1695,62.5299,-0.5393000000000043,0.6396000000000015
2019-06-25,62.99100000000001,62.5589,63.0295,62.495,0.4321000000000055,0.5345000000000013
2019-06-26,63.028,62.9351,63.297,62.732,0.0929000000000002,0.5649999999999977
2019-06-27,63.066,63.0243,63.26,62.6944,0.041700000000005844,0.5655999999999963
2019-06-28,63.19,63.0666,63.3318,62.852,0.12339999999999662,0.47980000000000445
2019-06-30,63.0995,63.2495,63.3395,62.996,-0.14999999999999858,0.3434999999999988
2019-07-01,62.879,63.1105,63.2465,62.785,-0.23150000000000404,0.4615000000000009
2019-07-02,63.276,62.9335,63.3859,62.8759,0.34250000000000114,0.509999999999998
2019-07-03,63.3237,63.2783,63.667,63.265,0.04540000000000077,0.402000000000001
2019-07-04,63.4917,63.3286,63.5175,63.251000000000005,0.16310000000000002,0.2664999999999935
2019-07-05,63.8105,63.4918,63.865,63.4235,0.31869999999999976,0.4415000000000049
2019-07-06,63.8065,63.8085,63.8085,63.8065,-0.0020000000000024443,0.0020000000000024443
2019-07-07,63.4245,63.808,63.895,63.4245,-0.38349999999999795,0.47050000000000125
2019-07-08,63.6335,63.6965,64.2085,63.4245,-0.06300000000000239,0.7839999999999989
2019-07-09,63.816,63.6605,63.9395,62.713,0.15550000000000352,1.2265000000000015
2019-07-10,63.114,63.8358,63.925,62.9992,-0.7218000000000018,0.9257999999999953
2019-07-11,62.8245,63.1038,63.173,62.7595,-0.2792999999999992,0.4134999999999991
2019-07-12,63.0115,62.8246,63.1932,62.8095,0.1869000000000014,0.3836999999999975
2019-07-14,63.1245,62.997,63.4695,62.7245,0.12749999999999773,0.7449999999999974
2019-07-15,62.622,63.0315,63.1695,62.5609,-0.4095000000000013,0.6086000000000027
2019-07-16,63.028999999999996,62.6276,63.0934,62.6145,0.4013999999999953,0.478900000000003
2019-07-17,62.9525,63.0268,63.8385,62.7218,-0.07430000000000092,1.1167000000000016
2019-07-18,62.8615,62.9469,63.138999999999996,62.6585,-0.08539999999999992,0.48049999999999926
2019-07-19,63.0185,62.8319,63.0891,62.745,0.18660000000000565,0.3441000000000045
2019-07-22,63.0665,63.0054,63.1277,62.9275,0.06109999999999616,0.20019999999999527
2019-07-23,63.2134,63.0651,63.3605,62.9776,0.148299999999999,0.38289999999999935
2019-07-24,63.277,63.2137,63.5085,63.0025,0.06329999999999814,0.5060000000000002
2019-07-25,63.2485,63.2785,63.4245,62.836999999999996,-0.030000000000001137,0.5875000000000057
2019-07-26,63.35,63.2389,63.5025,62.773,0.11110000000000042,0.7294999999999945
2019-07-27,63.0565,63.0565,63.0565,63.0565,0.0,0.0
2019-07-28,63.1745,63.1745,63.409,63.1495,0.0,0.2594999999999956
2019-07-29,63.4267,63.26,63.6345,63.0895,0.16669999999999874,0.5450000000000017
2019-07-30,63.526,63.4225,63.945,63.2435,0.10350000000000392,0.7015000000000029
2019-07-31,63.4595,63.5363,63.8021,63.0995,-0.07679999999999865,0.7026000000000039
2019-08-01,64.1905,63.5538,64.41,63.126000000000005,0.6366999999999976,1.2839999999999918
2019-08-02,65.215,64.3074,65.4705,64.1895,0.9076000000000022,1.281000000000006
2019-08-04,65.183,65.179,65.6295,64.863,0.0040000000000048885,0.7664999999999935
2019-08-05,65.4495,65.058,65.6845,64.693,0.3914999999999935,0.991500000000002
2019-08-06,65.29,65.4898,66.2105,64.845,-0.1997999999999962,1.3654999999999973
2019-08-07,65.39,65.2907,65.693,64.949,0.0992999999999995,0.7439999999999998
2019-08-08,65.10300000000001,65.3894,65.5042,64.9475,-0.2863999999999862,0.5566999999999922
2019-08-09,65.2865,65.1031,65.533,65.044,0.183400000000006,0.4890000000000043
2019-08-11,65.4345,65.4995,65.521,65.361,-0.06499999999999773,0.1599999999999966
2019-08-12,65.4785,65.4245,65.687,65.248,0.054000000000002046,0.43899999999999295
2019-08-13,64.9005,65.4512,65.8825,64.788,-0.5507000000000062,1.0944999999999965
2019-08-14,66.078,64.9147,66.14399999999999,64.892,1.1633000000000067,1.2519999999999953
2019-08-15,66.139,66.0883,66.5825,65.657,0.050699999999991974,0.9254999999999995
2019-08-16,66.569,66.0769,66.6146,65.6745,0.49210000000000775,0.940100000000001
2019-08-18,66.3195,66.4865,66.508,65.6745,-0.1670000000000016,0.8335000000000008
2019-08-19,66.9988,66.3205,67.0475,66.263,0.6783000000000072,0.7844999999999942
2019-08-20,66.441,66.9891,67.1013,66.42699999999999,-0.5480999999999909,0.6743000000000023
2019-08-21,65.7835,66.4683,66.5295,65.637,-0.6847999999999956,0.8924999999999983
2019-08-22,65.5655,65.7775,65.9403,65.4465,-0.2120000000000033,0.49379999999999313
2019-08-23,66.0195,65.5673,66.2105,65.508,0.4521999999999906,0.7025000000000006
2019-08-25,66.2245,66.03699999999999,66.2545,65.7995,0.1875000000000142,0.4549999999999983
2019-08-26,66.0985,66.2125,66.3445,65.7395,-0.11400000000000432,0.6049999999999898
2019-08-27,66.4385,66.0988,66.702,66.012,0.33970000000000766,0.6899999999999977
2019-08-28,66.7729,66.4386,66.9755,66.3152,0.33430000000001314,0.6602999999999923
2019-08-29,66.516,66.7735,66.9215,66.423,-0.2574999999999932,0.49849999999999284
2019-08-30,66.7125,66.5341,66.831,66.3075,0.17840000000001055,0.5234999999999985
2019-09-01,66.737,66.7475,66.75,66.6845,-0.010500000000007503,0.06550000000000011
2019-09-02,66.7705,66.738,66.913,66.539,0.03249999999999886,0.3739999999999952
2019-09-03,66.7745,66.7963,67.137,66.6845,-0.02179999999999893,0.45250000000000057
2019-09-04,66.169,66.7749,66.7926,66.0745,-0.6059000000000054,0.7180999999999926
2019-09-05,66.1329,66.176,66.275,65.8892,-0.043099999999995475,0.38580000000000325
2019-09-06,65.7995,66.1328,66.2272,65.585,-0.33330000000000837,0.6422000000000025
2019-09-08,65.8135,66.0895,66.0895,65.7615,-0.27599999999999625,0.32800000000000296
2019-09-09,65.5455,65.66199999999999,65.9895,65.355,-0.11649999999998784,0.6345000000000027
2019-09-10,65.46600000000001,65.5465,65.5672,65.2469,-0.08049999999998647,0.32030000000000314
2019-09-11,65.5885,65.4555,65.6401,65.288,0.13299999999999557,0.3521000000000072
2019-09-12,64.8755,65.5431,65.5895,64.6665,-0.6675999999999931,0.9230000000000018
2019-09-13,64.301,64.7603,64.8755,64.1535,-0.45929999999999893,0.7220000000000084
2019-09-14,64.4065,64.301,64.4125,64.298,0.10549999999999216,0.1144999999999925
2019-09-15,63.953,64.3745,64.4295,63.8595,-0.42149999999999466,0.5700000000000074
2019-09-16,64.015,63.9845,64.1745,63.6655,0.030500000000003524,0.5089999999999932
2019-09-17,64.4403,64.0149,64.4755,63.95,0.4253999999999962,0.5254999999999939
2019-09-18,64.31,64.4404,64.5535,64.06,-0.13039999999999452,0.4934999999999974
2019-09-19,64.0394,64.2654,64.3995,63.81399999999999,-0.2259999999999991,0.5855000000000103
2019-09-20,64.01,64.0393,64.1118,63.707,-0.02929999999999211,0.4048000000000016
2019-09-22,64.13600000000001,64.01,64.13600000000001,64.01,0.12600000000000477,0.12600000000000477
2019-09-23,63.846000000000004,64.12899999999999,64.241,63.742,-0.28299999999998704,0.49900000000000233
2019-09-24,64.01899999999999,63.8431,64.0549,63.6113,0.1758999999999915,0.44360000000000355
2019-09-25,64.1988,64.035,64.4805,63.7845,0.16380000000000905,0.6960000000000051
2019-09-26,64.2935,64.1987,64.375,64.108,0.09479999999999222,0.2669999999999959
2019-09-27,64.66,64.2543,64.714,64.23,0.40569999999999595,0.48399999999999466
2019-09-29,64.6505,64.8195,64.8195,64.6205,-0.16900000000001114,0.19899999999999807
2019-09-30,64.8735,64.6495,65.01,64.5345,0.22400000000000375,0.4755000000000109
2019-10-01,65.233,64.8725,65.44,64.76100000000001,0.3605000000000018,0.6789999999999878
2019-10-02,65.562,65.2305,65.8195,65.03,0.33149999999999125,0.7895000000000039
2019-10-03,65.145,65.311,65.5685,64.9895,-0.16600000000001103,0.5789999999999935
2019-10-04,64.66199999999999,65.1291,65.3145,64.547,-0.46710000000000207,0.7674999999999983
2019-10-05,65.1675,65.1675,65.1675,65.1675,0.0,0.0
2019-10-06,64.6505,64.6735,65.0595,64.6235,-0.023000000000010346,0.43599999999999284
2019-10-07,64.983,64.3995,66.2345,64.3995,0.5835000000000008,1.8349999999999937
2019-10-08,65.2395,64.984,65.368,64.752,0.25550000000001205,0.6159999999999997
2019-10-09,64.9095,65.196,65.2845,64.817,-0.28650000000000375,0.46750000000000114
2019-10-10,64.416,64.9075,65.1045,64.4025,-0.49150000000000205,0.7019999999999982
2019-10-11,64.2239,64.42699999999999,64.5395,64.0105,-0.20309999999999206,0.5290000000000106
2019-10-13,64.2395,64.2145,64.2395,64.1595,0.025000000000005684,0.0800000000000125
2019-10-14,64.20100000000001,64.2385,64.435,64.127,-0.037499999999994316,0.30800000000000693
2019-10-15,64.34,64.237,64.51,64.191,0.10300000000000864,0.3190000000000026
2019-10-16,64.1145,64.3152,64.44800000000001,64.0575,-0.20069999999999766,0.39050000000000296
2019-10-17,64.101,64.113,64.233,63.85,-0.012000000000000455,0.38300000000000267
2019-10-18,63.7682,64.1235,64.1576,63.748000000000005,-0.35530000000000683,0.4095999999999975
2019-10-20,63.9485,63.8445,63.9495,63.8285,0.10400000000000631,0.12100000000000222
2019-10-21,63.8385,63.9495,63.9505,63.6289,-0.1109999999999971,0.32159999999999656
2019-10-22,63.675,63.7995,63.8445,63.562,-0.12450000000000472,0.28249999999999886
2019-10-23,63.9395,63.681000000000004,63.9925,63.653,0.25849999999999795,0.339500000000001
2019-10-24,64.0128,63.9405,64.1455,63.7525,0.07229999999999848,0.3930000000000007
2019-10-25,63.88,64.0185,64.0948,63.638999999999996,-0.1385000000000005,0.45580000000001064
2019-10-26,63.9505,63.888000000000005,63.9505,63.888000000000005,0.062499999999992895,0.062499999999992895
2019-10-27,63.8545,63.9105,63.9395,63.6925,-0.055999999999997385,0.2469999999999999
2019-10-28,63.773,63.897,64.042,63.562,-0.12399999999999523,0.480000000000004
2019-10-29,63.9745,63.75,64.0279,63.67,0.22449999999999903,0.3579000000000008
2019-10-30,63.805,63.9738,64.149,63.6976,-0.1687999999999974,0.4513999999999996
2019-10-31,64.1305,63.8055,64.181,63.7105,0.32499999999999574,0.47049999999999415
2019-11-01,63.585,64.1287,64.183,63.373000000000005,-0.5436999999999941,0.8100000000000023
2019-11-03,63.406000000000006,63.643,63.643,63.2605,-0.23699999999999477,0.3825000000000003
2019-11-04,63.468,63.446000000000005,63.5895,63.1695,0.021999999999998465,0.4200000000000017
2019-11-05,63.4835,63.467,63.6835,63.1745,0.016500000000000625,0.5090000000000003
2019-11-06,63.8138,63.481,64.0296,63.4235,0.3327999999999989,0.606100000000005
2019-11-07,63.5335,63.8137,63.9205,63.3745,-0.28020000000000067,0.5459999999999994
2019-11-08,63.8525,63.528999999999996,63.9713,63.496,0.3235000000000028,0.47529999999999717
2019-11-10,63.817,63.8745,63.8745,63.7495,-0.05749999999999744,0.125
2019-11-11,63.8848,63.8185,63.9858,63.8062,0.06629999999999825,0.17960000000000065
2019-11-12,64.2595,63.858999999999995,64.32300000000001,63.773,0.40050000000000807,0.5500000000000043
2019-11-13,64.3245,64.2599,64.4675,64.12899999999999,0.06459999999999866,0.33850000000001046
2019-11-14,63.9283,64.3217,64.345,63.9214,-0.39340000000000686,0.4236000000000004
2019-11-15,63.5405,63.9282,63.9825,63.5405,-0.38769999999999527,0.44200000000000017
2019-11-18,63.873999999999995,63.7588,63.955,63.698,0.11519999999999442,0.2569999999999979
2019-11-19,63.8695,63.8735,63.9153,63.6435,-0.003999999999997783,0.27179999999999893
