Date,Close,Open,Day High,Day Low
1/2/2017,61.2633,61.4995,61.9558,61.1245
1/3/2017,61.0503,61.2625,61.58,60.345
1/4/2017,60.3676,60.9579,61.2015,60.2325
1/5/2017,59.357,60.3989,60.4438,59.1688
1/6/2017,59.6,59.4362,59.765,59.112
1/9/2017,60.1375,59.55,60.1721,59.475
1/10/2017,60.175,60.1375,60.2781,59.8175
1/11/2017,59.8131,60.125,60.6888,59.4744
1/12/2017,59.3825,59.725,59.8132,59.091
1/13/2017,59.595,59.4675,59.86,59.265
1/16/2017,59.8747,59.5,59.9425,59.4
1/17/2017,59.3938,59.76,59.95,58.961
1/18/2017,59.5042,59.3651,59.595,59.0368
1/19/2017,59.695,59.5581,60.262,59.19
1/20/2017,59.6257,59.6951,59.9526,59.5399
1/23/2017,59.5451,59.5399,59.8236,59.3065
1/24/2017,59.1749,59.5452,59.5452,59.076
1/25/2017,59.5013,59.175,59.6713,59.0695
1/26/2017,60.3203,59.5014,60.62,59.3495
1/27/2017,59.8455,60.3202,60.5385,59.5616
1/28/2017,59.8455,59.8455,59.8455,59.8455
1/30/2017,59.7533,59.8124,60.2827,59.7532
1/31/2017,60.1684,59.7532,60.2364,59.6859
2/1/2017,60.1263,60.1683,60.4206,60.0627
2/2/2017,59.405,60.1264,60.1475,58.5597
2/3/2017,59.0064,59.4049,59.61,58.746
2/4/2017,59.0064,59.0064,59.0064,59.0064
2/6/2017,58.9425,58.9812,59.0982,58.585
2/7/2017,59.4776,58.9435,59.5477,58.8912
2/8/2017,59.1527,59.4775,59.6222,59.0891
2/9/2017,58.9084,59.1528,59.2371,58.6933
2/10/2017,58.2331,58.9085,59.045,58.2067
2/11/2017,58.2331,58.2331,58.2331,58.2331
2/13/2017,57.9552,58.2573,58.4403,57.85
2/14/2017,57.0891,57.9551,58.1846,56.8644
2/15/2017,57.1489,57.0892,57.885,56.555
2/16/2017,57.5999,57.149,57.674,56.9919
2/17/2017,58.3715,57.5982,58.5512,57.4644
2/18/2017,58.3715,58.3715,58.3715,58.3715
2/20/2017,57.9761,58.352,58.3521,57.903
2/21/2017,57.4349,57.958,58.0489,57.3905
2/22/2017,58.0408,57.429,58.16,57.3062
2/23/2017,57.7678,58.0409,58.115,57.5675
2/24/2017,58.4487,57.7679,58.59,57.725
2/25/2017,58.4487,58.4487,58.4487,58.4487
2/27/2017,58.2185,58.3866,58.4105,57.5825
2/28/2017,58.3768,58.2184,58.5035,57.8185
3/1/2017,58.2443,58.3769,58.5915,57.9828
3/2/2017,58.7192,58.2442,58.8693,58.1661
3/3/2017,58.239,58.7193,59.0061,58.1379
3/4/2017,58.239,58.239,58.239,58.239
3/6/2017,58.2741,58.2248,58.441,57.93
3/7/2017,58.1735,58.2716,58.3729,57.8802
3/8/2017,58.9081,58.1734,58.99,58.1175
3/9/2017,59.2792,58.9082,59.493,58.6944
3/10/2017,59.0219,59.2898,59.3375,58.71
3/11/2017,59.0219,59.0219,59.0219,59.0219
3/13/2017,58.8136,59.1033,59.305,58.7685
3/14/2017,59.2333,58.8135,59.617,58.7954
3/15/2017,58.4069,59.223,59.2759,58.3775
3/16/2017,57.7733,58.407,58.5498,57.616
3/17/2017,57.2194,57.7732,58.0701,57.1609
3/18/2017,57.2194,57.2194,57.2194,57.2194
3/20/2017,57.3306,57.4219,57.6375,57.1788
3/21/2017,57.6429,57.3307,57.745,57.0025
3/22/2017,57.7613,57.643,58.217,57.5563
3/23/2017,57.3727,57.7614,57.7675,57.2651
3/24/2017,56.9488,57.3728,57.5064,56.887
3/25/2017,56.9488,56.9488,56.9488,56.9488
3/27/2017,56.8931,57.0038,57.2166,56.733
3/28/2017,56.9887,56.8932,57.185,56.7669
3/29/2017,56.6749,56.9888,57.1461,56.5885
3/30/2017,56.0102,56.678,56.759,55.9145
3/31/2017,56.2578,56.0101,56.5358,55.8572
4/3/2017,56.176,56.2667,56.4613,55.9399
4/4/2017,55.9848,56.1759,56.704,55.9848
4/5/2017,56.4493,55.9847,56.4661,55.8029
4/6/2017,56.4335,56.4492,56.5829,56.1802
4/7/2017,57.225,56.4334,57.2702,56.3609
4/10/2017,57.0639,57.4111,57.585,57.0638
4/11/2017,56.9791,57.0735,57.2472,56.8198
4/12/2017,56.6775,56.9792,57.1504,56.542
4/13/2017,56.2936,56.6776,56.7498,56.1659
4/14/2017,56.336,56.2912,56.3896,56.0926
4/17/2017,55.9049,56.3378,56.3378,55.88
4/18/2017,56.2975,55.9027,56.3039,55.8555
4/19/2017,56.6198,56.3018,56.7433,56.0272
4/20/2017,56.1496,56.6119,56.6313,56.0954
4/21/2017,56.4615,56.1494,56.6003,56.03
4/24/2017,55.8169,56.4614,56.4616,55.715
4/25/2017,56.095,55.817,56.2444,55.6825
4/26/2017,57.132,56.0949,57.1952,56.06
4/27/2017,57.007,57.1321,57.27,56.72
4/28/2017,56.9474,57.0069,57.1808,56.6248
5/1/2017,56.987,56.9462,57.036,56.8175
5/2/2017,57.0753,56.9869,57.1622,56.8555
5/3/2017,57.3813,57.0752,57.4054,56.8843
5/4/2017,58.3852,57.3812,58.462,57.2945
5/5/2017,58.06,58.3851,59.0161,57.927
5/8/2017,58.24,58.0628,58.4154,57.9129
5/9/2017,58.454,58.2399,58.5562,58.12
5/10/2017,57.4151,58.4539,58.455,57.4127
5/11/2017,57.1141,57.415,57.5735,56.9255
5/12/2017,57.1034,57.114,57.3504,56.971
5/15/2017,56.3652,57.1147,57.1285,56.216
5/16/2017,56.462,56.3653,56.6396,56.1838
5/17/2017,57.107,56.4621,57.2678,56.4537
5/18/2017,57.5732,57.1071,58.1274,57.0897
5/19/2017,56.925,57.5733,57.662,56.66
5/22/2017,56.6372,56.9619,56.9621,56.4103
5/23/2017,56.3387,56.6293,56.742,56.225
5/24/2017,56.3735,56.3388,56.5743,56.2123
5/25/2017,56.8365,56.3736,57.0179,56.0003
5/26/2017,56.5165,56.8366,57.03,56.4863
5/29/2017,56.5133,56.5165,56.8602,56.2925
5/30/2017,56.593,56.5134,56.7907,56.4525
5/31/2017,56.7454,56.5929,56.947,56.5049
6/1/2017,56.4218,56.7453,56.7575,56.1296
6/2/2017,56.6435,56.4219,56.8514,56.388
6/5/2017,56.6134,56.641,56.7473,56.4226
6/6/2017,56.5028,56.6133,56.7688,56.422
6/7/2017,57.0819,56.5123,57.1704,56.4433
6/8/2017,56.9107,57.082,57.125,56.815
6/9/2017,57.0427,56.9108,57.0564,56.875
6/12/2017,57.0376,57.0312,57.1699,56.935
6/13/2017,56.9127,57.0368,57.0385,56.82
6/14/2017,57.461,56.9126,57.5652,56.83
6/15/2017,57.835,57.4611,57.8875,57.3243
6/16/2017,57.7669,57.8349,57.8785,57.4338
6/19/2017,58.4526,57.7443,58.4776,57.5947
6/20/2017,59.5925,58.4527,59.7749,58.243
6/21/2017,60.275,59.5926,60.4236,59.335
6/22/2017,59.8785,60.2749,60.399,59.6516
6/23/2017,59.4528,59.8784,59.8819,59.3489
6/26/2017,58.9292,59.4586,59.4586,58.7457
6/27/2017,59.4049,58.9293,59.4963,58.635
6/28/2017,59.2517,59.3957,59.8672,59.17
6/29/2017,59.455,59.2516,59.5894,58.9119
6/30/2017,58.9251,59.4551,59.597,58.8713
7/3/2017,59.2709,58.9156,59.4766,58.7993
7/4/2017,59.3935,59.271,59.518,59.135
7/5/2017,60.2135,59.3936,60.2477,59.267
7/6/2017,60.0808,60.2134,60.415,59.765
7/7/2017,60.385,60.0807,60.624,60.0807
7/10/2017,60.295,60.3864,60.5381,60.1766
7/11/2017,60.795,60.2951,60.9934,60.285
7/12/2017,59.935,60.7951,60.7982,59.8999
7/13/2017,59.7834,59.9349,60.285,59.6642
7/14/2017,59.055,59.7833,59.9633,59.041
7/17/2017,59.3226,59.0966,59.4,58.966
7/18/2017,59.115,59.3225,59.462,58.8995
7/19/2017,58.9821,59.1149,59.3895,58.8557
7/20/2017,58.925,58.9822,59.2309,58.7933
7/21/2017,59.2625,58.9251,59.3925,58.777
7/24/2017,60.0074,59.2626,60.2018,59.2625
7/25/2017,59.9875,60.0075,60.1901,59.706
7/26/2017,59.5759,59.9874,60.0585,59.3735
7/27/2017,59.5213,59.5758,59.652,59.3267
7/28/2017,59.5142,59.5212,59.645,59.3688
7/31/2017,59.75,59.5143,60.3388,59.5141
8/1/2017,60.2094,59.7649,60.3849,59.6321
8/2/2017,60.5439,60.2095,60.8363,60.2093
8/3/2017,60.3305,60.5438,60.8463,60.0946
8/4/2017,59.9705,60.3304,60.4782,59.8444
8/7/2017,59.9903,59.9704,60.326,59.8756
8/8/2017,59.8242,59.9902,60.132,59.7026
8/9/2017,60.1056,59.8241,60.22,59.8241
8/10/2017,60.0243,60.1055,60.1545,59.719
8/11/2017,59.8262,60.0244,60.3086,59.7997
8/14/2017,59.8461,59.8261,59.946,59.5641
8/15/2017,59.786,59.8462,60.115,59.6925
8/16/2017,59.4462,59.7861,59.82,59.28
8/17/2017,59.0748,59.4463,59.48,58.9941
8/18/2017,58.9405,59.0747,59.5075,58.9405
8/21/2017,59.1076,58.93,59.212,58.9257
8/22/2017,59.012,59.1075,59.1475,58.9285
8/23/2017,59.0076,59.0119,59.247,58.9988
8/24/2017,59.1653,59.0077,59.2748,59.0075
8/25/2017,58.5845,59.1652,59.2213,58.5519
8/28/2017,58.465,58.598,58.748,58.3373
8/29/2017,58.7598,58.4651,58.885,58.4252
8/30/2017,58.495,58.7597,58.91,58.3287
8/31/2017,58.0117,58.4951,58.661,57.9925
9/1/2017,57.479,58.0116,58.193,57.37
9/4/2017,57.7731,57.5005,57.9549,57.5004
9/5/2017,57.5785,57.773,58.11,57.23
9/6/2017,57.4199,57.5784,57.601,57.258
9/7/2017,56.9665,57.4225,57.475,56.7866
9/8/2017,57.3254,56.9664,57.482,56.7493
9/11/2017,57.2351,57.3564,57.4025,57.0428
9/12/2017,57.6562,57.2354,57.7648,57.068
9/13/2017,57.9682,57.6553,57.9839,57.464
9/14/2017,57.5141,57.9807,57.984,57.3897
9/15/2017,57.6,57.5122,57.771,57.3875
9/18/2017,58.0937,57.7075,58.1585,57.332
9/19/2017,58.12,58.0936,58.3875,57.9176
9/20/2017,58.2029,58.1201,58.294,57.7158
9/21/2017,57.91,58.203,58.3902,57.7609
9/22/2017,57.5335,57.9102,57.9462,57.241
9/25/2017,57.5812,57.6086,57.7505,57.2425
9/26/2017,57.8743,57.5831,58.1513,57.212
9/27/2017,58.1999,57.8743,58.3833,57.738
9/28/2017,57.9468,58.1998,58.5851,57.794
9/29/2017,57.548,57.9467,58.1032,57.475
10/2/2017,57.9001,57.3625,57.9875,57.3043
10/3/2017,57.9341,57.748,58.1661,57.748
10/4/2017,57.6858,57.9334,57.9906,57.5288
10/5/2017,57.7224,57.6814,57.7492,57.3834
10/6/2017,58.1583,57.7225,58.265,57.64
10/9/2017,58.272,58.1501,58.5071,57.9973
10/10/2017,57.9896,58.2626,58.3133,57.7903
10/11/2017,57.81,57.9918,58.069,57.6352
10/12/2017,57.7188,57.8109,57.8477,57.4884
10/13/2017,57.273,57.7187,57.7922,57.0583
10/16/2017,57.2941,57.266,57.3805,56.914
10/17/2017,57.3095,57.2942,57.5454,56.914
10/18/2017,57.4119,57.3099,57.5046,56.7574
10/19/2017,57.2809,57.4109,57.73,57.2583
10/20/2017,57.4825,57.2808,57.6385,57.1559
10/23/2017,57.5327,57.5561,57.6115,57.288
10/24/2017,57.6459,57.5356,57.7034,57.376
10/25/2017,57.7539,57.6458,57.8155,57.42
10/26/2017,57.8657,57.7538,57.8915,57.48
10/27/2017,58.0284,57.8656,58.7701,57.64
10/30/2017,57.9348,58.1297,58.267,57.6626
10/31/2017,58.3392,57.9347,58.6062,57.882
11/1/2017,58.2481,58.3391,58.406,58.0288
11/2/2017,58.2882,58.2482,58.445,57.709
11/3/2017,59.0239,58.288,59.2775,58.058
11/4/2017,59.055,59.055,59.055,59.055
11/6/2017,58.2921,59.0096,59.175,58.205
11/7/2017,59.3765,58.2897,59.44,58.146
11/8/2017,59.2302,59.3766,59.5842,59.074
11/9/2017,59.3171,59.2169,59.435,59.07
11/10/2017,59.187,59.359,59.365,58.9738
11/13/2017,59.3959,59.2542,59.5992,59.07
11/14/2017,60.4255,59.3958,60.5127,59.224
11/15/2017,60.2067,60.324,60.4608,60.0256
11/16/2017,59.6995,60.2068,60.2189,59.5796
11/17/2017,58.9636,59.6994,59.7568,58.872
11/18/2017,58.9636,58.9636,58.9636,58.9636
11/20/2017,59.4336,59.134,59.5805,58.982
11/21/2017,59.1015,59.4314,59.5396,59.0892
11/22/2017,58.4321,59.1017,59.1835,58.3836
11/23/2017,58.4559,58.4314,58.535,58.278
11/24/2017,58.3927,58.4533,58.7435,58.252
11/27/2017,58.4676,58.4099,58.5275,58.0445
11/28/2017,58.417,58.4675,58.575,58.2145
11/29/2017,58.6383,58.4169,58.7837,58.25
11/30/2017,58.4936,58.641,58.74,58.36
12/1/2017,58.8891,58.4937,59.1505,58.432
12/2/2017,58.8891,58.8891,58.8891,58.8891
12/4/2017,58.7564,58.9012,59.1142,58.6495
12/5/2017,58.7923,58.8008,58.872,58.5098
12/6/2017,59.1963,58.7922,59.25,58.63
12/7/2017,59.1789,59.1964,59.385,59.07
12/8/2017,59.0638,59.179,59.3888,58.982
12/11/2017,58.9249,59.1344,59.3197,58.872
12/12/2017,59.2376,58.925,59.3,58.74
12/13/2017,58.599,59.1538,59.2652,58.476
12/14/2017,58.8576,58.6055,58.9242,58.278
12/15/2017,58.8369,58.8633,59.045,58.652
12/18/2017,58.6749,58.564,58.8444,58.5419
12/19/2017,58.7766,58.675,58.8738,58.498
12/20/2017,58.7366,58.7732,58.8151,58.564
12/21/2017,58.4645,58.7367,58.7571,58.42
12/22/2017,58.3177,58.4644,58.6291,58.124
12/25/2017,58.0178,58.3683,58.3938,57.6883
12/26/2017,57.6654,58.0085,58.2766,57.508
12/27/2017,57.7718,57.6655,57.9325,57.354
12/28/2017,57.5856,57.7717,57.783,57.332
12/29/2017,57.6783,57.5855,57.9275,57.442
1/1/2018,57.7672,57.7672,57.7672,57.7672
1/2/2018,57.4987,57.6717,57.817,57.2167
1/3/2018,57.1467,57.4988,57.625,57.1049
1/4/2018,56.9687,57.178,57.29,56.7895
1/5/2018,56.8705,56.954,57.1311,56.782
1/8/2018,57.1275,57.0241,57.18,56.672
1/9/2018,56.9162,57.1276,57.185,56.738
1/10/2018,57.0534,56.9163,57.1033,56.76
1/11/2018,56.5452,57.0536,57.0774,56.364
1/12/2018,56.6224,56.5451,56.75,56.408
1/15/2018,56.3405,56.5838,56.719,56.2669
1/16/2018,56.5142,56.3404,56.587,56.188
1/17/2018,56.8664,56.5143,56.9583,56.32
1/18/2018,56.5308,56.8695,56.914,56.41
1/19/2018,56.7449,56.5307,56.7617,56.32
1/22/2018,56.4934,56.6276,56.749,56.4475
1/23/2018,56.3774,56.4973,56.59,56.3258
1/24/2018,56.1593,56.3725,56.473,56.056
1/25/2018,55.9103,56.034,56.267,55.5872
1/26/2018,56.2456,55.9127,56.2815,55.7337
1/29/2018,56.3106,56.2345,56.519,56.1
1/30/2018,56.319,56.3122,56.4407,55.8785
1/31/2018,56.2341,56.3202,56.4686,56.056
2/1/2018,55.9802,56.234,56.43,55.814
2/2/2018,56.5429,55.9871,56.563,55.836
2/5/2018,57.2994,56.4556,57.368,56.364
2/6/2018,56.8622,57.2995,57.6496,56.738
2/7/2018,57.8604,56.8619,58.1635,56.7505
2/8/2018,58.4118,57.8562,58.507,57.52
2/9/2018,58.366,58.4141,58.7676,57.9106
2/12/2018,57.7881,58.3305,58.3567,57.6586
2/13/2018,57.6572,57.772,57.97,57.574
2/14/2018,56.7314,57.6573,57.7802,56.7015
2/15/2018,56.492,56.7315,56.8796,56.335
2/16/2018,56.4128,56.4886,56.5042,56.078
2/19/2018,56.4029,56.48,56.5502,56.2437
2/20/2018,56.5504,56.4132,56.7688,56.254
2/21/2018,56.7497,56.5559,56.8534,56.408
2/22/2018,56.5147,56.7498,56.8662,56.3598
2/23/2018,56.1662,56.5151,56.6,55.968
2/26/2018,55.6577,56.1603,56.2094,55.556
2/27/2018,56.2311,55.6576,56.356,55.418
2/28/2018,56.3557,56.2666,56.467,55.9635
3/1/2018,56.8248,56.3559,57.0559,56.254
3/2/2018,56.8039,56.8155,57.3811,56.575
3/5/2018,56.4431,56.979,57.366,56.298
3/6/2018,56.6872,56.4429,56.7578,56.2618
3/7/2018,56.8377,56.687,57.0638,56.606
3/8/2018,57.1042,56.8378,57.1675,56.694
3/9/2018,56.6614,57.1047,57.1301,56.54
3/12/2018,56.9001,56.6879,56.9898,56.4864
3/13/2018,57.0766,56.9002,57.136,56.64
3/14/2018,57.044,57.0767,57.31,56.672
3/15/2018,57.4409,57.0421,57.5329,56.848
3/16/2018,57.5206,57.4485,57.8112,57.376
3/19/2018,57.7346,57.4935,58.0354,57.4135
3/20/2018,57.5516,57.7345,57.895,57.4224
3/21/2018,56.8536,57.5511,57.6417,56.834
3/22/2018,57.2867,56.8526,57.3003,56.7352
3/23/2018,57.2334,57.2868,57.3723,56.9865
3/26/2018,57.229,57.1978,57.515,56.825
3/27/2018,57.4226,57.2291,57.536,57.0331
3/28/2018,57.7677,57.4225,57.8867,57.2904
3/29/2018,57.2802,57.7678,57.8364,57.2476
3/30/2018,57.1311,57.2801,57.4742,57.0348
4/2/2018,57.4978,57.1467,57.6449,57.1254
4/3/2018,57.6153,57.4979,57.705,57.3279
4/4/2018,57.4329,57.6152,57.905,57.406
4/5/2018,57.6144,57.4346,57.775,57.4292
4/6/2018,58.1549,57.6154,58.1706,57.5876
4/9/2018,60.6313,58.1042,60.665,58.0727
4/10/2018,63.0663,60.6314,63.921,60.2092
4/11/2018,62.4159,63.0662,65.0359,62.05
4/12/2018,62.0055,62.416,63.1025,61.2803
4/13/2018,62.0238,62.0054,62.3494,61.2084
4/16/2018,61.174,63.0067,63.0173,60.9924
4/17/2018,61.5514,61.1742,62.044,60.8439
4/18/2018,60.8679,61.5517,61.9665,60.7545
4/19/2018,60.9851,60.8667,61.2015,60.582
4/20/2018,61.3868,60.9364,61.599,60.9001
4/23/2018,61.8608,61.2501,62.185,61.1922
4/24/2018,61.5458,61.8607,61.8666,61.3565
4/25/2018,62.418,61.5457,62.4911,61.4997
4/26/2018,62.7379,62.4179,63.035,62.135
4/27/2018,62.1262,62.7356,62.8451,61.7177
4/30/2018,62.9655,62.5645,63.1609,62.178
5/1/2018,63.625,62.9796,63.855,62.931
5/2/2018,63.856,63.7098,64.288,62.0595
5/3/2018,63.001,63.9981,64.0256,62.8585
5/4/2018,62.596,63.0022,63.477,62.337
5/5/2018,62.596,62.596,62.596,62.596
5/6/2018,62.4995,62.4995,62.4995,62.4555
5/7/2018,62.922,62.9575,63.0105,62.3495
5/8/2018,63.2105,62.9199,63.672,62.7238
5/9/2018,63.0505,63.1742,64.1585,62.8945
5/10/2018,61.7363,63.0506,63.1297,61.5685
5/11/2018,61.8995,61.7364,62.0405,61.407
5/12/2018,61.8995,61.8995,61.8995,61.8995
5/13/2018,61.5195,61.9785,61.9785,61.5195
5/14/2018,61.856,61.662,61.942,61.548
5/15/2018,62.2914,61.8529,62.77,61.7875
5/16/2018,61.7064,62.2915,62.635,61.6217
5/17/2018,62.164,61.7063,62.2177,61.6285
5/18/2018,62.2295,62.1599,62.6929,61.8295
5/19/2018,62.23,62.23,62.23,62.23
5/20/2018,62.4745,62.2795,62.4745,62.2795
5/21/2018,61.6285,62.3325,62.7149,61.517
5/22/2018,61.238,61.5578,61.7395,60.9535
5/23/2018,61.3197,61.233,61.82,61.2177
5/24/2018,61.5796,61.3198,62.5885,61.288
5/25/2018,62.2195,61.5795,62.341,61.522
5/26/2018,61.96,61.96,61.96,61.96
5/27/2018,62.2095,62.2505,62.2505,61.7545
5/28/2018,62.3245,62.2005,62.493,62.0792
5/29/2018,62.8678,62.2891,62.933,62.171
5/30/2018,62.1685,62.8679,62.8965,62.002
5/31/2018,62.3846,62.146,62.561,61.941
6/1/2018,62.295,62.3847,62.495,61.936
6/2/2018,62.295,62.295,62.295,62.295
6/3/2018,62.479,62.2205,62.479,62.1915
6/4/2018,62.058,62.2165,62.2278,61.0355
6/5/2018,61.707,62.0576,62.448,60.432
6/6/2018,61.802,61.9624,62.168,61.676
6/7/2018,62.407,61.7938,62.654,61.5736
6/8/2018,62.5045,62.4111,62.943,62.231
6/9/2018,62.3995,62.505,62.505,62.3045
6/10/2018,60.6695,62.353,62.353,60.6695
6/11/2018,62.8015,62.335,62.9181,61.657
6/12/2018,63.1025,62.8014,63.965,62.5973
6/13/2018,62.4994,63.102,63.803,62.0545
6/14/2018,62.5305,62.4995,62.6847,61.962
6/15/2018,63.162,62.5281,63.345,62.4245
6/16/2018,63.1625,63.1625,63.1625,63.1625
6/17/2018,64.068,63.1305,64.068,63.1305
6/18/2018,63.4072,63.1525,63.7922,62.8245
6/19/2018,63.862,63.4076,64.2134,63.379
6/20/2018,63.5945,63.8605,63.8696,63.411
6/21/2018,64.0495,63.594,64.073,63.4395
6/22/2018,63.2,63.7851,64.2695,62.802
6/23/2018,63.2,63.2,63.2,63.2
6/24/2018,62.924,62.8135,62.924,62.8135
6/25/2018,62.7995,62.9695,63.9895,62.628
6/26/2018,63.0985,62.7816,63.36,62.6836
6/27/2018,63.1697,63.0958,63.3955,62.873
6/28/2018,62.9828,63.1885,63.892,62.77
6/29/2018,62.706,62.9827,63.2585,62.571
6/30/2018,62.706,62.706,62.706,62.706
7/1/2018,62.7925,62.7925,62.7925,62.7925
7/2/2018,63.5925,63.0525,63.7745,62.9484
7/3/2018,63.1335,63.6045,64.1725,63.08
7/4/2018,63.3604,63.1347,63.3895,62.9756
7/5/2018,63.1395,63.3603,63.4865,62.928
7/6/2018,62.9465,63.1368,63.3485,62.9129
7/7/2018,62.988,62.988,62.988,62.988
7/8/2018,62.8745,63.1995,63.1995,62.8745
7/9/2018,62.5655,62.9445,63.3935,62.3247
7/10/2018,61.8005,62.5409,62.7415,61.635
7/11/2018,62.4235,61.8026,62.445,61.63
7/12/2018,62.265,62.4097,62.4595,61.917
7/13/2018,62.5895,62.2503,62.765,62.062
7/14/2018,62.5895,62.5895,62.5895,62.5895
7/15/2018,62.3495,62.566,62.566,62.3495
7/16/2018,62.3485,62.5805,62.5805,62.097
7/17/2018,62.6423,62.3491,62.6556,62.21
7/18/2018,63.0454,62.6422,63.255,62.617
7/19/2018,63.626,63.0455,63.792,62.9585
7/20/2018,63.4685,63.6345,63.7725,62.5495
7/21/2018,63.4685,63.4685,63.4685,63.4685
7/22/2018,62.6695,62.6695,62.6695,62.6695
7/23/2018,63.0766,63.4645,63.545,62.9567
7/24/2018,63.312,63.0765,63.559,62.6605
7/25/2018,62.8145,63.3136,63.461,62.578
7/26/2018,62.9547,62.8144,63.0915,62.7983
7/27/2018,62.7365,62.9548,63.046,62.6535
7/28/2018,62.7365,62.7365,62.7365,62.7365
7/29/2018,62.795,62.7565,62.795,62.7565
7/30/2018,62.266,62.7525,62.9539,61.8805
7/31/2018,62.4671,62.2409,62.648,62.1164
8/1/2018,62.911,62.4672,63.305,62.2505
8/2/2018,63.341,63.008,63.561,62.9095
8/3/2018,63.342,63.3419,63.8995,63.1545
8/4/2018,63.9,63.9,63.9,63.9
8/5/2018,63.6045,63.302,63.6045,63.302
8/6/2018,63.6724,63.3565,63.79,63.3295
8/7/2018,63.5145,63.6725,63.8626,63.383
8/8/2018,65.6007,63.519,65.7735,63.423
8/9/2018,66.541,65.6006,66.719,65.564
8/10/2018,67.7295,66.619,67.926,66.4973
8/11/2018,67.7295,67.7295,67.7295,67.7295
8/12/2018,68.1995,67.702,68.1995,67.6245
8/13/2018,67.575,67.8625,69.2995,66.5505
8/14/2018,67.1535,67.7339,67.7924,65.8885
8/15/2018,67.329,66.6251,67.772,66.238
8/16/2018,66.9085,67.3337,67.3755,66.383
8/17/2018,67.0345,66.9002,67.6435,66.6905
8/18/2018,67.0345,67.0345,67.0345,67.0345
8/19/2018,67.203,67.063,67.203,67.0285
8/20/2018,66.986,67.0325,67.36,66.9159
8/21/2018,67.2556,66.9815,67.624,66.8624
8/22/2018,68.082,67.2557,68.445,67.1585
8/23/2018,68.2975,68.0819,69.0145,67.463
8/24/2018,67.0845,68.2976,68.2985,66.743
8/25/2018,67.0845,67.0845,67.0845,67.0845
8/26/2018,67.2245,67.1625,67.708,67.1625
8/27/2018,67.541,67.225,67.6815,66.977
8/28/2018,67.816,67.4704,67.9245,67.209
8/29/2018,68.077,67.8161,68.3975,67.6775
8/30/2018,68.162,68.0311,68.4005,67.3245
8/31/2018,67.4255,68.162,68.298,67.3135
9/1/2018,67.426,67.426,67.426,67.426
9/2/2018,67.6245,67.4705,67.972,67.4705
9/3/2018,67.926,67.5065,68.175,67.5065
9/4/2018,68.1885,67.9407,68.488,67.8495
9/5/2018,68.2465,68.1388,68.5925,67.946
9/6/2018,69.207,68.2483,69.632,66.7495
9/7/2018,69.909,69.2071,70.052,68.797
9/8/2018,69.9045,69.9045,69.9045,69.9045
9/9/2018,69.6695,69.6695,69.877,69.6695
9/10/2018,70.6335,69.9045,70.6335,69.55
9/11/2018,69.3758,70.5913,70.6443,69.3505
9/12/2018,68.9685,69.3757,69.8055,68.655
9/13/2018,68.3,69.0013,69.0019,67.9555
9/14/2018,68.0765,68.2983,68.5484,67.462
9/15/2018,68.0765,68.0765,68.0765,68.0765
9/16/2018,68.025,68.7535,68.7535,68.0245
9/17/2018,68.1235,68.06,68.365,67.913
9/18/2018,67.3905,68.1036,68.2233,67.303
9/19/2018,66.7645,67.3909,67.4275,66.6745
9/20/2018,66.301,66.7642,66.9069,66.2005
9/21/2018,66.4245,66.3135,66.8533,66.113
9/22/2018,66.4245,66.4245,66.4245,66.4245
9/23/2018,66.625,66.48,66.9405,66.48
9/24/2018,65.9235,66.7725,66.7725,65.6745
9/25/2018,65.8212,65.9229,66.2355,65.517
9/26/2018,65.8625,65.8211,66.0924,65.521
9/27/2018,65.556,65.8681,66.088,65.2255
9/28/2018,65.5745,65.5861,65.939,65.381
9/29/2018,65.5745,65.5745,65.5745,65.5745
9/30/2018,65.347,65.545,65.545,65.347
10/1/2018,64.996,65.5865,65.71,64.8532
10/2/2018,65.4305,64.9959,65.635,64.8894
10/3/2018,65.9145,65.4312,65.9732,65.3545
10/4/2018,66.8812,65.9169,67.0513,65.8494
10/5/2018,66.6085,66.8813,67.0568,66.407
10/6/2018,66.577,66.577,66.577,66.577
10/7/2018,66.688,66.5695,66.688,66.5695
10/8/2018,66.65,66.6185,67.0895,66.2745
10/9/2018,66.227,66.6241,66.87,66.1539
10/10/2018,66.827,66.2293,66.9075,66.003
10/11/2018,66.2095,66.823,67.0112,66.007
10/12/2018,66.065,66.2721,66.419,65.8255
10/13/2018,66.185,66.185,66.185,66.185
10/15/2018,65.5844,65.9928,66.1977,65.287
10/16/2018,65.3635,65.5845,65.657,65.25
10/17/2018,65.522,65.3608,65.676,65.272
10/18/2018,65.824,65.5229,65.893,65.46
10/19/2018,65.463,65.8257,65.9255,65.312
10/20/2018,65.4635,65.4635,65.4635,65.4635
10/21/2018,65.4745,65.3495,65.5005,65.3495
10/22/2018,65.2136,65.4785,65.6834,64.995
10/23/2018,65.5095,65.2137,65.7186,65.178
10/24/2018,65.447,65.5299,65.7805,64.955
10/25/2018,65.5045,65.5861,65.9625,65.408
10/26/2018,65.6645,65.5341,65.935,65.383
10/27/2018,65.6645,65.6645,65.6645,65.6645
10/28/2018,65.988,66.523,66.523,65.4945
10/29/2018,65.8838,65.6965,66.0835,65.4655
10/30/2018,65.56,65.8652,65.886,65.3605
10/31/2018,65.751,65.5055,65.8851,65.4885
11/1/2018,65.671,65.7334,65.8564,65.564
11/2/2018,66.1745,65.6857,66.291,65.518
11/3/2018,66.1525,66.1525,66.1525,66.1525
11/4/2018,66.1745,66.1935,66.1935,66.1745
11/5/2018,66.061,66.0965,66.4716,65.9555
11/6/2018,66.1249,66.0737,66.3235,65.7395
11/7/2018,66.1755,66.1248,66.3445,65.831
11/8/2018,66.8989,66.1994,66.9624,66.1261
11/9/2018,67.8495,66.8988,68.1995,66.7065
11/10/2018,67.7075,67.7075,67.7075,67.7075
11/11/2018,67.8845,67.8745,67.9325,67.862
11/12/2018,67.841,67.8825,67.9539,67.203
11/13/2018,68.025,67.8561,68.2005,67.544
11/14/2018,67.195,68.027,68.2785,67.0064
11/15/2018,65.94,67.1032,67.245,65.7995
11/16/2018,65.9745,65.8946,66.1985,65.6645
11/17/2018,65.975,65.975,65.975,65.975
11/18/2018,65.9795,66.0395,66.0405,65.9795
11/19/2018,65.607,65.9905,66.1317,65.487
11/20/2018,66.1106,65.6057,66.238,65.5185
11/21/2018,65.5631,66.033,66.5295,65.4245
11/22/2018,65.6045,65.5632,66.5195,65.4205
11/23/2018,66.2165,65.6193,66.4174,65.2995
11/24/2018,66.131,66.131,66.131,66.131
11/26/2018,67.1725,66.5774,67.347,66.3675
11/27/2018,67.029,67.1696,67.379,66.467
11/28/2018,66.79,67.0769,67.54,66.769
11/29/2018,66.1757,66.9137,67.2995,65.879
11/30/2018,67.055,66.1758,67.3105,65.8745
12/1/2018,67.086,67.055,67.086,66.835
12/2/2018,66.9245,67.082,67.7495,66.448
12/3/2018,66.5135,66.7995,66.7995,65.687
12/4/2018,66.8995,66.5076,66.9424,66.205
12/5/2018,66.6335,66.9192,66.9327,66.4626
12/6/2018,66.788,66.6332,67.248,66.4956
12/7/2018,66.407,66.8932,67.07,65.983
12/8/2018,66.208,66.208,66.208,66.208
12/9/2018,66.2745,66.425,66.425,66.1795
12/10/2018,66.6771,66.4455,66.7771,66.144
12/11/2018,66.446,66.6772,66.6931,66.217
12/12/2018,66.411,66.4387,66.537,66.122
12/13/2018,66.3485,66.436,67.9355,66.132
12/14/2018,66.8005,66.3181,68.163,66.239
12/15/2018,66.8005,66.8005,66.8005,66.8005
12/16/2018,66.636,66.765,66.765,66.575
12/17/2018,66.6355,66.6345,66.807,66.4354
12/18/2018,67.4803,66.681,67.5539,66.45
12/19/2018,67.406,67.4804,67.813,66.976
12/20/2018,68.3375,67.4227,68.708,67.2405
12/21/2018,68.8175,68.3346,69.1475,67.86
12/22/2018,68.7835,68.913,68.913,68.7835
12/23/2018,68.7495,69,70.2495,68.7495
12/24/2018,68.641,68.8085,68.9305,68.183
12/25/2018,68.7312,68.6421,70.167,67.458
12/26/2018,68.75,68.7413,70.427,68.5995
12/27/2018,69.5725,68.6816,69.751,68.568
12/28/2018,69.5975,69.5618,69.7575,67.9495
12/29/2018,69.475,69.4995,69.4995,69.4045
12/30/2018,69.5545,69.4545,69.64,69.4545
12/31/2018,69.503,69.574,69.819,68.9495
1/1/2019,69.1845,69.209,69.9755,69.1845
1/2/2019,69.0432,69.7144,69.8145,68.6645
1/3/2019,68.9,69.0433,70.0645,68.522
1/4/2019,67.2395,69.0213,69.0485,67.232
1/5/2019,67.2395,67.2395,67.2395,67.2395
1/6/2019,68.0595,68.0505,68.0595,67.8495
1/7/2019,66.6435,68.0095,68.0595,66.5995
1/8/2019,66.881,66.6715,67.3092,66.6385
1/9/2019,66.715,66.8855,67.2416,66.626
1/10/2019,66.9395,66.7145,67.337,66.6295
1/11/2019,67.013,66.9281,67.156,66.79
1/12/2019,67.0125,67.0125,67.0125,67.0125
1/13/2019,66.8805,66.8925,66.9085,66.8245
1/14/2019,67.0035,66.8785,67.299,66.8245
1/15/2019,67.0658,67.0179,67.145,66.8859
1/16/2019,66.356,67.0659,67.1345,66.2555
1/17/2019,66.3745,66.3522,66.6845,66.2636
1/18/2019,66.349,66.3723,66.5021,66.1089
1/20/2019,66.2695,66.1995,66.4245,66.1495
1/21/2019,66.389,66.2945,66.475,66.178
1/22/2019,66.5145,66.4002,66.62,66.2845
1/23/2019,66.1195,66.5075,66.5287,66.0285
1/24/2019,65.746,66.1062,66.148,65.6595
1/25/2019,66.0985,65.7292,66.6875,65.6345
1/27/2019,65.8295,66.0425,66.68,65.7495
1/28/2019,66.242,65.812,66.353,65.5645
1/29/2019,66.072,66.2455,66.409,65.9639
1/30/2019,65.4445,66.0573,66.1825,65.3395
1/31/2019,65.5185,65.4456,66.1991,65.163
2/1/2019,65.485,65.446,65.7375,65.323
2/3/2019,65.5995,65.449,65.6495,65.449
2/4/2019,65.5662,65.5215,66.382,65.4245
2/5/2019,65.6055,65.5663,65.6452,65.417
2/6/2019,65.721,65.6008,65.9375,65.555
2/7/2019,65.9666,65.8156,66.157,65.657
2/8/2019,65.618,65.97,66.151,65.3245
2/9/2019,65.702,65.702,65.702,65.702
2/10/2019,65.4745,65.3145,65.7495,65.3145
2/11/2019,65.7245,65.4495,65.9012,65.3995
2/12/2019,65.8718,65.7496,66.252,65.507
2/13/2019,66.5334,65.8719,66.6735,65.611
2/14/2019,66.6605,66.5335,67.1645,66.2828
2/15/2019,66.339,66.656,66.7813,66.2359
2/17/2019,66.1745,66.3495,66.3495,66.1345
2/18/2019,66.2375,66.2075,66.3905,66.0875
2/19/2019,65.841,66.2374,66.335,65.697
2/20/2019,65.6005,65.7642,65.935,65.4701
2/21/2019,65.6556,65.6421,65.7646,65.3691
2/22/2019,65.4295,65.6555,65.713,65.3074
2/23/2019,65.5445,65.5445,65.5445,65.5445
2/24/2019,65.4965,65.3805,65.531,65.359
2/25/2019,65.5636,65.481,65.637,65.162
2/26/2019,65.692,65.5638,65.9354,65.465
2/27/2019,65.7735,65.6905,66.0225,65.667
2/28/2019,65.8453,65.7573,66.0795,65.684
3/1/2019,65.928,65.8502,65.9435,65.618
3/2/2019,65.9165,65.9165,65.9165,65.9165
3/3/2019,65.764,65.9085,65.941,65.7455
3/4/2019,65.731,65.8785,65.8995,65.5651
3/5/2019,65.817,65.7281,65.8538,65.4655
3/6/2019,65.975,65.8138,66.038,65.7707
3/7/2019,66.253,65.977,66.3025,65.8525
3/8/2019,66.3355,66.2678,66.5046,66.251
3/9/2019,66.3355,66.3355,66.339,66.3355
3/10/2019,66.377,66.3945,66.441,66.341
3/11/2019,65.8756,66.3775,66.42,65.8437
3/12/2019,65.623,65.8742,65.9605,65.5451
3/13/2019,65.296,65.6225,65.673,65.1595
3/14/2019,65.479,65.3491,65.5945,65.296
3/15/2019,64.8085,65.4787,65.5245,64.777
3/17/2019,64.8245,64.9005,64.9595,64.7795
3/18/2019,64.3515,64.818,64.9109,64.1358
3/19/2019,64.367,64.3459,64.5837,64.1825
3/20/2019,63.8445,64.3632,64.3939,63.648
3/21/2019,63.7735,63.8439,63.9505,63.532
3/22/2019,64.6345,63.7739,64.83,63.7005
3/24/2019,64.5295,64.4795,64.6895,64.1945
3/25/2019,64.0052,64.6415,64.7245,63.9135
3/26/2019,64.3817,64.0053,64.4745,63.979
3/27/2019,64.8476,64.381,64.986,64.337
3/28/2019,64.8505,64.8477,65.2905,64.576
3/29/2019,65.249,64.8721,65.756,64.6
3/30/2019,65.6855,65.7015,65.7015,65.2415
3/31/2019,65.6995,65.7995,66.0245,65.5495
4/1/2019,65.2475,65.6495,65.845,65.147
4/2/2019,65.3205,65.2481,65.582,65.2083
4/3/2019,65.2155,65.3268,65.4675,65.042
4/4/2019,65.464,65.2099,65.6075,65.1334
4/5/2019,65.3255,65.4592,65.5401,65.169
4/6/2019,65.3255,65.3255,65.3255,65.3255
4/7/2019,65.505,65.2775,65.505,65.2775
4/8/2019,64.9735,65.3855,65.512,64.8155
4/9/2019,64.8605,64.9734,65.089,64.635
4/10/2019,64.2735,64.8758,64.9476,64.2117
4/11/2019,64.6095,64.2721,64.7052,64.2509
4/12/2019,64.3605,64.6086,64.6984,64.1299
4/13/2019,64.3605,64.3605,64.3605,64.3605
4/14/2019,64.4245,64.3555,64.553,64.2395
4/15/2019,64.3069,64.3575,64.4495,64.175
4/16/2019,64.0585,64.3053,64.4445,63.961
4/17/2019,63.818,64.064,64.1095,63.783
4/18/2019,63.871,63.8141,64.1564,63.8141
4/19/2019,64.0745,63.8778,64.0745,63.8554
4/21/2019,63.9345,64.0205,64.022,63.927
4/22/2019,63.8241,63.9965,64.0758,63.745
4/23/2019,63.722,63.8263,63.8885,63.6586
4/24/2019,64.4735,63.718,64.522,63.6961
4/25/2019,64.641,64.4076,64.977,64.239
4/26/2019,64.781,64.641,64.888,64.4595
4/28/2019,64.701,65.0245,65.0245,64.701
4/29/2019,64.485,64.701,64.8385,64.1695
4/30/2019,64.6413,64.4943,65.0075,64.3325
5/1/2019,64.7045,64.6355,64.9271,64.524
5/2/2019,65.4089,64.7045,65.574,64.7045
5/3/2019,65.0825,65.4085,65.6037,65.018
5/5/2019,65.2945,65.0815,65.5995,65.0815
5/6/2019,65.3395,65.0875,65.5055,65.0514
5/7/2019,65.404,65.3384,65.4755,64.8182
5/8/2019,65.0367,65.4011,65.4152,64.905
5/9/2019,65.253,65.0366,65.555,65.0047
5/10/2019,65.091,65.2528,65.4505,65.0536
5/12/2019,65.1245,65.9995,65.9995,65.1245
5/13/2019,65.328,65.179,65.682,65.1245
5/14/2019,64.9145,65.3696,65.438,64.8562
5/15/2019,64.6785,64.9099,64.983,64.487
5/16/2019,64.6785,64.6682,64.743,64.392
5/17/2019,64.705,64.6598,64.801,64.557
5/18/2019,64.705,64.705,64.705,64.705
5/19/2019,64.7995,64.6995,64.802,64.6995
5/20/2019,64.5054,64.7965,64.8425,64.4145
5/21/2019,64.3755,64.5055,64.628,64.325
5/22/2019,64.353,64.3594,64.482,64.15
5/23/2019,64.8678,64.3437,64.928,64.3437
5/24/2019,64.4905,64.8677,64.8795,64.4054
5/25/2019,64.491,64.491,64.491,64.491
5/26/2019,64.4595,64.4845,64.4845,64.456
5/27/2019,64.3592,64.476,64.529,64.3158
5/28/2019,64.693,64.3593,64.753,64.3295
5/29/2019,64.9445,64.6922,65.388,64.6392
5/30/2019,65.2245,64.9449,65.4305,64.8829
5/31/2019,65.2845,65.1937,65.5905,65.1165
6/2/2019,65.6495,65.3945,65.9245,65.2085
6/3/2019,65.3155,65.6505,65.7245,65.155
6/4/2019,65.1815,65.3154,65.453,65.0015
6/5/2019,65.3,65.1759,65.4105,64.96
6/6/2019,65.0755,65.3049,65.3501,65.0155
6/7/2019,64.847,65.0875,65.1505,64.743
6/9/2019,64.9595,64.9995,64.9995,64.1395
6/10/2019,64.666,65.0335,65.0335,64.6335
6/11/2019,64.5495,64.6721,64.7465,64.4445
6/12/2019,64.852,64.5337,64.9538,64.5245
6/13/2019,64.5545,64.8525,64.8829,64.4987
6/14/2019,64.3855,64.5582,64.6177,64.2175
6/15/2019,64.402,64.402,64.402,64.402
6/16/2019,64.364,64.363,64.4555,64.163
6/17/2019,64.323,64.365,64.4043,64.133
6/18/2019,64.047,64.3282,64.6435,63.9135
6/19/2019,63.7066,64.0484,64.0951,63.6866
6/20/2019,62.8623,63.7064,63.7986,62.8521
6/21/2019,63.2225,62.8628,63.7885,62.8494
6/24/2019,62.5588,63.0981,63.1695,62.5299
6/25/2019,62.991,62.5589,63.0295,62.495
6/26/2019,63.028,62.9351,63.297,62.732
6/27/2019,63.066,63.0243,63.26,62.6944
6/28/2019,63.19,63.0666,63.3318,62.852
6/30/2019,63.0995,63.2495,63.3395,62.996
7/1/2019,62.879,63.1105,63.2465,62.785
7/2/2019,63.276,62.9335,63.3859,62.8759
7/3/2019,63.3237,63.2783,63.667,63.265
7/4/2019,63.4917,63.3286,63.5175,63.251
7/5/2019,63.8105,63.4918,63.865,63.4235
7/6/2019,63.8065,63.8085,63.8085,63.8065
7/7/2019,63.4245,63.808,63.895,63.4245
7/8/2019,63.6335,63.6965,64.2085,63.4245
7/9/2019,63.816,63.6605,63.9395,62.713
7/10/2019,63.114,63.8358,63.925,62.9992
7/11/2019,62.8245,63.1038,63.173,62.7595
7/12/2019,63.0115,62.8246,63.1932,62.8095
7/14/2019,63.1245,62.997,63.4695,62.7245
7/15/2019,62.622,63.0315,63.1695,62.5609
7/16/2019,63.029,62.6276,63.0934,62.6145
7/17/2019,62.9525,63.0268,63.8385,62.7218
7/18/2019,62.8615,62.9469,63.139,62.6585
7/19/2019,63.0185,62.8319,63.0891,62.745
7/22/2019,63.0665,63.0054,63.1277,62.9275
7/23/2019,63.2134,63.0651,63.3605,62.9776
7/24/2019,63.277,63.2137,63.5085,63.0025
7/25/2019,63.2485,63.2785,63.4245,62.837
7/26/2019,63.35,63.2389,63.5025,62.773
7/27/2019,63.0565,63.0565,63.0565,63.0565
7/28/2019,63.1745,63.1745,63.409,63.1495
7/29/2019,63.4267,63.26,63.6345,63.0895
7/30/2019,63.526,63.4225,63.945,63.2435
7/31/2019,63.4595,63.5363,63.8021,63.0995
8/1/2019,64.1905,63.5538,64.41,63.126
8/2/2019,65.215,64.3074,65.4705,64.1895
8/4/2019,65.183,65.179,65.6295,64.863
8/5/2019,65.4495,65.058,65.6845,64.693
8/6/2019,65.29,65.4898,66.2105,64.845
8/7/2019,65.39,65.2907,65.693,64.949
8/8/2019,65.103,65.3894,65.5042,64.9475
8/9/2019,65.2865,65.1031,65.533,65.044
8/11/2019,65.4345,65.4995,65.521,65.361
8/12/2019,65.4785,65.4245,65.687,65.248
8/13/2019,64.9005,65.4512,65.8825,64.788
8/14/2019,66.078,64.9147,66.144,64.892
8/15/2019,66.139,66.0883,66.5825,65.657
8/16/2019,66.569,66.0769,66.6146,65.6745
8/18/2019,66.3195,66.4865,66.508,65.6745
8/19/2019,66.9988,66.3205,67.0475,66.263
8/20/2019,66.441,66.9891,67.1013,66.427
8/21/2019,65.7835,66.4683,66.5295,65.637
8/22/2019,65.5655,65.7775,65.9403,65.4465
8/23/2019,66.0195,65.5673,66.2105,65.508
8/25/2019,66.2245,66.037,66.2545,65.7995
8/26/2019,66.0985,66.2125,66.3445,65.7395
8/27/2019,66.4385,66.0988,66.702,66.012
8/28/2019,66.7729,66.4386,66.9755,66.3152
8/29/2019,66.516,66.7735,66.9215,66.423
8/30/2019,66.7125,66.5341,66.831,66.3075
9/1/2019,66.737,66.7475,66.75,66.6845
9/2/2019,66.7705,66.738,66.913,66.539
9/3/2019,66.7745,66.7963,67.137,66.6845
9/4/2019,66.169,66.7749,66.7926,66.0745
9/5/2019,66.1329,66.176,66.275,65.8892
9/6/2019,65.7995,66.1328,66.2272,65.585
9/8/2019,65.8135,66.0895,66.0895,65.7615
9/9/2019,65.5455,65.662,65.9895,65.355
9/10/2019,65.466,65.5465,65.5672,65.2469
9/11/2019,65.5885,65.4555,65.6401,65.288
9/12/2019,64.8755,65.5431,65.5895,64.6665
9/13/2019,64.301,64.7603,64.8755,64.1535
9/14/2019,64.4065,64.301,64.4125,64.298
9/15/2019,63.953,64.3745,64.4295,63.8595
9/16/2019,64.015,63.9845,64.1745,63.6655
9/17/2019,64.4403,64.0149,64.4755,63.95
9/18/2019,64.31,64.4404,64.5535,64.06
9/19/2019,64.0394,64.2654,64.3995,63.814
9/20/2019,64.01,64.0393,64.1118,63.707
9/22/2019,64.136,64.01,64.136,64.01
9/23/2019,63.846,64.129,64.241,63.742
9/24/2019,64.019,63.8431,64.0549,63.6113
9/25/2019,64.1988,64.035,64.4805,63.7845
9/26/2019,64.2935,64.1987,64.375,64.108
9/27/2019,64.66,64.2543,64.714,64.23
9/29/2019,64.6505,64.8195,64.8195,64.6205
9/30/2019,64.8735,64.6495,65.01,64.5345
10/1/2019,65.233,64.8725,65.44,64.761
10/2/2019,65.562,65.2305,65.8195,65.03
10/3/2019,65.145,65.311,65.5685,64.9895
10/4/2019,64.662,65.1291,65.3145,64.547
10/5/2019,65.1675,65.1675,65.1675,65.1675
10/6/2019,64.6505,64.6735,65.0595,64.6235
10/7/2019,64.983,64.3995,66.2345,64.3995
10/8/2019,65.2395,64.984,65.368,64.752
10/9/2019,64.9095,65.196,65.2845,64.817
10/10/2019,64.416,64.9075,65.1045,64.4025
10/11/2019,64.2239,64.427,64.5395,64.0105
10/13/2019,64.2395,64.2145,64.2395,64.1595
10/14/2019,64.201,64.2385,64.435,64.127
10/15/2019,64.34,64.237,64.51,64.191
10/16/2019,64.1145,64.3152,64.448,64.0575
10/17/2019,64.101,64.113,64.233,63.85
10/18/2019,63.7682,64.1235,64.1576,63.748
10/20/2019,63.9485,63.8445,63.9495,63.8285
10/21/2019,63.8385,63.9495,63.9505,63.6289
10/22/2019,63.675,63.7995,63.8445,63.562
10/23/2019,63.9395,63.681,63.9925,63.653
10/24/2019,64.0128,63.9405,64.1455,63.7525
10/25/2019,63.88,64.0185,64.0948,63.639
10/26/2019,63.9505,63.888,63.9505,63.888
10/27/2019,63.8545,63.9105,63.9395,63.6925
10/28/2019,63.773,63.897,64.042,63.562
10/29/2019,63.9745,63.75,64.0279,63.67
10/30/2019,63.805,63.9738,64.149,63.6976
10/31/2019,64.1305,63.8055,64.181,63.7105
11/1/2019,63.585,64.1287,64.183,63.373
11/3/2019,63.406,63.643,63.643,63.2605
11/4/2019,63.468,63.446,63.5895,63.1695
11/5/2019,63.4835,63.467,63.6835,63.1745
11/6/2019,63.8138,63.481,64.0296,63.4235
11/7/2019,63.5335,63.8137,63.9205,63.3745
11/8/2019,63.8525,63.529,63.9713,63.496
11/10/2019,63.817,63.8745,63.8745,63.7495
11/11/2019,63.8848,63.8185,63.9858,63.8062
11/12/2019,64.2595,63.859,64.323,63.773
11/13/2019,64.3245,64.2599,64.4675,64.129
11/14/2019,63.9283,64.3217,64.345,63.9214
11/15/2019,63.5405,63.9282,63.9825,63.5405
11/18/2019,63.874,63.7588,63.955,63.698
11/19/2019,63.8695,63.8735,63.9153,63.6435
