"","BZUN.Adjusted","BABA.Adjusted","MOMO.Adjusted","PDD.Adjusted","combined","Date"
"1","-2.75426804740401","-3.09987972456084","-3.27787568365783",NA,"-3.04400781854089","2017-01-03"
"2","-2.77605276399181","-2.98807601230283","-3.01542445894381",NA,"-2.92651774507948","2017-01-04"
"3","-2.7112656131174","-2.76915501890172","-2.67794149318561",NA,"-2.71945404173491","2017-01-05"
"4","-2.69427170720533","-2.79588603187042","-2.71638466692844",NA,"-2.73551413533473","2017-01-06"
"5","-2.69427170720533","-2.74974949517612","-2.48984338042735",NA,"-2.64462152760293","2017-01-09"
"6","-2.40490861903412","-2.63859173021302","-2.29637707295634",NA,"-2.44662580740116","2017-01-10"
"7","-2.3161196222824","-2.62830730369299","-2.38014161395428",NA,"-2.44152284664323","2017-01-11"
"8","-2.2818355678398","-2.68484904653317","-2.41888417327376",NA,"-2.46185626254891","2017-01-12"
"9","-2.2568741245627","-2.66466355075344","-2.30588241799113",NA,"-2.40914003110242","2017-01-13"
"10","-2.35272868964776","-2.67283727813863","-2.36809268073069",NA,"-2.46455288283903","2017-01-17"
"11","-2.36196620624782","-2.67938587386078","-2.31540527110798",NA,"-2.45225245040553","2017-01-18"
"12","-2.32157657669578","-2.67011144965218","-2.32494521163259",NA,"-2.43887774599352","2017-01-19"
"13","-2.31248832621821","-2.67611074449748","-2.34647467741979",NA,"-2.44502458271183","2017-01-20"
"14","-2.32522124277977","-2.54941365441561","-1.98526904264602",NA,"-2.2866346466138","2017-01-23"
"15","-2.26398031127963","-2.39096544098408","-1.956262550616",NA,"-2.2037361009599","2017-01-24"
"16","-2.26042466724307","-2.2567754922201","-1.93516622485215",NA,"-2.15078879477177","2017-01-25"
"17","-2.36938112662276","-2.32318598851099","-2.09149808221304",NA,"-2.26135506578226","2017-01-26"
"18","-2.35457343652686","-2.35799322583298","-2.10292687179282",NA,"-2.27183117805089","2017-01-27"
"19","-2.39738664417399","-2.41219792301182","-2.19992523519845",NA,"-2.33650326746142","2017-01-30"
"20","-2.40867819755996","-2.39717098799675","-2.14197237520413",NA,"-2.31594052025361","2017-01-31"
"21","-2.39176012907793","-2.38373502815527","-2.13275867061502",NA,"-2.30275127594941","2017-02-01"
"22","-2.40302598081193","-2.4215467164771","-2.04603115145629",NA,"-2.29020128291511","2017-02-02"
"23","-2.32339823877562","-2.44499161069025","-2.05056016360467",NA,"-2.27298333769018","2017-02-03"
"24","-2.20248231257082","-2.41842830486469","-2.10750602431537",NA,"-2.2428055472503","2017-02-06"
"25","-2.18002389546441","-2.42206626820949","-2.13275867061502",NA,"-2.24494961142964","2017-02-07"
"26","-2.16801479407055","-2.28151761716476","-1.64525695668887",NA,"-2.03159645597473","2017-02-08"
"27","-2.08720017388833","-2.29317191014855","-1.66837444071689",NA,"-2.01624884158459","2017-02-09"
"28","-2.07398397252417","-2.3431206400284","-1.72555244121542",NA,"-2.047552351256","2017-02-10"
"29","-2.04287550556555","-2.30536028272307","-1.55997952559909",NA,"-1.96940510462924","2017-02-13"
"30","-2.01376072476691","-2.38270313199717","-1.55791672786375",NA,"-1.98479352820928","2017-02-14"
"31","-2.02020113913378","-2.38476717908226","-1.38548860188984",NA,"-1.93015230670196","2017-02-15"
"32","-2.0025301740403","-2.42258628738867","-1.27882056696008",NA,"-1.90131234279635","2017-02-16"
"33","-2.0838895007207","-2.43820792419085","-1.23985780144766",NA,"-1.92065174211974","2017-02-17"
"34","-1.93308172362566","-2.35542582976541","-1.09249901229136",NA,"-1.79366885522748","2017-02-21"
"35","-2.00733702791233","-2.2497277298281","-1.2534617454076",NA,"-1.83684216771601","2017-02-22"
"36","-2.21466025965222","-2.33800204942784","-1.49437239761261",NA,"-2.01567823556422","2017-02-23"
"37","-2.16288582265179","-2.31299254496143","-1.46592472591931",NA,"-1.98060103117751","2017-02-24"
"38","-2.18518854671016","-2.27999952782333","-1.45782573881651",NA,"-1.97433793778333","2017-02-27"
"39","-2.18002389546441","-2.31553883184148","-1.31020015048805",NA,"-1.93525429259798","2017-02-28"
"40","-2.15265966006861","-2.25778294534032","-1.1417947875562",NA,"-1.85074579765504","2017-03-01"
"41","-2.18174424855679","-2.30078608037022","-1.31610449068772",NA,"-1.93287827320491","2017-03-02"
"42","-2.23919742209411","-2.29469381916658","-1.26515014956514",NA,"-1.93301379694194","2017-03-03"
"43","-2.23216194379845","-2.34568201557764","-1.31610449068772",NA,"-1.9646494833546","2017-03-06"
"44","-2.11719724205905","-2.32931182687338","-0.687713514489419",NA,"-1.71140752780728","2017-03-07"
"45","-1.99613552494292","-2.2992623512214","-0.00256213862495924",NA,"-1.43265333826309","2017-03-08"
"46","-1.9993307840359","-2.29824689624563","-0.678986373675598",NA,"-1.65885468465237","2017-03-09"
"47","-2.03799919300511","-2.29063605539118","-0.553197868777458",NA,"-1.62727770572458","2017-03-10"
"48","-2.00894138960464","-2.20065641233472","-0.452023633808493",NA,"-1.55387381191595","2017-03-13"
"49","-2.03475364785308","-2.24721279738802","-0.0844394259344045",NA,"-1.45546862372517","2017-03-14"
"50","-1.9770501257955","-2.27544739002563","-0.0549405659358253",NA,"-1.43581269391899","2017-03-15"
"51","-1.99453944115736","-2.17827684485417","0.0795656276270996",NA,"-1.36441688612814","2017-03-16"
"52","-2.04450308064804","-2.17926927436855","0.121648880152619",NA,"-1.36737449162132","2017-03-17"
"53","-2.05429107425314","-2.09849164099","0.00662705044429952",NA,"-1.38205188826628","2017-03-20"
"54","-2.22865169097768","-2.20514404228918","-0.326609861267821",NA,"-1.58680186484489","2017-03-21"
"55","-2.18863764528063","-2.15549816819469","-0.218482672247185",NA,"-1.52087282857417","2017-03-22"
"56","-2.10382030233268","-2.04984091204691","-0.142366999746059",NA,"-1.43200940470855","2017-03-23"
"57","-2.08058325063144","-2.06002013384054","-0.136073511885462",NA,"-1.42555896545248","2017-03-24"
"58","-2.08720017388833","-2.05807965230851","0.00509689611692135",NA,"-1.38006097669331","2017-03-27"
"59","-2.07563214296386","-2.07167774148164","-0.0626872538072889",NA,"-1.4033323794176","2017-03-28"
"60","-2.09383483690708","-1.98917679283744","-0.0148394484266869",NA,"-1.3659503593904","2017-03-29"
"61","-2.12896167492124","-2.02086581525532","0.197443939866392",NA,"-1.31746118343672","2017-03-30"
"62","-2.0855442836802","-2.07021915856821","-0.0209889805075077",NA,"-1.3922508075853","2017-03-31"
"63","-2.01215323667939","-2.05759494723971","0.0961385694172487",NA,"-1.32453653816728","2017-04-03"
"64","-2.0905152819845","-2.08531153420513","-0.036393582953284",NA,"-1.40407346638097","2017-04-04"
"65","-2.04287550556555","-2.0892130971665","-0.205719652039258",NA,"-1.44593608492377","2017-04-05"
"66","-2.07893178055098","-2.06002013384054","0.0538492039315085",NA,"-1.36170090348667","2017-04-06"
"67","-1.98498449560513","-2.01412791748227","0.109659373491507",NA,"-1.29648434653196","2017-04-07"
"68","-1.78653367096287","-1.88537924203964","0.481738352489299",NA,"-1.06339152017107","2017-04-10"
"69","-1.80863647481268","-1.94484698109466","0.463537539823411",NA,"-1.09664863869464","2017-04-11"
"70","-1.94556461427305","-1.93583652043896","0.531811679159617",NA,"-1.11652981851747","2017-04-12"
"71","-2.07893178055098","-1.95577557213387","0.575923316053968",NA,"-1.15292801221029","2017-04-13"
"72","-2.14247558057805","-1.8825639555042","0.606036501677466",NA,"-1.13966767813493","2017-04-17"
"73","-2.11887445515186","-1.90748265276566","0.378708110124946",NA,"-1.21588299926419","2017-04-18"
"74","-2.07563214296386","-1.92967998067236","0.441050522064175",NA,"-1.18808720052401","2017-04-19"
"75","-2.09882253323511","-1.82657817686888","0.559425250586578",NA,"-1.12199181983914","2017-04-20"
"76","-2.08223582353005","-1.81962169635487","0.595106268166716",NA,"-1.1022504172394","2017-04-21"
"77","-2.0838895007207","-1.73913861613929","0.612856048908346",NA,"-1.07005735598388","2017-04-24"
"78","-2.04124900020058","-1.71091836494492","0.573177055565846",NA,"-1.05966343652655","2017-04-25"
"79","-2.07728141181778","-1.73412071593409","0.471946183297543",NA,"-1.11315198148478","2017-04-26"
"80","-2.06904603708394","-1.71318869772787","0.603305975043019",NA,"-1.05964291992293","2017-04-27"
"81","-2.03151235358","-1.71001069767424","0.548397297964707",NA,"-1.06437525109651","2017-04-28"
"82","-1.86401506914606","-1.65672663334342","0.74476365753659",NA,"-0.925326014984297","2017-05-01"
"83","-1.88072087426212","-1.593759006373","0.759364384835608",NA,"-0.905038498599836","2017-05-02"
"84","-1.95026197947407","-1.66167096553203","0.592370041040441",NA,"-1.00652096798855","2017-05-03"
"85","-1.96283205258845","-1.6936970134197","0.641402740844385",NA,"-1.00504210838792","2017-05-04"
"86","-1.67187623827226","-1.68555919116744","0.703395480566063",NA,"-0.884679982957879","2017-05-05"
"87","-1.67467901504997","-1.64864590794192","0.629867034070221",NA,"-0.897819296307226","2017-05-08"
"88","-1.45351402230612","-1.50965052770834","0.630546486705811",NA,"-0.777539354436217","2017-05-09"
"89","-1.41029759224226","-1.51052415745664","0.581411803358644",NA,"-0.779803315446754","2017-05-10"
"90","-1.24342604461391","-1.50266550423552","0.607400816167608",NA,"-0.712896910893938","2017-05-11"
"91","-1.36658425609227","-1.494819005627","0.838297721589647",NA,"-0.674368513376543","2017-05-12"
"92","-1.38148469532066","-1.4488462563224","0.834379386199085",NA,"-0.665317188481326","2017-05-15"
"93","-1.042172832515","-1.33691653252057","1.29803323059886",NA,"-0.360352044812237","2017-05-16"
"94","-1.36287309145218","-1.47829169054341","0.856545323004244",NA,"-0.661539819663783","2017-05-17"
"95","-1.14188461866205","-1.45446296670568","1.00155239082592",NA,"-0.531598398180603","2017-05-18"
"96","-1.16345820502476","-1.37084070659341","1.26924882047628",NA,"-0.421683363713964","2017-05-19"
"97","-1.21997972864743","-1.3061508333","1.17826497265172",NA,"-0.449288529765236","2017-05-22"
"98","-1.26947593268224","-1.38319273786293","0.958342373014887",NA,"-0.564775432510094","2017-05-23"
"99","-1.22699052742876","-1.38831251595215","0.63869057764193",NA,"-0.658870821912994","2017-05-24"
"100","-1.24814217705765","-1.35342722869989","0.607400816167608",NA,"-0.664722863196643","2017-05-25"
"101","-1.22933156861653","-1.33818469934886","0.706074382796022",NA,"-0.62048062838979","2017-05-26"
"102","-1.23636894866122","-1.34156783705471","0.43823281478998",NA,"-0.713234656975316","2017-05-30"
"103","-1.29700668088928","-1.40327353148419","0.556670331597214",NA,"-0.714536626925421","2017-05-31"
"104","-1.28859512158362","-1.33903021569304","0.459328725091193",NA,"-0.722765537395157","2017-06-01"
"105","-1.25641689008998","-1.33226905543807","0.560801747976524",NA,"-0.675961399183842","2017-06-02"
"106","-1.29941493446224","-1.2801620861949","0.83045758876916",NA,"-0.583039810629328","2017-06-05"
"107","-1.24814217705765","-1.31161631119779","0.912199043970197",NA,"-0.549186481428412","2017-06-06"
"108","-1.042172832515","-1.26888477197094","0.861747485898556",NA,"-0.483103372862461","2017-06-07"
"109","-0.972578344685987","-0.614672803315408","0.81867562718812",NA,"-0.256191840271092","2017-06-08"
"110","-1.18982826454007","-0.722578720121817","0.473345981870018",NA,"-0.479687000930622","2017-06-09"
"111","-1.25523297456599","-0.736130270332502","0.494301488157434",NA,"-0.499020585580353","2017-06-12"
"112","-1.33216125743295","-0.830449387949343","0.558047692314299",NA,"-0.534854317689331","2017-06-13"
"113","-1.33582661651879","-0.827764052905335","0.345822496090554",NA,"-0.605922724444523","2017-06-14"
"114","-1.38647167862961","-0.889108221673491","0.314172245330498",NA,"-0.653802551657533","2017-06-15"
"115","-1.30423908731858","-0.897264502498241","0.395784308717136",NA,"-0.601906427033228","2017-06-16"
"116","-1.21531714432472","-0.721451041462739","0.509616097159812",NA,"-0.475717362875883","2017-06-19"
"117","-1.27782264727335","-0.762581094998223","0.535962724847762",NA,"-0.501480339141269","2017-06-20"
"118","-1.17832857870446","-0.579801880803245","0.646822586399648",NA,"-0.370435957702686","2017-06-21"
"119","-1.13511049860747","-0.617251151429334","0.677878630468321",NA,"-0.358161006522828","2017-06-22"
"120","-1.01302651685436","-0.590055500698115","0.734119162429882",NA,"-0.289654285040864","2017-06-23"
"121","-1.05414657610044","-0.600329251070918","0.738113668520106",NA,"-0.305454052883751","2017-06-26"
"122","-1.1081989425361","-0.644589133316283","0.419880637525995",NA,"-0.444302479442128","2017-06-27"
"123","-1.08599407839501","-0.555711370243489","0.54563657607305",NA,"-0.365356290855149","2017-06-28"
"124","-1.1396244800423","-0.671325641405198","0.421294405767835",NA,"-0.46321857189322","2017-06-29"
"125","-1.10931443853142","-0.667976265032782","0.405719641938525",NA,"-0.457190353875225","2017-06-30"
"126","-1.0694699073639","-0.664628469428232","0.402882875563126",NA,"-0.443738500409668","2017-07-03"
"127","-0.856062761056478","-0.522314571373435","0.562178582843156",NA,"-0.272066249862252","2017-07-05"
"128","-0.834002441932898","-0.619831321200002","0.661698814169185",NA,"-0.264044982987905","2017-07-06"
"129","-0.800291687237039","-0.61135937833736","0.723453010073569",NA,"-0.22939935183361","2017-07-07"
"130","-0.650320182960171","-0.560812168895227","0.916060187817736",NA,"-0.0983573880125537","2017-07-10"
"131","-0.603495890753733","-0.488409899514712","0.96089401405239",NA,"-0.0436705920720182","2017-07-11"
"132","-0.537978054957516","-0.374958450394137","1.05945203024004",NA,"0.0488385082961273","2017-07-12"
"133","-0.443269171345145","-0.356695186153003","0.918631964796803",NA,"0.0395558690995514","2017-07-13"
"134","-0.402685092853007","-0.276325199529632","0.996487192565272",NA,"0.105825633394211","2017-07-14"
"135","-0.427971956588197","-0.297082587297145","0.928908690230948",NA,"0.0679513821152022","2017-07-17"
"136","-0.422893938658832","-0.210449240409985","1.07570007514318",NA,"0.147452298691455","2017-07-18"
"137","-0.401846628395141","-0.230946923720552","1.07570007514318",NA,"0.14763550767583","2017-07-19"
"138","-0.370193752783108","-0.266666604069882","1.11671955335164",NA,"0.15995306549955","2017-07-20"
"139","-0.172237014687109","-0.274254098120291","1.09687079707265",NA,"0.216793228088416","2017-07-21"
"140","-0.0383952219208157","-0.26149985511109","1.31832740856693",NA,"0.339477443845008","2017-07-24"
"141","-0.185260065310205","-0.255305982020732","1.32547083203788",NA,"0.294968261568981","2017-07-25"
"142","-0.136585373709406","-0.141351483477365","1.32070938955386",NA,"0.347590844122362","2017-07-26"
"143","0.0124693362147063","-0.196828847215809","1.22213399437234",NA,"0.345924827790411","2017-07-27"
"144","-0.074118897965473","-0.0821277857133443","1.32666081923756",NA,"0.390138045186246","2017-07-28"
"145","-0.166132377720357","-0.169693254851643","1.31117375337943",NA,"0.325116040269145","2017-07-31"
"146","-0.163846730097445","-0.177141558027538","1.44196018596923",NA,"0.366990632614748","2017-08-01"
"147","-0.312116082935759","-0.273563705713606","1.30759350428238",NA,"0.240637905211006","2017-08-02"
"148","-0.234911365810164","-0.225130719083495","1.38462729868937",NA,"0.308195071265236","2017-08-03"
"149","-0.199896553705975","-0.22478898735274","1.32547083203788",NA,"0.300261763659721","2017-08-04"
"150","-0.123066265634209","-0.039712582162736","1.55136007829001",NA,"0.462860410164354","2017-08-07"
"151","-0.115587331811802","-0.084124379698019","1.52966200030846",NA,"0.44331676293288","2017-08-08"
"152","-0.053642163523378","-0.0844570639660744","1.47791033076893",NA,"0.44660370109316","2017-08-09"
"153","-0.163085544796248","-0.278397154001839","1.1463513611469",NA,"0.234956220782939","2017-08-10"
"154","-0.144127831253454","-0.280815792165935","1.08816380004222",NA,"0.221073392207609","2017-08-11"
"155","-0.166894500898459","-0.181208545460807","1.38815569858735",NA,"0.346684217409361","2017-08-14"
"156","-0.261699512131593","-0.0758099729565085","1.34684432858828",NA,"0.336444947833393","2017-08-15"
"157","0.0539560845120336","-0.0179754366465767","1.33379290412088",NA,"0.456591183995445","2017-08-16"
"158","-0.088110776296758","0.125318956459968","1.32070938955386",NA,"0.452639189905689","2017-08-17"
"159","-0.0529140539655212","0.238577000088576","1.29803323059886",NA,"0.494565392240639","2017-08-18"
"160","-0.00818028941091743","0.293062679954925","1.44661293169828",NA,"0.577165107414096","2017-08-21"
"161","-0.693327583896051","0.452000750068208","0.270702994588682",NA,"0.00979205358694614","2017-08-22"
"162","-0.453520043401065","0.492111804664552","0.374430608741779",NA,"0.137674123335089","2017-08-23"
"163","-0.461236245139016","0.468201680360851","0.548397297964707",NA,"0.185120911062181","2017-08-24"
"164","-0.660536843379297","0.369624919771658","0.207761840739827",NA,"-0.0277166942892708","2017-08-25"
"165","-0.629093690187667","0.263555116737168","-0.0502975078806768",NA,"-0.138612027110392","2017-08-28"
"166","-0.662399034292347","0.235759635988758","-0.0194505697142868",NA,"-0.148696656005958","2017-08-29"
"167","-0.640145804541616","0.354646436709667","0.277973290786462",NA,"-0.00250869234849567","2017-08-30"
"168","-0.604405549919555","0.369624919771658","0.623749375602671",NA,"0.129656248484925","2017-08-31"
"169","-0.456089324085179","0.348213814271143","0.578667999326996",NA,"0.156930829837653","2017-09-01"
"170","-0.401008447921855","0.313773860152687","0.541492625061875",NA,"0.151419345764236","2017-09-05"
"171","-0.451808613302621","0.258568898958065","0.495695189481053",NA,"0.100818491712165","2017-09-06"
"172","-0.270428640358584","0.331022133312165","0.526271411512873",NA,"0.195621634822151","2017-09-07"
"173","-0.235695205986373","0.285313595078283","0.511005874675914",NA,"0.186874754589274","2017-09-08"
"174","-0.189872562542762","0.439967273021687","0.571803804157685",NA,"0.273966171545537","2017-09-11"
"175","0.0131785383987915","0.477479704372415","0.547017399081702",NA,"0.345891880617636","2017-09-12"
"176","0.181032351464107","0.585797435088168","0.455116528630347",NA,"0.407315438394207","2017-09-13"
"177","0.121365222286791","0.530734613150713","0.381557984603152",NA,"0.344552606680219","2017-09-14"
"178","0.204108638934145","0.518880709866983","0.350123394305804",NA,"0.35770424770231","2017-09-15"
"179","0.356183129827563","0.615298387150394","0.397205166248735",NA,"0.456228894408897","2017-09-18"
"180","0.232816456063165","0.617919480369084","0.280878588471895",NA,"0.377204841634714","2017-09-19"
"181","0.241235071954201","0.555834686263983","0.129128705882225",NA,"0.308732821366803","2017-09-20"
"182","0.211971098822505","0.53931156414678","0.182667691821096",NA,"0.311316784930127","2017-09-21"
"183","0.206076547825116","0.561429013450239","0.115657478270692",NA,"0.294387679848683","2017-09-22"
"184","0.0937296608828962","0.303582963992128","-0.0859963970105919",NA,"0.103772075954811","2017-09-25"
"185","0.0350568554342168","0.223532988060975","-0.268234741306239",NA,"-0.00321496593701574","2017-09-26"
"186","0.0103412900679257","0.346681492452603","-0.240893040866689",NA,"0.0387099138846131","2017-09-27"
"187","-0.093285713138731","0.32363721458248","-0.277919036108177",NA,"-0.0158558448881428","2017-09-28"
"188","-0.143372686137364","0.399150345668446","-0.458707992063461",NA,"-0.0676434441774596","2017-09-29"
"189","0.0878902692535973","0.426396909687037","-0.364248430267028",NA,"0.0500129162245355","2017-10-02"
"190","0.0927002372498522","0.573774119209033","-0.303831186592001",NA,"0.120881056622295","2017-10-03"
"191","-0.0441926822925954","0.578176324462355","-0.38729172298947",NA,"0.0488973063934299","2017-10-04"
"192","-0.0254006332391475","0.583453545033671","-0.447015401713336",NA,"0.0370125033603956","2017-10-05"
"193","-0.0391192888681164","0.592530002360357","-0.354403489412569",NA,"0.0663357413598903","2017-10-06"
"194","-0.0785287215252127","0.676398872964971","-0.437014282945147",NA,"0.0536186228315371","2017-10-09"
"195","-0.0543707059184214","0.70596846517611","-0.341305982756421",NA,"0.103430592167089","2017-10-10"
"196","-0.0587453753856204","0.750722366090866","-0.223277172114154",NA,"0.156233272863697","2017-10-11"
"197","-0.0347787842997061","0.631293886636684","-0.326609861267821",NA,"0.0899684136897189","2017-10-12"
"198","0.102975801469156","0.570543648879018","-0.215288395066286",NA,"0.152743685093963","2017-10-13"
"199","0.13692321845159","0.603050818884835","0.0264814616629296",NA,"0.255485166333118","2017-10-16"
"200","0.0357595446566197","0.477778993302289","-0.132929678725092",NA,"0.126869619744605","2017-10-17"
"201","0.0103412900679257","0.604510458499053","-0.0348512720901844",NA,"0.193333492158932","2017-10-18"
"202","-0.074118897965473","0.555245350653556","-0.218482672247185",NA,"0.0875479268136326","2017-10-19"
"203","-0.0609359422139968","0.537242736570922","-0.36753413438897",NA,"0.0362575533226519","2017-10-20"
"204","-0.10664259738576","0.411883057115568","-0.418727743988686",NA,"-0.0378290947529592","2017-10-23"
"205","-0.222404818288995","0.429113691344426","-0.475456867184059",NA,"-0.0895826647095428","2017-10-24"
"206","-0.324272868238839","0.32302118857748","-0.765145102956072",NA,"-0.255465594205811","2017-10-25"
"207","-0.347946924148313","0.326100164093911","-0.816811637867412",NA,"-0.279552799307271","2017-10-26"
"208","-0.238832659331799","0.502537983953093","-0.788242966265988",NA,"-0.174845880548232","2017-10-27"
"209","-0.259324153295838","0.66169581032891","-0.782903900376696",NA,"-0.126844081114541","2017-10-30"
"210","-0.249057275717369","0.756396053089748","-0.606246748396252",NA,"-0.0329693236746245","2017-10-31"
"211","-0.236479216099734","0.790028708265054","-0.625200085813253",NA,"-0.0238835312159777","2017-11-01"
"212","-0.203762790013263","0.754127252663755","-0.639027738351633",NA,"-0.0295544252337137","2017-11-02"
"213","-0.262491884584695","0.708544656038474","-0.722767911637457",NA,"-0.0922383800612256","2017-11-03"
"214","-0.169946029834763","0.839378609319911","-0.807867464753878",NA,"-0.0461449617562434","2017-11-06"
"215","-0.163466260448364","0.858043843283879","-1.0008375221069",NA,"-0.102086646423794","2017-11-07"
"216","-0.136585373709406","0.784955032397563","-0.96572148270902",NA,"-0.105783941340288","2017-11-08"
"217","-0.176060093177195","0.763196654110899","-0.872611265269351",NA,"-0.0951582347785494","2017-11-09"
"218","-0.135832149824168","0.799317357354027","-0.98417431342246",NA,"-0.106896368630867","2017-11-10"
"219","-0.0060359063174003","0.746462748074944","-0.708718261779784",NA,"0.0105695266592533","2017-11-13"
"220","-0.023241642691977","0.667754819049413","-0.831154933558035",NA,"-0.0622139190668664","2017-11-14"
"221","-0.0420168796620937","0.658807807881347","-0.585647790198071",NA,"0.0103810460070609","2017-11-15"
"222","0.0761697102374445","0.771684467374573","-0.323349698896434",NA,"0.174834826238528","2017-11-16"
"223","0.0553502974073428","0.763196654110899","-0.478813039001167",NA,"0.113244637505692","2017-11-17"
"224","0.100924140138171","0.843842140519448","-0.197758696453165",NA,"0.249002528068151","2017-11-20"
"225","0.0581364386046289","0.924089706888909","-0.298962480544177",NA,"0.22775455498312","2017-11-21"
"226","-0.401846628395141","0.894900071209954","-0.331503660828534",NA,"0.0538499273287601","2017-11-22"
"227","-0.309691940335527","0.932047551894099","-0.326609861267821",NA,"0.0985819167635838","2017-11-24"
"228","-0.401008447921855","0.844678580918462","-0.53280624623417",NA,"-0.0297120377458542","2017-11-27"
"229","-0.444974704027205","0.807185646090268","-1.62641812541662",NA,"-0.421402394451185","2017-11-28"
"230","-0.531785703284731","0.613259335114817","-1.53733410460629",NA,"-0.485286824258734","2017-11-29"
"231","-0.501054255030405","0.53014244902558","-1.85707635277298",NA,"-0.609329386259269","2017-11-30"
"232","-0.581763784174323","0.45650591099618","-2.18131040250811",NA,"-0.768856091895416","2017-12-01"
"233","-0.569174388771741","0.303274026852389","-1.68525096906197",NA,"-0.650383776993773","2017-12-04"
"234","-0.507170002886955","0.284072895061716","-1.89212781797307",NA,"-0.705074975266103","2017-12-05"
"235","-0.50804501624334","0.396721484930119","-1.98079560909658",NA,"-0.697373046803267","2017-12-06"
"236","-0.51242437920194","0.452301046343908","-1.90092781703604",NA,"-0.653683716631357","2017-12-07"
"237","-0.380976814849283","0.546104055779713","-1.76187617552932",NA,"-0.532249644866297","2017-12-08"
"238","-0.199124123423582","0.595162062254508","-1.69159388837231",NA,"-0.431851983180462","2017-12-11"
"239","-0.320214021521911","0.457406454776608","-1.69582669719113",NA,"-0.519544754645478","2017-12-12"
"240","-0.210737133477287","0.512052831725284","-1.69159388837231",NA,"-0.463426063374772","2017-12-13"
"241","-0.22708736996744","0.369930002218787","-1.66626855598357",NA,"-0.507808641244073","2017-12-14"
"242","-0.189103331135596","0.424584919307094","-1.62641812541662",NA,"-0.463645512415039","2017-12-15"
"243","-0.181422758843908","0.419144764135183","-1.56823821340578",NA,"-0.443505402704836","2017-12-18"
"244","-0.159282442207918","0.35556467758624","-1.46592472591931",NA,"-0.423214163513664","2017-12-19"
"245","-0.213843084301496","0.397024964285426","-1.43360194471602",NA,"-0.416806688244029","2017-12-20"
"246","-0.226306329145518","0.477778993302289","-1.54555758446216",NA,"-0.431361640101797","2017-12-21"
"247","-0.315352160196317","0.506702734069518","-1.55585495082688",NA,"-0.454834792317894","2017-12-22"
"248","-0.220066860794634","0.387603358832167","-1.59517015951163",NA,"-0.475877887158034","2017-12-26"
"249","-0.138091756025723","0.40703600173626","-1.5147860838028",NA,"-0.41528061269742","2017-12-27"
"250","-0.179122951955613","0.386690712939875","-1.61806692219189",NA,"-0.470166387069211","2017-12-28"
"251","-0.235695205986373","0.390644192592877","-1.75330698715847",NA,"-0.532786000183989","2017-12-29"
"252","-0.0763228274887762","0.721119130060006","-1.46592472591931",NA,"-0.273709474449361","2018-01-02"
"253","-0.0246808563967923","0.731100525139282","-1.45782573881651",NA,"-0.250468690024674","2018-01-03"
"254","0.0280205176568009","0.779594758646491","-1.26515014956514",NA,"-0.152511624420617","2018-01-04"
"255","0.092013533744466","0.918594725605891","-1.08118887190848",NA,"-0.0235268708527061","2018-01-05"
"256","0.153054105561724","0.908413786489201","-1.06051614238027",NA,"0.000317249890219445","2018-01-08"
"257","0.0103412900679257","0.921343142256092","-1.20118287303138",NA,"-0.0898328135691207","2018-01-09"
"258","0.0406718089307481","0.89351909408258","-1.28077580110185",NA,"-0.115528299362839","2018-01-10"
"259","0.0761697102374445","0.864713913162669","-1.26515014956514",NA,"-0.10808884205501","2018-01-11"
"260","0.149031180098128","0.837982927257795","-1.34374815626468",NA,"-0.118911349636253","2018-01-12"
"261","0.0671693616592841","0.685315967579292","-1.61598156898612",NA,"-0.287832079915847","2018-01-16"
"262","0.153054105561724","0.726254932581327","-1.05864096055381",NA,"-0.059777307470254","2018-01-17"
"263","0.140965858778094","0.7424842468367","-1.16087886275559",NA,"-0.0924762523802648","2018-01-18"
"264","0.127464787478853","0.732524949697479","-0.938164105316565",NA,"-0.0260581227134111","2018-01-19"
"265","0.103659470240051","0.731670421171135","-0.918046871216281",NA,"-0.0275723266016983","2018-01-22"
"266","0.144329565103762","0.961849608882433","-0.856350245316144",NA,"0.0832763095566834","2018-01-23"
"267","0.153723879658227","1.04971663800527","-0.865377591315056",NA,"0.112687642116148","2018-01-24"
"268","0.245111048079416","1.1242542878756","-0.72980715000405",NA,"0.213186061983654","2018-01-25"
"269","0.328254808104324","1.30328036480086","-0.635567799584676",NA,"0.33198912444017","2018-01-26"
"270","0.301901092105524","1.24651998152264","-0.400504770536939",NA,"0.382638767697076","2018-01-29"
"271","0.234761677253364","1.15929183812604","-0.512493291721409",NA,"0.293853407885997","2018-01-30"
"272","0.28480992568706","1.27946948024412","-0.4270317010152",NA,"0.379082568305326","2018-01-31"
"273","0.243819708909359","0.960213577398509","-0.514183092177826",NA,"0.229950064710014","2018-02-01"
"274","0.0392692293947361","0.824566386490312","-0.717494723376076",NA,"0.0487802975029907","2018-02-02"
"275","0.00536838922166744","0.631293886636684","-0.954681291901744",NA,"-0.106006338681131","2018-02-05"
"276","-0.0174929997076451","0.764329003961187","-1.03432311214875",NA,"-0.0958290359650697","2018-02-06"
"277","-0.0689839181881572","0.624610948464239","-1.08684108340955",NA,"-0.177071351044489","2018-02-07"
"278","-0.168419833163684","0.429113691344426","-1.36159641224544",NA,"-0.366967518021565","2018-02-08"
"279","-0.0405674790634705","0.517990635400381","-1.11519352995628",NA,"-0.21259012453979","2018-02-09"
"280","-0.00889528232143955","0.540789055904355","-0.989722833416401",NA,"-0.152609686611162","2018-02-12"
"281","-0.0160578871986101","0.593992573721902","-0.99527685593383",NA,"-0.139114056470179","2018-02-13"
"282","0.169745979336463","0.809150692033693","-0.592505526708211",NA,"0.128797048220649","2018-02-14"
"283","0.198195308144418","0.828483105052016","-0.542992315275318",NA,"0.161228699307038","2018-02-15"
"284","0.052561015932256","0.721975380018838","-0.507427670158651",NA,"0.0890362419308145","2018-02-16"
"285","0.0851374439892015","0.821206956592739","-0.290858608141804",NA,"0.205161930813379","2018-02-20"
"286","0.131522963268791","0.866657906596349","-0.354403489412569",NA,"0.214592460150857","2018-02-21"
"287","0.0657820709707784","0.864713913162669","-0.595937151859222",NA,"0.111519610758075","2018-02-22"
"288","0.127464787478853","0.989313865430967","0.231269997173954",NA,"0.449349550027924","2018-02-23"
"289","0.115250586087447","1.01366671272653","-0.00102912501283496",NA,"0.375962724600381","2018-02-26"
"290","0.0490701444773009","0.851086963010523","-0.112540669576533",NA,"0.262538812637097","2018-02-27"
"291","0.0315411873272186","0.791718683387879","-0.180286935873226",NA,"0.214324311613957","2018-02-28"
"292","-0.0697166985730258","0.673519393033917","-0.377403453673982",NA,"0.0754664135956365","2018-03-01"
"293","0.0678629928362069","0.60888650312028","-0.205719652039258",NA,"0.15700994797241","2018-03-02"
"294","0.142311916915016","0.662273300783836","-0.145516499211467",NA,"0.219689572829128","2018-03-05"
"295","0.812516797509916","0.82624526653593","-0.036393582953284",NA,"0.534122827030854","2018-03-06"
"296","0.594292952925611","0.873039494254902","0.414220886247605",NA,"0.627184444476039","2018-03-07"
"297","0.790349521153015","0.820926645510298","0.229804035784679",NA,"0.613693400815997","2018-03-08"
"298","0.795522552548105","0.914469809801505","0.487325717080011",NA,"0.732439359809873","2018-03-09"
"299","0.800684638380247","0.974376164276967","0.417051525678592",NA,"0.730704109445269","2018-03-12"
"300","0.721033706199712","0.855262449303951","0.385829676763915",NA,"0.654041944089193","2018-03-13"
"301","0.706077448214101","0.969477905965498","0.449494711216659",NA,"0.708350021798753","2018-03-14"
"302","0.807379410717541","1.14351427494933","0.530426844689156",NA,"0.827106843452009","2018-03-15"
"303","0.831942616270479","1.1755452965799","0.439642072337121",NA,"0.8157099950625","2018-03-16"
"304","0.802746482135193","1.02283714436576","0.408554874112037",NA,"0.744712833537663","2018-03-19"
"305","0.966226580941092","1.1406165667034","0.654942000309997",NA,"0.920595049318163","2018-03-20"
"306","0.926357853026527","1.04354665414357","0.796347577741383",NA,"0.922084028303826","2018-03-21"
"307","0.666653836162627","0.749586647330155","0.673838492341555",NA,"0.696692991944779","2018-03-22"
"308","0.629356645797166","0.65071344197456","0.673838492341555",NA,"0.65130286003776","2018-03-23"
"309","0.805836133301997","0.913093978728302","0.668446382690482",NA,"0.795792164906927","2018-03-26"
"310","0.630461736921795","0.670637898361643","0.270702994588682",NA,"0.523934209957373","2018-03-27"
"311","0.571204016650701","0.58403974765294","0.210706299844872",NA,"0.455316688049504","2018-03-28"
"312","0.68995193797974","0.717978216564704","0.464940154645581",NA,"0.624290103063341","2018-03-29"
"313","0.617168517242442","0.545809084945128","0.363005974682378",NA,"0.508661192289983","2018-04-02"
"314","0.594292952925611","0.458306873904713","0.452306373511144",NA,"0.501635400113823","2018-04-03"
"315","0.624931505976197","0.379688366138779","0.432593282522012",NA,"0.479071051545663","2018-04-04"
"316","0.649172242802946","0.394899206946338","0.421294405767835",NA,"0.488455285172373","2018-04-05"
"317","0.7114293168726","0.239203028429616","0.325704119991212",NA,"0.425445488431142","2018-04-06"
"318","0.851217135473667","0.312230974531994","0.381557984603152",NA,"0.515002031536271","2018-04-09"
"319","0.809435737894271","0.530734613150713","0.404301666682093",NA,"0.581490672575693","2018-04-10"
"320","0.801715774988382","0.478974722631369","0.467743547461783",NA,"0.582811348360511","2018-04-11"
"321","0.867332635799176","0.495688774023422","0.178227134883167",NA,"0.513749514901922","2018-04-12"
"322","0.698565312852559","0.378773884145656","0.0705029002331867",NA,"0.382614032410467","2018-04-13"
"323","0.699639879855977","0.459207138410913","0.0280053878645913",NA,"0.395617468710494","2018-04-16"
"324","0.841598564789564","0.577882683333436","0.182667691821096",NA,"0.534049646648032","2018-04-17"
"325","0.797588544941071","0.693357124946105","0.18710494096269",NA,"0.559350203616622","2018-04-18"
"326","0.788795583671068","0.656207487497796","0.232735548742482",NA,"0.559246206637115","2018-04-19"
"327","0.748572209005891","0.589896620361592","0.315615831836836",NA,"0.551361553734773","2018-04-20"
"328","0.670461474478982","0.485248950849463","0.351556534275684",NA,"0.502422319868043","2018-04-23"
"329","0.635428301174757","0.410671471045036","0.129128705882225",NA,"0.391742826034006","2018-04-24"
"330","0.560430811267413","0.32302118857748","0.0142720608600058",NA,"0.2992413535683","2018-04-25"
"331","0.568939798999413","0.435146125615911","0.226870435647044",NA,"0.410318786754123","2018-04-26"
"332","0.572900665944732","0.532510290042864","0.231269997173954",NA,"0.445560317720517","2018-04-27"
"333","0.69587690601727","0.57318676753936","0.105156515666018",NA,"0.458073396407549","2018-04-30"
"334","0.736429520122486","0.601298878285383","0.206289439520184",NA,"0.514672612642684","2018-05-01"
"335","0.724758703169766","0.657941177719258","0.184147342426683",NA,"0.522282407771902","2018-05-02"
"336","0.735900329055293","0.686752884739918","0.132117498808131",NA,"0.518256904201114","2018-05-03"
"337","0.709825008641679","0.868600763148958","0.173782813393772",NA,"0.584069528394803","2018-05-04"
"338","0.830924000152488","1.04488867666633","0.555292189067478",NA,"0.810368288628767","2018-05-07"
"339","0.877851634796135","1.07058736139199","0.582782679787365",NA,"0.843740558658497","2018-05-08"
"340","0.849700811844747","1.04703472092335","0.49011716782277",NA,"0.795617566863622","2018-05-09"
"341","0.933210298544392","1.06123279714034","0.610129211371615",NA,"0.868190769018781","2018-05-10"
"342","0.89180779107694","1.01825394717678","0.513784748065252",NA,"0.807948828772991","2018-05-11"
"343","0.803776811681446","1.13244179751662","0.51656229020101",NA,"0.817593633133026","2018-05-14"
"344","0.651911840449902","1.07859258109819","0.462135261900977",NA,"0.730879894483023","2018-05-15"
"345","0.645331626937995","1.11843594738036","0.453711425341138",NA,"0.739159666553165","2018-05-16"
"346","1.07058519248101","1.06283758367917","0.5937386109686",NA,"0.909053795709593","2018-05-17"
"347","1.13178291155512","1.03548769993317","0.785807948874727",NA,"0.984359520121004","2018-05-18"
"348","1.03425322447883","1.10598418418657","0.805553220157663",NA,"0.981930209607688","2018-05-21"
"349","1.05248588248098","1.0588242542786","0.768635141742983",NA,"0.959981759500855","2018-05-22"
"350","1.21255043150376","1.08365624115843","0.748749524731792",NA,"1.01498539913133","2018-05-23"
"351","1.29118812590064","1.09881757029529","0.728789272778988",NA,"1.03959832299164","2018-05-24"
"352","1.27208139969514","1.14719989253892","0.68057046378582",NA,"1.03328391867329","2018-05-25"
"353","1.25368503211099","1.11552434059468","1.42097187355562",NA,"1.26339374875376","2018-05-29"
"354","1.34805212942014","1.11499468266555","1.21484826560279",NA,"1.22596502589616","2018-05-30"
"355","1.40727362506497","1.11578896416929","1.54337622587165",NA,"1.3554796050353","2018-05-31"
"356","1.42576879344149","1.28075245580979","1.94742701305039",NA,"1.55131608743389","2018-06-01"
"357","1.4544432203603","1.39770695625422","2.02088019478014",NA,"1.62434345713155","2018-06-04"
"358","1.48435433777602","1.38313514353912","1.96114635932689",NA,"1.60954528021401","2018-06-05"
"359","1.46865659889567","1.38137394164011","1.99895203811363",NA,"1.61632752621647","2018-06-06"
"360","1.43456578221483","1.26224833309457","1.92306606218138",NA,"1.53996005916359","2018-06-07"
"361","1.43656068620783","1.29944739312823","2.19610367650593",NA,"1.64403725194733","2018-06-08"
"362","1.52893832581368","1.31552746341284","2.28107135829683",NA,"1.70851238250778","2018-06-11"
"363","1.60200251688567","1.4009676173094","2.29295633284999",NA,"1.76530882234835","2018-06-12"
"364","1.54273154915013","1.33892154279169","2.31763105971502",NA,"1.73309471721895","2018-06-13"
"365","1.5281695846507","1.44540906956365","2.37930097908459",NA,"1.78429321109964","2018-06-14"
"366","1.46786925350218","1.37381828509236","2.35393756380173",NA,"1.73187503413209","2018-06-15"
"367","1.47691040264449","1.38816476734844","2.30777536163255",NA,"1.72428351054183","2018-06-18"
"368","1.39310791972856","1.28306080550592","2.10255990431244",NA,"1.59290954318231","2018-06-19"
"369","1.52239807732835","1.32901723522748","2.18601630815666",NA,"1.67914387357083","2018-06-20"
"370","1.43296862847626","1.22582116374044","2.08097145289616",NA,"1.57992041503762","2018-06-21"
"371","1.38741892833261","1.22063327547234","2.07065987715546",NA,"1.55957069365347","2018-06-22"
"372","1.12771968867276","0.933692395336458","1.79409537617731",NA,"1.28516915339551","2018-06-25"
"373","1.1994172697402","0.938350084933261","1.47675477629044",NA,"1.2048407103213","2018-06-26"
"374","1.00451355311526","0.760080856571428","1.18193461276615",NA,"0.982176340817612","2018-06-27"
"375","1.1182128557517","0.854427695970182","1.3693107829878",NA,"1.11398377823656","2018-06-28"
"376","1.12500729807248","0.774510970001075","1.25961866584001",NA,"1.05304564463785","2018-06-29"
"377","1.17205246817942","0.797910967847077","1.4045896422584",NA,"1.12485102609496","2018-07-02"
"378","1.17737251441992","0.752425085798598","1.32785005330062",NA,"1.08588255117305","2018-07-03"
"379","1.14303476286442","0.812518246701764","1.34328836595444",NA,"1.0996137918402","2018-07-05"
"380","1.15825568562328","0.961577099658845","1.6023948747065",NA,"1.24074255332954","2018-07-06"
"381","1.26183061306339","0.97464800903216","1.62604258203857",NA,"1.28750706804471","2018-07-09"
"382","1.26525220497455","0.96920579298375","1.46054585480698",NA,"1.23166795092176","2018-07-10"
"383","1.25325566414841","0.827644076495869","1.31951853434765",NA,"1.13347275833064","2018-07-11"
"384","1.40121252896216","0.90400491753005","1.48137663955444",NA,"1.26219802868222","2018-07-12"
"385","1.38171678796717","0.900419931094742","1.31475168011608",NA,"1.198962799726","2018-07-13"
"386","1.43974917555924","0.908964730890104","1.36517913474686",NA,"1.2379643470654","2018-07-16"
"387","1.43616174628122","0.972199783014813","1.48830145181354",NA,"1.29888766036986","2018-07-17"
"388","1.44213794899673","0.921068107139136","1.50902257421276",NA,"1.29074287678287","2018-07-18"
"389","1.42656984589713","0.825405879727364","1.38815569858735",NA,"1.21337714140395","2018-07-19"
"390","1.43256910902267","0.8228869406314","1.4917608989844",NA,"1.24907231621283","2018-07-20"
"391","1.49761950370215","0.817004247308039","1.55136007829001",NA,"1.2886612764334","2018-07-23"
"392","1.39513651102997","0.871652745909144","1.11300345844998",NA,"1.12659757179637","2018-07-24"
"393","1.49684116501867","1.11499468266555","1.21970641971017",NA,"1.27718075579813","2018-07-25"
"394","1.5220127386972","1.01339650580539","1.21363262215327","0.396384534186032","1.03635660021047","2018-07-26"
"395","1.43296862847626","0.883289294372559","1.06070382569692","0.0270998739067597","0.851015405613122","2018-07-27"
"396","1.25754676688675","0.754411158150926","0.821295745869482","-0.375142338361826","0.614527833136334","2018-07-30"
"397","1.26354191481936","0.822326875103822","0.951958026148714","-0.35714716200622","0.670169913516419","2018-07-31"
"398","1.25840415528318","0.767159473961128","0.95451277578744","-0.836737255548004","0.535834787370937","2018-08-01"
"399","1.22952019090281","0.691061274692939","0.827841647699653","-0.983354615157361","0.44126712453451","2018-08-02"
"400","1.12997799372041","0.640287936394884","0.872136745746957","-1.12069546072398","0.380426803784568","2018-08-03"
"401","1.18974189412811","0.57553525121969","0.809493152386345","-0.870151252838537","0.426154761223901","2018-08-06"
"402","1.27165521196208","0.613550535301629","0.935321282037063","-0.709815947286151","0.527677770503655","2018-08-07"
"403","1.22126738402738","0.543152094269207","0.988880786867143","-0.845623312657057","0.476919238126668","2018-08-08"
"404","1.20643031833735","0.533397873418555","1.05694779659557","-0.906068098988818","0.472676972340664","2018-08-09"
"405","1.15244707651748","0.616172094600569","1.11052480741606","-1.01787725241207","0.46531668153051","2018-08-10"
"406","1.03378399525064","0.547874535483413","0.886386948334957","-1.03407847297335","0.358491751523914","2018-08-13"
"407","0.88483952616944","0.393683719377201","0.404301666682093","-1.13727121900207","0.136388423306666","2018-08-14"
"408","0.809949437226913","0.310996629177095","0.293931657262245","-1.45672477404737","-0.0104617625952786","2018-08-15"
"409","0.886832511754768","0.377250469880371","0.488721415648084","-1.127791661579","0.156253183926055","2018-08-16"
"410","0.937117604967957","0.40127438030179","0.571803804157685","-1.13727121900207","0.19323114260634","2018-08-17"
"411","0.984486839650715","0.506702734069518","0.727455648536437","-1.14914822044909","0.267374250451894","2018-08-20"
"412","1.12545950183471","0.554950864252376","0.883799300157641","-1.19697271514868","0.341809237774011","2018-08-21"
"413","1.15691647100318","0.552888200293047","1.31475168011608","-1.28190526601035","0.435662771350491","2018-08-22"
"414","1.09497161614202","0.384560303716098","1.31832740856693","-1.30400632766753","0.373463250189378","2018-08-23"
"415","1.07751147986341","0.445084700823004","1.3004248126031","-1.58064246677576","0.310594631628439","2018-08-24"
"416","1.22257240661219","0.63477717353515","1.65517303981698","-1.09712099430066","0.603850406415916","2018-08-27"
"417","1.22821887137116","0.562900285935586","1.73830755269859","-1.01095132010416","0.629618847475295","2018-08-28"
"418","1.22517999807116","0.572012366014964","1.72729917112204","-0.654059237135724","0.71760807451811","2018-08-29"
"419","1.08671640092554","0.456205825462756","1.4174658551715","-1.38347571771633","0.394228090960866","2018-08-30"
"420","1.06503029167409","0.468501080053549","1.58543841877648","-1.05499503525548","0.515993688812157","2018-08-31"
"421","1.01446665036091","0.329792174117466","1.69191500534084","-0.740126451563434","0.574011844563945","2018-09-04"
"422","0.917027634471584","0.135223488596607","1.46402318963825","-1.18496926094576","0.332826262940171","2018-09-05"
"423","0.860295064328062","-0.00582900934091783","1.31951853434765","-1.11125064515893","0.265683486043967","2018-09-06"
"424","0.866328435527736","0.0755132339397253","1.45474493040353","-1.00403646868667","0.348137532796082","2018-09-07"
"425","0.714634976771489","-0.122206099052223","1.17459189154743","-0.965050033326189","0.200492683985126","2018-09-10"
"426","0.660112756268443","-0.0854556762605317","1.15004340081617","-0.165711342231837","0.38974728464806","2018-09-11"
"427","0.680767151113306","0.0460509291691828","1.31117375337943","-0.268232659290758","0.442439793592791","2018-09-12"
"428","0.793971654123027","0.176556410789032","1.65070183974913","0.915725906305336","0.88423895274163","2018-09-13"
"429","0.694800649649191","0.151477827209145","1.70631820005299","0.335187698578417","0.721946093872435","2018-09-14"
"430","0.619389055497905","-0.0380625807126589","1.55363851782492","-0.0170958209951383","0.529467292903757","2018-09-17"
"431","0.609381155804476","-0.112492604560593","1.80279331611711","-0.347180981019201","0.488125221585447","2018-09-18"
"432","0.723163015617832","0.0839011460540615","1.7460003131635","-0.276065744723446","0.569249682527986","2018-09-19"
"433","0.813030062990094","0.187629215545105","1.61028895883338","0.0362530841878347","0.661800330389103","2018-09-20"
"434","0.831942616270479","0.147976311401113","1.6023948747065","0.206724778212413","0.697259645147627","2018-09-21"
"435","0.734311599823438","0.100957446004078","1.47444219827666","0.360787304634793","0.667624637184742","2018-09-24"
"436","0.766936751447344","0.13586198034836","1.57296883402883","0.436725779608285","0.728123336358205","2018-09-25"
"437","0.801200363503004","0.172437603096449","1.54679953133529","0.287009278605793","0.701861694135134","2018-09-26"
"438","0.777890301879572","0.201516039450144","1.34565939605488","0.333475880316319","0.664635404425228","2018-09-27"
"439","0.831433462481825","0.152113897086774","1.29564043554211","0.326622273637003","0.651452517186927","2018-09-28"
"440","0.750151549275116","0.0635540263096133","1.32428117891815","0.560515390267264","0.674625536192535","2018-10-01"
"441","0.635428301174757","0.00596237804700419","1.05068248321579","0.217278102429251","0.4773378162167","2018-10-02"
"442","0.616057528276861","0.0755132339397253","1.1241428455275","0.324907200413882","0.535155202039493","2018-10-03"
"443","0.490114707268636","-0.129922774727983","0.702055924170187","-0.335249927807565","0.181749482225819","2018-10-04"
"444","0.426755372122566","-0.18053033122728","0.703395480566063","-0.521748509071492","0.106968003097464","2018-10-05"
"445","0.321379691484366","-0.300203160977176","0.553914104097652","-0.645541958314124","-0.0176128309273205","2018-10-08"
"446","0.300639119737218","-0.447940256061883","0.506835012598738","-0.407312141521833","-0.01194456631194","2018-10-09"
"447","0.111165888599782","-0.765992087620668","0.129128705882225","-0.832300451690361","-0.339499486207255","2018-10-10"
"448","0.149702244971233","-0.630902599817588","0.195967888085022","-0.724945626408001","-0.252544523292334","2018-10-11"
"449","0.361731158160345","-0.435468878402323","0.502660264100466","-0.554985213721681","-0.0315156674657981","2018-10-12"
"450","0.350622635561199","-0.548069156493014","0.553914104097652","-0.662592205255798","-0.0765311555224902","2018-10-15"
"451","0.438125137436064","-0.353891043107311","0.494301488157434","-0.727111406158702","-0.0371439559181288","2018-10-16"
"452","0.403252422673464","-0.405303205295944","0.0447424886628147","-0.908322428032185","-0.216407680497963","2018-10-17"
"453","0.31762168721962","-0.626470957506543","-0.245707437539814","-1.18496926094576","-0.434881492193124","2018-10-18"
"454","0.330126467409252","-0.592988887940446","-0.607967045595635","-1.21383174471648","-0.521165302710827","2018-10-19"
"455","0.448254167574891","-0.38199959877197","-0.336402033042766","-0.91735080402022","-0.296874567065016","2018-10-22"
"456","0.426755372122566","-0.458296758120891","-0.374111560010643","-1.25503942065986","-0.415173091667207","2018-10-23"
"457","0.304422918821235","-0.716191570690894","-0.663314285487434","-1.5545438384649","-0.657406693955497","2018-10-24"
"458","0.404463150566097","-0.53209339114495","-0.568544067794328","-1.24288062363924","-0.484763733003105","2018-10-25"
"459","0.337599416388438","-0.59518987757289","-0.546392016977188","-1.33116585939761","-0.533787084389812","2018-10-26"
"460","0.230220295542589","-0.955500232466881","-0.668532875226907","-1.54155081529385","-0.733840906861262","2018-10-29"
"461","0.233465249202676","-0.840821352932121","-0.577089127407663","-1.58587978929101","-0.692581255107029","2018-10-30"
"462","0.338842685825065","-0.616882880452605","-0.0984715356637342","-1.46947534862967","-0.461496769730236","2018-10-31"
"463","0.63763230243082","-0.296389216914612","0.337209516140229","-0.830083796370557","-0.03790779867853","2018-11-01"
"464","0.657382008689053","-0.424802307989935","0.18118807436215","-0.823440138837899","-0.102418090944158","2018-11-02"
"465","0.590927670368098","-0.530643720282233","0.267792198452334","-0.894813550911208","-0.141684350593252","2018-11-05"
"466","0.61883423257313","-0.430132613747424","0.234201137074358","-0.987942622431309","-0.141259966632811","2018-11-06"
"467","0.705005673479411","-0.253243131728616","0.360145994323889","-0.746648413064864","0.016315030752455","2018-11-07"
"468","0.534726483640196","-0.37531011265779","0.120151937606131","-1.07133039298975","-0.197940521100304","2018-11-08"
"469","0.362346777116554","-0.523037934596661","-0.244101658343575","-1.30400632766753","-0.427199785872804","2018-11-09"
"470","-0.210737133477287","-0.597024362445365","-0.430357341868099","-1.58064246677576","-0.704690326141627","2018-11-12"
"471","-0.0910666318035726","-0.446513630597853","-0.395546163003613","-1.59900134414527","-0.633031942387578","2018-11-13"
"472","-0.163846730097445","-0.324538613889363","-0.207313068297874","-1.10182603923171","-0.449381112879098","2018-11-14"
"473","-0.147151398800871","-0.126901934844211","0.0127442918679854","-0.821228275560636","-0.270634329334433","2018-11-15"
"474","-0.144127831253454","-0.198529079725721","-0.194577663844685","-0.722781102652819","-0.31500391936917","2018-11-16"
"475","-0.273610626849225","-0.356344770290841","-0.585647790198071","-0.942273292197227","-0.539469119883841","2018-11-19"
"476","-0.350409013911021","-0.482301639538928","-0.57879988150548","-0.248710139792371","-0.41505516868695","2018-11-20"
"477","-0.167657163905353","-0.360553237015473","-0.400504770536939","-0.148531187521856","-0.269311589744905","2018-11-21"
"478","-0.157762729787974","-0.328373064237535","-0.403813452549091","-0.375142338361826","-0.316272896234107","2018-11-23"
"479","-0.0858963283908781","-0.133953786055501","-0.680730710824938","-0.639165123164903","-0.384936487109055","2018-11-26"
"480","-0.0492764252559626","-0.118854302909558","-0.738619376290095","-0.385170572116791","-0.322980169143101","2018-11-27"
"481","-0.0347787842997061","-0.0232368770258058","-0.684220950031405","-0.295707697190363","-0.25948607713682","2018-11-28"
"482","-0.0572865116180457","-0.124888985820716","-0.62692661485281","-0.387178937750745","-0.299070262510579","2018-11-29"
"483","0.0392692293947361","0.0265338108031283","-0.457035975987317","-0.283912459186808","-0.168786348744065","2018-11-30"
"484","0.120686699622962","0.119559526068479","-0.175531735639818","-0.0898512864686637","-0.00628419910426041","2018-12-03"
"485","0.117290681212599","-0.0562402284497341","-0.400504770536939","-0.213780281197269","-0.138308649742836","2018-12-04"
"486","0.0364618237349294","-0.140005380379436","-1.23016263217498","-0.367135416059864","-0.425210401219837","2018-12-06"
"487","-0.0851584471007834","-0.234028332460152","-1.73407677839709","-0.770642053591258","-0.70597640288732","2018-12-07"
"488","-0.055828142884334","-0.29015449526207","-1.80061301830889","-0.881344345826205","-0.756985000570376","2018-12-10"
"489","0.0131785383987915","-0.276325199529632","-1.73194434016705","-0.727111406158702","-0.680550601864149","2018-12-11"
"490","0.128141725202008","-0.287731545878185","-1.52297445012496","-0.345190146188636","-0.506938604247442","2018-12-12"
"491","0.149031180098128","-0.288423772085151","-1.54761531483693","-0.359143083772524","-0.51153774764912","2018-12-13"
"492","0.100239988935213","-0.374958450394137","-1.59724767099425","-0.256508970114999","-0.532118775642042","2018-12-14"
"493","-0.117828819059858","-0.55461901594819","-1.79413689491877","-0.439713072325715","-0.726574450563132","2018-12-17"
"494","-0.165370184405853","-0.67095303120492","-1.75116693121671","-0.276065744723446","-0.715888972887731","2018-12-18"
"495","-0.34139351992479","-0.809767389242684","-1.97632667002389","-0.411349550168707","-0.884709282340016","2018-12-19"
"496","-0.410244084107045","-0.887944151474954","-2.0031989956024","-0.582171781870837","-0.97088975326381","2018-12-20"
"497","-0.511547816295545","-1.01002043503215","-1.99422646745994","-0.658324023035802","-1.04352968545586","2018-12-21"
"498","-0.425431687461344","-1.01439076901131","-1.92741544584216","-0.622203051944184","-0.997360238564748","2018-12-24"
"499","-0.358633276479173","-0.776996450313781","-1.80926060600685","-0.577978582910119","-0.88071722892748","2018-12-26"
"500","-0.334041624630462","-0.759930290522129","-1.77690675239715","-0.496980954978832","-0.841964905632143","2018-12-27"
"501","-0.317781775356482","-0.735753591125563","-1.76831254403479","-0.464167661886031","-0.821503893100717","2018-12-28"
"502","-0.427125051607091","-0.812443519530222","-1.91194795741852","-0.387178937750745","-0.884673866576646","2018-12-31"
"503","-0.378484140198616","-0.826613522829025","-1.67891571495322","-0.43362034237484","-0.829408430088927","2019-01-02"
"504","-0.499309558788601","-1.06591586419175","-1.85053036637154","-0.575883444587955","-0.997909808484959","2019-01-03"
"505","-0.33485742415119","-0.710937408573677","-1.55791672786375","-0.337236179748382","-0.735236935084249","2019-01-04"
"506","-0.23804782493256","-0.58675708022039","-1.39347692398043","-0.23509421508098","-0.613344011053591","2019-01-07"
"507","-0.199124123423582","-0.453294686727581","-1.31807428281843","-0.084212691555125","-0.513676446131179","2019-01-08"
"508","-0.12531424038705","-0.273218836906207","-1.21082493846796","0.19614687678867","-0.353302784743138","2019-01-09"
"509","-0.21617524438003","-0.281161195657225","-1.23985780144766","0.342028310429579","-0.348791482763834","2019-01-10"
"510","-0.238832659331799","-0.293963384990433","-1.24374101348734","0.304275112641555","-0.368065486292004","2019-01-11"
"511","-0.385136804667116","-0.365467593386411","-1.3239879036365","-0.015245652775413","-0.52245948861636","2019-01-14"
"512","-0.336489912073795","-0.309228692327187","-1.25151587996567","-0.00785274567669629","-0.476271807510837","2019-01-15"
"513","-0.29439334699486","-0.173416100608091","-1.09438653807767","0.124984726388519","-0.359302814823026","2019-01-16"
"514","-0.25379049989096","-0.135297831860404","-0.925353452044046","0.0160916262052423","-0.324587539397542","2019-01-17"
"515","-0.103668090231102","-0.100124965420156","-0.642490313894815","0.0980070476424423","-0.187069080475908","2019-01-18"
"516","-0.169946029834763","-0.26528849243707","-0.870801727120044","0.130361165220962","-0.293918771042729","2019-01-22"
"517","-0.169182966465738","-0.269424466307106","-0.976785722410224","0.391316241389185","-0.256019228448471","2019-01-23"
"518","-0.133574680144867","-0.138996290493031","-0.770466104003165","0.728303380927986","-0.0786834234282693","2019-01-24"
"519","-0.0196472660316199","-0.0275152196432661","-0.507427670158651","0.845970087296553","0.072844982865754","2019-01-25"
"520","-0.0297247059431981","-0.0370729214153956","-0.680730710824938","0.768904214049608","0.00534396896651905","2019-01-28"
"521","-0.070449696002427","-0.104801022217833","-0.870801727120044","0.950203707796949","-0.0239621843858388","2019-01-29"
"522","-0.0218031935982548","0.217251928043201","-0.731568303294486","0.740834921210518","0.0511788380902447","2019-01-30"
"523","0.0761697102374445","0.269470011802296","-0.613130977121788","0.80143227502525","0.133485254985801","2019-01-31"
"524","0.0343542477685135","0.25326603620492","-0.630381204250718","0.76268151836793","0.104980149522662","2019-02-01"
"525","0.0830710031401282","0.213479305649435","-0.72804640940291","0.911209496407133","0.119928348948447","2019-02-04"
"526","0.103659470240051","0.372371304224045","-0.582222543854003","0.971061538231832","0.216217442210482","2019-02-05"
"527","0.115250586087447","0.362905217753595","-0.665053414880615","0.610705420552476","0.105951952378226","2019-02-06"
"528","-0.0434670571142042","0.221649526019025","-0.921698981432295","0.36418963233849","-0.094831720047246","2019-02-07"
"529","-0.0485493808185755","0.234193615664818","-0.827565702157291","0.267940737886875","-0.0934951823560433","2019-02-08"
"530","-0.0420168796620937","0.237011821246366","-0.745679587095831","0.403133016295843","-0.0368879073039288","2019-02-11"
"531","-0.00961048186584162","0.276310501048899","-0.566836656667082","0.438398858829864","0.0345655553364598","2019-02-12"
"532","0.0181357146305791","0.297706453239531","-0.460380371721159","0.448424153608405","0.0759714874393393","2019-02-13"
"533","0.00892140963619644","0.266046448351618","-0.477134769719348","0.451761194502937","0.062398570692851","2019-02-14"
"534","-0.114840844288219","0.196154649537098","-0.680730710824938","0.532752565935828","-0.0166660849100576","2019-02-15"
"535","-0.0543707059184214","0.321788919367092","-0.290858608141804","0.782873616517199","0.189858305456016","2019-02-19"
"536","0.0650877867964451","0.338090201502965","-0.379050259617848","0.819915181289525","0.211010727492772","2019-02-20"
"537","-0.00961048186584162","0.367182368764753","-0.413751541428","0.6904984638471","0.158579702329503","2019-02-21"
"538","0.156401499313968","0.52540355621813","-0.166034576669617","0.827593873828152","0.335841088172658","2019-02-22"
"539","0.25670204271066","0.709688870707713","0.170817536639672","0.770458508449741","0.476916739626947","2019-02-25"
"540","0.257344540529593","0.717978216564704","0.0523321567882619","0.790615584150843","0.45456762450835","2019-02-26"
"541","0.210007873570736","0.747599172108451","0.0614257087836896","0.699979287394791","0.429753010464417","2019-02-27"
"542","0.187647704504296","0.703391466020056","-0.161292762209764","0.912715669759103","0.410615519518423","2019-02-28"
"543","0.161747996072224","0.727680674134733","-0.143941912745349","0.920238098336304","0.416431213949478","2019-03-01"
"544","0.262477373107925","0.8228869406314","-0.0518448417809781","1.08988192655974","0.530850349629521","2019-03-04"
"545","0.315740354703643","0.75951404072564","0.1470356546336","1.03745919752744","0.564937311897582","2019-03-05"
"546","0.280995678364331","0.735941643153304","0.160426594077653","0.920238098336304","0.524400503482898","2019-03-06"
"547","0.0160122543496517","0.537242736570922","-0.232878045351587","0.782873616517199","0.275812640521547","2019-03-07"
"548","-0.0218031935982548","0.469100247457595","-0.224875772309063","0.684166559709514","0.226646960314948","2019-03-08"
"549","0.0223767530854897","0.627808283819338","-0.260177866584478","0.911209496407133","0.325304166681871","2019-03-11"
"550","0.0364618237349294","0.634197081474578","0.331459609277484","0.985901252699068","0.497004941796515","2019-03-12"
"551","0.0851374439892015","0.636228007762085","0.522112681880347","0.121397348173236","0.341218870451217","2019-03-13"
"552","0.0865142738025678","0.626355117311746","0.442459165452337","-0.0115479615647044","0.285945148750486","2019-03-14"
"553","0.175727599118124","0.644055228705842","0.619667289433424","0.0124159857778795","0.362966525758817","2019-03-15"
"554","0.242527760167346","0.668908431324916","0.668446382690482","0.247045769302184","0.456732085871232","2019-03-18"
"555","0.286714720111602","0.677838235926327","0.625109779226704","0.14645159514081","0.434028582601361","2019-03-19"
"556","0.145001905938885","0.653027459578991","0.560801747976524","0.0289321859548177","0.346940824862304","2019-03-20"
"557","0.223067218385387","0.659385616531926","0.619667289433424","0.0690516662630781","0.392792947653454","2019-03-21"
"558","0.134224698898051","0.505810619207556","0.429770451369769","-0.179119080330819","0.222671672286139","2019-03-22"
"559","0.152383949110817","0.579935978511345","0.574550086775784","-0.209915854947656","0.274238539862573","2019-03-25"
"560","0.212625313892751","0.559663135558523","0.495695189481053","-0.206054544309305","0.265482273655755","2019-03-26"
"561","0.211971098822505","0.528661953303141","0.455116528630347","-0.158067445814669","0.259420533735331","2019-03-27"
"562","0.296217141707097","0.549349616280949","0.494301488157434","-0.213780281197269","0.281521991237053","2019-03-28"
"563","0.44408845916083","0.686752884739918","0.584153615359799","0.0636015923981371","0.444649137914671","2019-03-29"
"564","0.471335558497722","0.641737246578072","0.925057523145174","0.0399091728820763","0.519509875275761","2019-04-01"
"565","0.471335558497722","0.666313117282327","0.804239384580909","0.00137142414553608","0.485814871126624","2019-04-02"
"566","0.60045114043583","0.566723580841822","0.907046729814024","-0.177201246937107","0.474255051038642","2019-04-03"
"567","0.414730371652758","0.646951367190804","0.868958131925822","-0.355152123195827","0.393871936893389","2019-04-04"
"568","0.5209074705108","0.769422670996328","0.901809440936616","-0.559157286676313","0.408245573941858","2019-04-05"
"569","0.499451111924163","0.801847643881543","0.841203178937527","-0.511412279797083","0.407772413736538","2019-04-08"
"570","0.5214849743676","0.821206956592739","0.765118848024184","-0.405294791831585","0.425628996788234","2019-04-09"
"571","0.522062054924887","0.793126734817793","0.635804747541709","-0.486700861057962","0.366073169056607","2019-04-10"
"572","0.463074715908961","0.758947163590212","0.520154159010024","-0.544572614181296","0.299400856081975","2019-04-11"
"573","0.45656454757052","0.869155934980244","0.646818460697439","-0.540414005732961","0.358031234378811","2019-04-12"
"574","0.37524099461921","0.704537235358167","0.346848066951317","-0.474396051536954","0.238057561347935","2019-04-15"
"575","0.409300026683006","0.781570143442869","0.381681089737776","-0.375142338361826","0.299352230375456","2019-04-16"
"576","0.451225326893788","0.831279158385766","0.354123972918467","-0.272147599249054","0.341120214737242","2019-04-17"
"577","0.45774947832034","0.814200988863076","0.300040077376698","-0.169538250176607","0.350613073595877","2019-04-18"
"578","0.557018904880342","0.770271068573943","0.386018735931148","-0.084212691555125","0.407274004457577","2019-04-22"
"579","0.620498605631878","0.824006472369321","0.565045013104867","-0.00416073961101949","0.501347337873762","2019-04-23"
"580","0.614390164691778","0.77846524987864","0.47061001226973","-0.0954963752570797","0.441992262895767","2019-04-24"
"581","0.619389055497905","0.840495071663214","0.473453872826051","-0.262367102773344","0.417742724303456","2019-04-25"
"582","0.656288876320531","0.818405524781565","0.473453872826051","-0.49286618721404","0.363820521678527","2019-04-26"
"583","0.777369695553268","0.814200988863076","0.103942379253161","-0.419435024878951","0.319019509697639","2019-04-29"
"584","0.827355538360827","0.775641302697013","0.211133868323641","-0.429562752584207","0.346141989199318","2019-04-30"
"585","0.7970722730707","0.880244108026008","0.22903605144175","-0.217648215176489","0.422176054340492","2019-05-01"
"586","0.782569901959874","0.910066033007875","0.295630527181493","-0.250658632089777","0.434401957514866","2019-05-02"
"587","0.850206423687846","1.04113039997858","0.47061001226973","-0.0917323231363731","0.567553628199947","2019-05-03"
"588","0.703397194185877","0.850530292060729","0.286800431414981","-0.133314690057986","0.4268533069009","2019-05-06"
"589","0.555311271480098","0.657363209839322","-0.0839436199779867","-0.311483087678934","0.204311943415625","2019-05-07"
"590","0.538169299299478","0.603926540496894","-0.137973176199825","-0.238979897509073","0.191285691521868","2019-05-08"
"591","0.517440828641726","0.58784719413216","-0.221698697897018","-0.250658632089777","0.158232673196773","2019-05-09"
"592","0.491867851444188","0.557307529357645","-0.790295925924898","-0.39522155745065","-0.0340855256434285","2019-05-10"
"593","0.298744764246268","0.316549651513521","-1.00068405177515","-0.740126451563434","-0.281379021894699","2019-05-13"
"594","0.423153961204368","0.463406439825759","-0.819319638289371","-0.44581424821549","-0.0946433713686833","2019-05-14"
"595","0.453006288008777","0.545514067995906","-0.628211361502744","-0.470301624978593","-0.0249981576191635","2019-05-15"
"596","0.449443083170313","0.485248950849463","-0.67578137445331","-0.303588297385659","-0.0111694094547984","2019-05-16"
"597","0.328254808104324","0.302965040591344","-0.983763990371652","-0.335249927807565","-0.171948517370887","2019-05-17"
"598","0.196879247742645","0.0196854575763411","-1.08802747645077","-0.733613908373934","-0.40126916987643","2019-05-20"
"599","0.25605963508862","0.10962487932049","-0.995037773225701","-0.575883444587955","-0.301309175851137","2019-05-21"
"600","0.241881403519388","-0.0400424269437304","-1.08802747645077","-0.803568789938721","-0.422439322453459","2019-05-22"
"601","0.131522963268791","-0.134289647590049","-1.22969659896674","-0.788172823725836","-0.50515902675346","2019-05-23"
"602","0.132874166008424","-0.16800183968951","-1.35309938842309","-0.843399878535267","-0.55790673515986","2019-05-24"
"603","0.219156535059911","-0.174431804203839","-1.09952854699526","-0.854527136195605","-0.477332738083697","2019-05-28"
"604","0.277175861724035","-0.253930818747265","-0.922186839038233","-0.910577884521981","-0.452379920145861","2019-05-29"
"605","0.318875093914483","-0.302631362040683","-0.963157616717274","-0.985647920651657","-0.483140451373783","2019-05-30"
"606","0.302531773979563","-0.365819111273259","-1.04987324568589","-1.03871840191208","-0.537969746222916","2019-05-31"
"607","0.204764673109577","-0.343039474526336","-1.06510170802543","-1.13015962431157","-0.583384033438437","2019-06-03"
"608","0.381357355290746","-0.196828847215809","-0.663406984469091","-1.07133039298975","-0.387552217345977","2019-06-04"
"609","0.350622635561199","-0.282544005135196","-0.677551733620877","-1.10653623366966","-0.429002334216134","2019-06-05"
"610","0.349385271623561","-0.287731545878185","-0.651061558640011","-1.05033833837277","-0.409936542816852","2019-06-06"
"611","0.47369081888247","-0.194108901026617","-0.513713400656122","-0.955925300242778","-0.297514195760762","2019-06-07"
"612","0.501197656803209","-0.00648450211725661","-0.339879319499557","-0.861216336017332","-0.176595625207734","2019-06-10"
"613","0.534726483640196","0.084545435207449","-0.287025657701087","-0.894813550911208","-0.140641822441162","2019-06-11"
"614","0.563270373599344","-0.000257630164685518","-0.333243210447716","-0.814597641294824","-0.14620702707697","2019-06-12"
"615","0.642584511177092","0.00923324939557103","-0.323305184688708","-0.801366208513934","-0.118213408157495","2019-06-13"
"616","0.619389055497905","-0.064191712936233","-0.430296371657104","-0.792566404722894","-0.166916358454581","2019-06-14"
"617","0.623270112586855","-0.00451725335622388","-0.45569185667843","-0.775018580414298","-0.152989394465524","2019-06-17"
"618","0.761179690022567","0.17592285632249","-0.145966330816785","-0.709815947286151","0.0203300670605303","2019-06-18"
"619","0.848183710320943","0.174339332131266","-0.131588277269001","-0.694736641328998","0.0490495309635525","2019-06-19"
"620","0.933699134878416","0.261997378533026","0.0193733983535421","-0.696887313060822","0.129545649676041","2019-06-20"
"621","0.873348944700543","0.240141711782791","0.00540401958607217","-0.67542275582644","0.110867980060742","2019-06-21"
"622","0.834487272900455","0.257321852642512","0.073347482906479","-0.740126451563434","0.106257539221503","2019-06-24"
"623","0.743827762324574","0.185100329941347","-0.0587095810162134","-0.785977747051766","0.0210601910494854","2019-06-25"
"624","0.811490152452649","0.28500354841875","0.221584174390222","-0.805772006791883","0.128076467117434","2019-06-26"
"625","0.880349543915189","0.343921184043893","0.348303794178984","-0.737954631074868","0.2086549727658","2019-06-27"
"626","0.895780964223244","0.299253618718664","0.31910616504823","-0.766270425348951","0.186967580660297","2019-06-28"
"627","1.07474323532332","0.469699346391237","0.453515516981785","-0.764085980948871","0.308468029436867","2019-07-01"
"628","1.13493859016783","0.481664400744949","0.459219972902645","-0.836737255548004","0.309771427066856","2019-07-02"
"629","1.12500729807248","0.458306873904713","0.236477797110476","-0.885829687354045","0.233490570433406","2019-07-03"
"630","1.10411194095128","0.417027958853585","0.203656482269202","-0.841177762237469","0.22090465495915","2019-07-05"
"631","1.04221742768994","0.268225089334479","0.106992056082339","-0.897061809845986","0.130093190815193","2019-07-08"
"632","1.06966041845486","0.279106162889078","0.137391795996944","-0.799164482209061","0.171748473782955","2019-07-09"
"633","1.04968967276791","0.220707054429845","0.154036279790888","-0.942273292197227","0.120539928697853","2019-07-10"
"634","1.04362010857498","0.208760289014893","0.0917255941523157","-1.05732507155498","0.0716952300468026","2019-07-11"
"635","1.04782366727434","0.287484710701683","0.116130152052473","-1.10418063926097","0.0868144726918817","2019-07-12"
"636","1.07197212180821","0.423074307766831","0.108515924677195","-1.05499503525548","0.137141829749188","2019-07-15"
"637","1.05574424749452","0.443881215896749","0.000738964584209281","-0.879103458856741","0.155315242279684","2019-07-16"
"638","0.902718482125103","0.462807071091148","-0.220076241299916","-0.912834695301478","0.0581536541537141","2019-07-17"
"639","0.903707977469641","0.401881280002767","-0.0367288598539587","-0.863448350383185","0.101353011808816","2019-07-18"
"640","0.964296543982832","0.407642234854457","0.209639393570873","-0.894813550911208","0.171691155374239","2019-07-19"
"641","0.97825502822342","0.438159967715616","0.135875692819895","-0.874625470227814","0.169416304632779","2019-07-22"
"642","1.02767524651589","0.559957327951333","0.343934670724507","-0.688289269836333","0.310819493838848","2019-07-23"
"643","1.08073708217577","0.577002570807383","0.300040077376698","-0.701192812709055","0.314146729412699","2019-07-24"
"644","0.88334387013004","0.536355330857232","0.313246957113825","-0.577978582910119","0.288741893797745","2019-07-25"
"645","0.898260850495865","0.57905621065028","0.170628536735702","-0.55707066344615","0.272718733608924","2019-07-26"
"646","0.836521207444647","0.52836596981951","0.106992056082339","-0.494923101802651","0.244239032885961","2019-07-29"
"647","0.866830511288014","0.441172078215269","0.12069368981371","-0.486700861057962","0.235498854564758","2019-07-30"
"648","0.88334387013004","0.41127731422226","0.0441163083292053","-0.421458913642858","0.229319644759662","2019-07-31"
"649","0.699639879855977","0.180355212838249","-0.311734389728758","-0.343200388751835","0.0562650785534082","2019-08-01"
"650","0.661749606896488","0.0310942301603308","-0.433675460726236","-0.278026094746641","-0.00471442960401451","2019-08-02"
"651","0.451819024062208","-0.213177679725369","-0.729148948566051","-0.4417458806348","-0.233063371216003","2019-08-05"
"652","0.502361471377865","-0.086455011589507","-0.679322513733644","-0.484648102907192","-0.18701603921312","2019-08-06"
"653","0.467208554619035","-0.0288327433744985","-0.645779372669248","-0.449886492960279","-0.164322513596248","2019-08-07"
"654","0.561567049931501","0.0706683225108925","-0.388242606069013","-0.313459094823215","-0.0173665821124587","2019-08-08"
"655","0.58193047003051","-0.0304798420017049","-0.336560297879357","-0.355152123195827","-0.0350654482615947","2019-08-09"
"656","0.586995293043757","-0.0242238947314797","-0.369845620931351","-0.403278142553612","-0.0525880912931715","2019-08-12"
"657","0.751204005867225","0.128835664765837","-0.178058968037392","-0.125725461835146","0.144063810190131","2019-08-13"
"658","0.629909170166674","0.065495173039317","-0.389918463084932","-0.167624485943039","0.0344653485445049","2019-08-14"
"659","0.660112756268443","0.221963310673316","-0.273895044354024","-0.108696675202756","0.124871086846245","2019-08-15"
"660","0.740659930792038","0.456205825462756","-0.0934381635854519","0.101613433406279","0.301260256518905","2019-08-16"
"661","0.872848239886919","0.565547289355151","0.119172749135052","0.201438840716433","0.439751779773389","2019-08-19"
"662","0.906674190687573","0.533989699550442","-0.107711822461125","0.26967726138236","0.400657332289813","2019-08-20"
"663","0.573466108054749","0.475386297356772","-0.0351626426018795","0.938241406332741","0.487982792285596","2019-08-21"
"664","0.486604337356414","0.374811469918814","-0.125210507902055","1.0095436929931","0.436437248091568","2019-08-22"
"665","0.37524099461921","0.14510931198484","-0.296895081104926","0.844441605615306","0.266974207778608","2019-08-23"
"666","0.411715044900622","0.188260883000119","-0.150767471565497","1.01249044943439","0.365424726442409","2019-08-26"
"667","0.480742945730063","0.197732072187568","-0.0776241481875209","1.05062219214868","0.412868265469697","2019-08-27"
"668","0.516862437993157","0.237950896982929","0.190170252088755","1.05937608021848","0.50108991682083","2019-08-28"
"669","0.644233212464215","0.402184491161045","0.316177452893604","1.43400985269201","0.699151252302717","2019-08-29"
"670","0.68347201356458","0.469100247457595","0.460644975033424","1.31990063308183","0.733279467284357","2019-08-30"
"671","0.62216180464723","0.390036446659029","0.374443211363152","1.38545893096101","0.693025098407606","2019-09-03"
"672","0.680767151113306","0.44809283649101","0.0193733983535421","1.48602319505479","0.658564145253161","2019-09-04"
"673","0.759607164624591","0.58491865038544","0.420593887176721","1.59993572914768","0.841263857833607","2019-09-05"
"674","0.830924000152488","0.518584173625126","0.364293509237922","1.61413585206341","0.831984383769736","2019-09-06"
"675","0.806864920376337","0.550824282157287","0.39035351814232","1.61413585206341","0.840544643184837","2019-09-09"
"676","0.68995193797974","0.467902263568645","0.240937214506034","1.59734897207038","0.7490350970312","2019-09-10"
"677","0.733781955621876","0.500752124516783","0.292688667047561","1.82685920012729","0.838520486828376","2019-09-11"
"678","0.751204005867225","0.564371145639128","0.141936416567887","1.76371523174395","0.805306699954546","2019-09-12"
"679","0.792937491985447","0.59165234557398","0.276478712913741","1.73118082069713","0.848062342792574","2019-09-13"
"680","0.824292704931862","0.529846549117982","0.275002900953357","1.5817982320969","0.802735096775025","2019-09-16"
"681","0.788795583671068","0.586676072509335","0.22903605144175","1.67176558192931","0.819068322387866","2019-09-17"
"682","0.798621023736835","0.615881010873126","0.273526673412979","1.53482074741603","0.805712363859742","2019-09-18"
"683","0.795005642706132","0.629261047640888","0.400453083756173","1.56749575840389","0.848053883126771","2019-09-19"
"684","0.741188105161709","0.688476504775398","0.242422794878404","1.49661914182534","0.792176636660213","2019-09-20"
"685","0.655742265706839","0.527181039371904","0.158566953240361","1.46209149596084","0.700895438569985","2019-09-23"
"686","0.475455691395196","0.36382201336096","-0.142767638323636","1.06811315461548","0.441155805262","2019-09-24"
"687","0.572335320818387","0.517694078481701","-0.0461381998980395","1.24778691073342","0.572919527533867","2019-09-25"
"688","0.576855485792721","0.468201680360851","-0.085525271962011","1.30336133634198","0.565723307633384","2019-09-26"
"689","0.499451111924163","0.190788244856854","-0.39830512205764","1.11010550118066","0.350509933976009","2019-09-27"
"690","0.512231482806887","0.230119859985893","-0.438747927957007","1.24359125086071","0.38679866642412","2019-09-30"
"691","0.514548159414207","0.164508017656546","-0.359837531565694","1.31714824657141","0.409091723019116","2019-10-01"
"692","0.47310211088367","0.184151738594311","-0.171625090120486","1.29506847097367","0.44517430758279","2019-10-02"
"693","0.575161264208057","0.300181612280733","-0.0539918189019077","1.34459694748357","0.541487001267613","2019-10-03"
"694","0.584745709027713","0.326715366803444","-0.0445683848544739","1.39899750341346","0.566472548597535","2019-10-04"
"695","0.581367184214877","0.264178169647259","-0.114068325953837","1.1659681075812","0.474361283872375","2019-10-07"
"696","0.393545216255736","0.0612881441885797","-0.303484979309901","1.10577942371567","0.314281951212521","2019-10-08"
"697","0.476043839838137","0.165777811464526","-0.20711172023478","1.18160010272759","0.404077508448868","2019-10-09"
"698","0.562134916904169","0.193630347540161","-0.0776241481875209","1.20424105403261","0.470595542572353","2019-10-10"
"699","0.643134255282463","0.406126732784139","0.0193733983535421","1.33226576398941","0.600225037602388","2019-10-11"
"700","0.624377869017044","0.351890779327973","0.070278011700257","1.32952077876895","0.594016859703555","2019-10-14"
"701","0.669374159951947","0.476881464031368","0.125252802712905","1.4780599315611","0.68739208956433","2019-10-15"
"702","0.619389055497905","0.531326266437526","0.199165225534703","1.45141455157331","0.700323774760861","2019-10-16"
"703","0.475455691395196","0.523329231872753","0.138906854785811","1.51246600103944","0.662539444773301","2019-10-17"
"704","0.411715044900622","0.289344703621593","-0.0966067309070551","1.40305164858845","0.501876166550902","2019-10-18"
"705","0.450631487260849","0.423678689208311","0.108515924677195","1.48602319505479","0.617212324050285","2019-10-21"
"706","0.417140098933748","0.312848269668798","-0.0320308284872229","1.53482074741603","0.558194571882838","2019-10-22"
"707","0.427354968136189","0.313773860152687","-0.0335962668014608","1.68066438569093","0.597049236794587","2019-10-23"
"708","0.437528085827236","0.394291498388088","0.0425729844172813","2.21423871800542","0.772157821659507","2019-10-24"
"709","0.559293993823587","0.447491263216568","0.0456587153308922","2.31245134717522","0.841223829886568","2019-10-25"
"710","0.619389055497905","0.577295821151778","0.16912261918617","2.50056670575014","0.966593550396498","2019-10-28"
"711","0.580239945940643","0.524514588595351","0.0718133556185843","2.27475872477013","0.862831653731176","2019-10-29"
"712","0.581367184214877","0.543447244160923","-0.00704484475918708","2.3168652431447","0.858658706690329","2019-10-30"
"713","0.559293993823587","0.517990635400381","-0.0257731202252471","2.3168652431447","0.842094188035856","2019-10-31"
"714","0.568939798999413","0.511755938722217","0.146476949533441","2.38364576562516","0.902704613220057","2019-11-01"
"715","0.618279063183392","0.606844926050144","0.634426577347507","2.49526885985545","1.08870485660912","2019-11-04"
"716","0.497703275262696","0.673807294112175","0.552458225608193","2.60005482998314","1.08100590624155","2019-11-05"
"717","0.471335558497722","0.735657162666714","0.522971136150965","2.5959101174932","1.08146849370215","2019-11-06"
"718","0.497703275262696","0.806343229931926","0.789265026979108","2.5772101181113","1.16763041257126","2019-11-07"
"719","0.499451111924163","0.820366790657837","0.740860803201958","2.56887399470714","1.15738817512277","2019-11-08"
"720","0.557018904880342","0.807747359490493","0.740860803201958","2.43013280264563","1.13393996755461","2019-11-11"
"721","0.614390164691778","0.815042171460615","0.672882742184921","2.39233074145168","1.12366145494725","2019-11-12"
"722","0.562134916904169","0.687614765592881","0.602625201422134","2.40532714131058","1.06442550630744","2019-11-13"
"723","0.553032459474296","0.696799862273047","0.501806677236248","2.36513378797628","1.02919319673997","2019-11-14"
"724","0.621053055578883","0.773380789210431","0.678353679913118","2.51958602375201","1.14809338711361","2019-11-15"
