,Date,Open,High,Low,Close,Adj.Close,Volume,Vol
1,2017-01-03,3.123,3.129,3.045,3.047,3.047,0,0.013605442
2,2017-01-04,3.046,3.063,3.028,3.045,3.045,0,0.005746183
3,2017-01-05,3.043,3.047,2.956,2.962,2.962,0,0.015159087
4,2017-01-06,2.944,3.01,2.944,3.004,3.004,0,0.011084985
5,2017-01-08,2.9585,2.995,2.949,2.986,2.986,0,0.007738896
6,2017-01-09,2.973,2.98,2.954,2.968,2.968,0,0.00438153
7,2017-01-10,2.983,2.988,2.962,2.97,2.97,0,0.004369748
8,2017-01-11,2.964,2.983,2.926,2.957,2.957,0,0.009646302
9,2017-01-12,2.927,2.96,2.902,2.96,2.96,0,0.009894234
10,2017-01-13,2.937,3.019,2.937,2.977,2.977,0,0.013767629
11,2017-01-15,2.9325,2.989,2.925,2.952,2.952,0,0.010821779
12,2017-01-17,2.928,2.959,2.913,2.927,2.927,0,0.007833787
13,2017-01-18,2.965,3,2.96,2.985,2.985,0,0.006711409
14,2017-01-19,3.011,3.07,3.008,3.032,3.032,0,0.010200724
15,2017-01-20,3.068,3.084,3.039,3.046,3.046,0,0.007349339
16,2017-01-22,3.054,3.0675,3.003,3.0185,3.0185,0,0.010625154
17,2017-01-23,3.04,3.051,2.967,2.991,2.991,0,0.013958126
18,2017-01-24,3.019,3.06,2.999,3.056,3.056,0,0.010067668
19,2017-01-25,3.065,3.118,3.065,3.108,3.108,0,0.008571891
20,2017-01-26,3.113,3.128,3.087,3.091,3.091,0,0.006596943
21,2017-01-27,3.102,3.106,3.058,3.059,3.059,0,0.007787151
22,2017-01-29,3.0915,3.0975,3.058,3.068,3.068,0,0.006417025
23,2017-01-30,3.081,3.089,3.058,3.077,3.077,0,0.00504311
24,2017-01-31,3.084,3.091,3.034,3.051,3.051,0,0.009306122
25,2017-02-01,3.081,3.108,3.069,3.081,3.081,0,0.006313745
26,2017-02-02,3.062,3.092,3.041,3.083,3.083,0,0.008315669
27,2017-02-03,3.094,3.127,3.06,3.114,3.114,0,0.010829158
28,2017-02-05,3.0775,3.11,3.0525,3.081,3.081,0,0.009330629
29,2017-02-06,3.061,3.093,3.045,3.048,3.048,0,0.007820137
30,2017-02-07,3.065,3.085,3.004,3.019,3.019,0,0.013302677
31,2017-02-08,2.993,2.994,2.947,2.961,2.961,0,0.007911126
32,2017-02-09,2.979,3.022,2.975,3.011,3.011,0,0.007837252
33,2017-02-10,3.019,3.046,3.002,3.012,3.012,0,0.007275132
34,2017-02-12,3.024,3.047,3.014,3.023,3.023,0,0.005444646
35,2017-02-13,3.029,3.048,3.026,3.034,3.034,0,0.003621995
36,2017-02-14,3.038,3.096,3.029,3.062,3.062,0,0.010938776
37,2017-02-15,3.072,3.109,3.072,3.091,3.091,0,0.005986086
38,2017-02-16,3.069,3.086,3.03,3.051,3.051,0,0.009156311
39,2017-02-17,3.009,3.035,3.004,3.031,3.031,0,0.0051333
40,2017-02-19,3.034,3.049,3.0105,3.034,3.034,0,0.00635366
41,2017-02-21,3.059,3.063,3.017,3.037,3.037,0,0.007565789
42,2017-02-22,3.014,3.064,3,3.037,3.037,0,0.01055409
43,2017-02-23,3.024,3.032,3.015,3.023,3.023,0,0.002811311
44,2017-02-24,2.999,2.999,2.955,2.955,2.955,0,0.00738999
45,2017-02-26,2.9795,2.9945,2.957,2.9705,2.9705,0,0.006300933
46,2017-02-27,2.96,2.99,2.959,2.986,2.986,0,0.00521096
47,2017-02-28,2.971,2.986,2.949,2.968,2.968,0,0.006234204
48,2017-03-01,3.027,3.083,3.027,3.071,3.071,0,0.009165303
49,2017-03-02,3.082,3.101,3.065,3.082,3.082,0,0.005838469
50,2017-03-03,3.082,3.106,3.07,3.084,3.084,0,0.005829016
51,2017-03-05,3.0705,3.1075,3.062,3.091,3.091,0,0.00737499
52,2017-03-06,3.059,3.109,3.054,3.098,3.098,0,0.008924225
53,2017-03-07,3.113,3.123,3.102,3.11,3.11,0,0.003373494
54,2017-03-08,3.151,3.175,3.137,3.146,3.146,0,0.006020279
55,2017-03-09,3.156,3.19,3.149,3.183,3.183,0,0.006467897
56,2017-03-10,3.198,3.201,3.161,3.169,3.169,0,0.006287331
57,2017-03-12,3.1825,3.2,3.164,3.1805,3.1805,0,0.00565682
58,2017-03-13,3.167,3.199,3.167,3.192,3.192,0,0.005026704
59,2017-03-14,3.194,3.197,3.165,3.172,3.172,0,0.005029865
60,2017-03-15,3.158,3.168,3.106,3.106,3.106,0,0.009882053
61,2017-03-16,3.131,3.156,3.126,3.135,3.135,0,0.004775549
62,2017-03-17,3.13,3.138,3.104,3.113,3.113,0,0.005446972
63,2017-03-19,3.123,3.13,3.096,3.1015,3.1015,0,0.00546097
64,2017-03-20,3.116,3.122,3.088,3.09,3.09,0,0.00547504
65,2017-03-21,3.104,3.11,3.033,3.05,3.05,0,0.012534592
66,2017-03-22,3.033,3.037,2.992,3.011,3.011,0,0.007463924
67,2017-03-23,3.025,3.045,3.002,3.026,3.026,0,0.007110964
68,2017-03-24,3.025,3.033,3.002,3.002,3.002,0,0.005136703
69,2017-03-26,2.998,3.013,2.981,2.9905,2.9905,0,0.005338672
70,2017-03-27,2.971,2.993,2.96,2.979,2.979,0,0.005543423
71,2017-03-28,2.971,3.025,2.964,3.013,3.013,0,0.01018534
72,2017-03-29,3.01,3.016,2.986,2.992,2.992,0,0.004998334
73,2017-03-30,2.989,3.028,2.983,3.025,3.025,0,0.007486275
74,2017-03-31,3.033,3.048,3.015,3.018,3.018,0,0.00544285
75,2017-04-02,3.024,3.0365,2.9875,3.0015,3.0015,0,0.00813413
76,2017-04-03,3.015,3.025,2.96,2.985,2.985,0,0.010860485
77,2017-04-04,2.967,2.997,2.959,2.993,2.993,0,0.006380121
78,2017-04-05,3.015,3.026,2.994,3.006,3.006,0,0.005315615
79,2017-04-06,3.002,3.02,2.981,2.987,2.987,0,0.006498917
80,2017-04-07,2.964,3,2.939,2.998,2.998,0,0.010271089
81,2017-04-09,2.988,3.0065,2.9555,2.9925,2.9925,0,0.008554176
82,2017-04-10,3.012,3.013,2.972,2.987,2.987,0,0.006850459
83,2017-04-11,2.974,2.976,2.926,2.929,2.929,0,0.008471705
84,2017-04-12,2.927,2.945,2.919,2.93,2.93,0,0.004433834
85,2017-04-13,2.888,2.916,2.878,2.888,2.888,0,0.006558509
86,2017-04-16,2.885,2.915,2.8795,2.9005,2.9005,0,0.006126499
87,2017-04-17,2.882,2.914,2.881,2.913,2.913,0,0.005694564
88,2017-04-18,2.887,2.888,2.841,2.842,2.842,0,0.008203875
89,2017-04-19,2.871,2.883,2.861,2.861,2.861,0,0.003830084
90,2017-04-20,2.89,2.908,2.875,2.891,2.891,0,0.005706381
91,2017-04-21,2.892,2.897,2.861,2.895,2.895,0,0.006252171
92,2017-04-23,2.924,2.9265,2.8865,2.911,2.911,0,0.006881129
93,2017-04-24,2.956,2.956,2.912,2.927,2.927,0,0.007498296
94,2017-04-25,2.956,2.985,2.945,2.979,2.979,0,0.006745363
95,2017-04-26,2.992,3.003,2.963,2.971,2.971,0,0.00670466
96,2017-04-27,2.97,2.986,2.952,2.965,2.965,0,0.005725834
97,2017-04-28,2.981,2.999,2.952,2.952,2.952,0,0.007897832
98,2017-04-30,2.9715,3.01,2.9535,2.9815,2.9815,0,0.009474302
99,2017-05-01,2.962,3.021,2.955,3.011,3.011,0,0.011044177
100,2017-05-02,3.018,3.02,2.978,2.982,2.982,0,0.007002334
101,2017-05-03,2.961,2.989,2.939,2.955,2.955,0,0.008434548
102,2017-05-04,2.98,3.02,2.975,2.999,2.999,0,0.007506255
103,2017-05-05,2.997,3.02,2.978,2.989,2.989,0,0.007002334
104,2017-05-07,2.9825,3.023,2.972,3.0015,3.0015,0,0.008507089
105,2017-05-08,2.968,3.026,2.966,3.014,3.014,0,0.010013351
106,2017-05-09,3.022,3.047,3.022,3.038,3.038,0,0.004119295
107,2017-05-10,3.017,3.046,3.004,3.041,3.041,0,0.006942149
108,2017-05-11,3.034,3.059,3.031,3.038,3.038,0,0.004597701
109,2017-05-12,3.021,3.025,2.984,2.994,2.994,0,0.006823099
110,2017-05-14,3.0135,3.0225,2.991,3,3,0,0.005238214
111,2017-05-15,3.006,3.02,2.998,3.006,3.006,0,0.0036557
112,2017-05-16,3.019,3.025,2.968,2.992,2.992,0,0.009511096
113,2017-05-17,2.961,2.961,2.894,2.897,2.897,0,0.011443211
114,2017-05-18,2.887,2.912,2.88,2.905,2.905,0,0.005524862
115,2017-05-19,2.908,2.923,2.897,2.905,2.905,0,0.004467354
116,2017-05-21,2.907,2.9195,2.897,2.91,2.91,0,0.003868306
117,2017-05-22,2.906,2.916,2.897,2.915,2.915,0,0.003268536
118,2017-05-23,2.904,2.946,2.9,2.945,2.945,0,0.007868628
119,2017-05-24,2.936,2.952,2.919,2.935,2.935,0,0.005620848
120,2017-05-25,2.921,2.942,2.92,2.922,2.922,0,0.003752985
121,2017-05-26,2.901,2.919,2.896,2.916,2.916,0,0.003955288
122,2017-05-28,2.902,2.9155,2.8895,2.901,2.901,0,0.004478898
123,2017-05-30,2.903,2.912,2.883,2.886,2.886,0,0.005004314
124,2017-05-31,2.89,2.89,2.857,2.857,2.857,0,0.005742126
125,2017-06-01,2.879,2.893,2.87,2.87,2.87,0,0.003990977
126,2017-06-02,2.858,2.859,2.799,2.813,2.813,0,0.010604454
127,2017-06-04,2.8455,2.852,2.8125,2.827,2.827,0,0.006973254
128,2017-06-05,2.833,2.845,2.826,2.841,2.841,0,0.003350379
129,2017-06-06,2.803,2.813,2.796,2.81,2.81,0,0.003030843
130,2017-06-07,2.815,2.842,2.809,2.837,2.837,0,0.005839674
131,2017-06-08,2.859,2.866,2.834,2.855,2.855,0,0.005614035
132,2017-06-09,2.866,2.883,2.852,2.854,2.854,0,0.005405405
133,2017-06-11,2.8645,2.878,2.8445,2.861,2.861,0,0.005854085
134,2017-06-12,2.863,2.873,2.837,2.868,2.868,0,0.006304729
135,2017-06-13,2.872,2.886,2.859,2.863,2.863,0,0.004699739
136,2017-06-14,2.85,2.853,2.765,2.783,2.783,0,0.015663937
137,2017-06-15,2.785,2.798,2.778,2.785,2.785,0,0.003586801
138,2017-06-16,2.793,2.799,2.773,2.782,2.782,0,0.004666188
139,2017-06-18,2.781,2.7955,2.771,2.785,2.785,0,0.004401329
140,2017-06-19,2.769,2.792,2.769,2.788,2.788,0,0.004135947
141,2017-06-20,2.763,2.765,2.733,2.735,2.735,0,0.005820298
142,2017-06-21,2.747,2.754,2.721,2.724,2.724,0,0.006027397
143,2017-06-22,2.73,2.739,2.714,2.724,2.724,0,0.004584632
144,2017-06-23,2.725,2.739,2.71,2.714,2.714,0,0.005322077
145,2017-06-25,2.719,2.7275,2.696,2.705,2.705,0,0.005808058
146,2017-06-26,2.713,2.716,2.682,2.696,2.696,0,0.006298629
147,2017-06-27,2.723,2.765,2.721,2.744,2.744,0,0.008020416
148,2017-06-28,2.757,2.792,2.75,2.774,2.774,0,0.007578492
149,2017-06-29,2.826,2.842,2.807,2.814,2.814,0,0.006195787
150,2017-06-30,2.817,2.845,2.817,2.84,2.84,0,0.004945249
151,2017-07-02,2.828,2.859,2.82,2.851,2.851,0,0.006867406
152,2017-07-03,2.839,2.873,2.823,2.862,2.862,0,0.00877809
153,2017-07-05,2.853,2.868,2.845,2.855,2.855,0,0.004025906
154,2017-07-06,2.887,2.923,2.886,2.903,2.903,0,0.006369427
155,2017-07-07,2.92,2.943,2.909,2.935,2.935,0,0.005809979
156,2017-07-09,2.92,2.939,2.913,2.929,2.929,0,0.004442925
157,2017-07-10,2.92,2.935,2.917,2.923,2.923,0,0.003075871
158,2017-07-11,2.936,2.938,2.909,2.923,2.923,0,0.004959808
159,2017-07-12,2.916,2.916,2.878,2.895,2.895,0,0.006558509
160,2017-07-13,2.896,2.938,2.892,2.923,2.923,0,0.007890223
161,2017-07-14,2.913,2.921,2.868,2.91,2.91,0,0.009155295
162,2017-07-16,2.9035,2.9185,2.878,2.9015,2.9015,0,0.006986975
163,2017-07-17,2.894,2.916,2.888,2.893,2.893,0,0.004824259
164,2017-07-18,2.881,2.885,2.849,2.851,2.851,0,0.00627834
165,2017-07-19,2.854,2.858,2.84,2.845,2.845,0,0.003159003
166,2017-07-20,2.832,2.843,2.81,2.837,2.837,0,0.005837608
167,2017-07-21,2.818,2.821,2.797,2.802,2.802,0,0.004271983
168,2017-07-23,2.82,2.829,2.8065,2.8175,2.8175,0,0.003992547
169,2017-07-24,2.822,2.837,2.816,2.833,2.833,0,0.003714842
170,2017-07-25,2.859,2.912,2.858,2.91,2.91,0,0.009358752
171,2017-07-26,2.916,2.931,2.891,2.891,2.891,0,0.006870491
172,2017-07-27,2.921,2.944,2.916,2.928,2.928,0,0.004778157
173,2017-07-28,2.93,2.931,2.892,2.892,2.892,0,0.006697579
174,2017-07-30,2.916,2.924,2.8935,2.895,2.895,0,0.005242802
175,2017-07-31,2.902,2.917,2.895,2.898,2.898,0,0.003785272
176,2017-08-01,2.909,2.93,2.851,2.851,2.851,0,0.013665456
177,2017-08-02,2.875,2.878,2.833,2.845,2.845,0,0.007879531
178,2017-08-03,2.82,2.83,2.806,2.806,2.806,0,0.004258339
179,2017-08-04,2.812,2.863,2.807,2.844,2.844,0,0.009876543
180,2017-08-06,2.8305,2.8595,2.8205,2.8405,2.8405,0,0.006866197
181,2017-08-07,2.849,2.856,2.834,2.837,2.837,0,0.003866432
182,2017-08-08,2.839,2.874,2.831,2.867,2.867,0,0.007537248
183,2017-08-09,2.809,2.831,2.791,2.817,2.817,0,0.007114906
184,2017-08-10,2.821,2.822,2.785,2.787,2.787,0,0.006598894
185,2017-08-11,2.782,2.82,2.769,2.787,2.787,0,0.009125067
186,2017-08-13,2.797,2.8185,2.781,2.796,2.796,0,0.006697027
187,2017-08-14,2.812,2.817,2.793,2.805,2.805,0,0.004278075
188,2017-08-15,2.847,2.871,2.826,2.841,2.841,0,0.007898894
189,2017-08-16,2.86,2.862,2.803,2.808,2.808,0,0.010414828
190,2017-08-17,2.82,2.828,2.78,2.782,2.782,0,0.008559201
191,2017-08-18,2.773,2.793,2.755,2.777,2.777,0,0.006849315
192,2017-08-20,2.7675,2.7875,2.758,2.77,2.77,0,0.005319629
193,2017-08-21,2.762,2.782,2.761,2.763,2.763,0,0.003788562
194,2017-08-22,2.782,2.792,2.767,2.789,2.789,0,0.004497212
195,2017-08-23,2.769,2.772,2.749,2.749,2.749,0,0.004165912
196,2017-08-24,2.758,2.769,2.748,2.769,2.769,0,0.003806417
197,2017-08-25,2.769,2.776,2.744,2.751,2.751,0,0.005797101
198,2017-08-27,2.7655,2.7755,2.7455,2.7515,2.7515,0,0.005433798
199,2017-08-28,2.762,2.775,2.747,2.752,2.752,0,0.005070627
200,2017-08-29,2.713,2.752,2.694,2.748,2.748,0,0.010650018
201,2017-08-30,2.748,2.758,2.736,2.748,2.748,0,0.004004368
202,2017-08-31,2.747,2.752,2.724,2.725,2.725,0,0.005113221
203,2017-09-01,2.735,2.781,2.716,2.768,2.768,0,0.011824632
204,2017-09-03,2.7475,2.7705,2.7015,2.728,2.728,0,0.012609649
205,2017-09-05,2.76,2.76,2.687,2.688,2.688,0,0.013401873
206,2017-09-06,2.693,2.729,2.676,2.724,2.724,0,0.009805735
207,2017-09-07,2.7,2.712,2.651,2.677,2.677,0,0.011374231
208,2017-09-08,2.659,2.694,2.658,2.679,2.679,0,0.006726457
209,2017-09-10,2.6865,2.723,2.6835,2.7085,2.7085,0,0.007306021
210,2017-09-11,2.714,2.752,2.709,2.738,2.738,0,0.007874016
211,2017-09-12,2.752,2.782,2.75,2.775,2.775,0,0.005784526
212,2017-09-13,2.768,2.796,2.765,2.795,2.795,0,0.005574537
213,2017-09-14,2.803,2.812,2.772,2.781,2.781,0,0.007163324
214,2017-09-15,2.766,2.784,2.758,2.772,2.772,0,0.004691447
215,2017-09-17,2.773,2.799,2.766,2.7875,2.7875,0,0.005929919
216,2017-09-18,2.78,2.814,2.774,2.803,2.803,0,0.007158196
217,2017-09-19,2.794,2.818,2.79,2.813,2.813,0,0.004992867
218,2017-09-20,2.807,2.836,2.803,2.821,2.821,0,0.005852101
219,2017-09-21,2.8,2.812,2.782,2.808,2.808,0,0.005362889
220,2017-09-22,2.787,2.803,2.775,2.796,2.796,0,0.00501972
221,2017-09-24,2.78,2.7995,2.7635,2.778,2.778,0,0.006471328
222,2017-09-25,2.773,2.796,2.752,2.76,2.76,0,0.007930786
223,2017-09-26,2.763,2.787,2.755,2.77,2.77,0,0.005774089
224,2017-09-27,2.825,2.869,2.825,2.863,2.863,0,0.007727432
225,2017-09-28,2.886,2.9,2.867,2.869,2.869,0,0.005722213
226,2017-09-29,2.872,2.884,2.851,2.857,2.857,0,0.005754141
227,2017-10-01,2.869,2.879,2.847,2.861,2.861,0,0.005588543
228,2017-10-02,2.866,2.874,2.843,2.865,2.865,0,0.005422424
229,2017-10-03,2.886,2.901,2.866,2.874,2.874,0,0.006069013
230,2017-10-04,2.855,2.894,2.855,2.877,2.877,0,0.006783788
231,2017-10-05,2.867,2.901,2.862,2.893,2.893,0,0.006767309
232,2017-10-06,2.905,2.933,2.887,2.906,2.906,0,0.00790378
233,2017-10-08,2.8995,2.9135,2.8905,2.9,2.9,0,0.003962784
234,2017-10-09,2.894,2.894,2.894,2.894,2.894,0,0
235,2017-10-10,2.895,2.901,2.853,2.881,2.881,0,0.008342023
236,2017-10-11,2.88,2.881,2.863,2.875,2.875,0,0.003133705
237,2017-10-12,2.871,2.885,2.85,2.853,2.853,0,0.006102877
238,2017-10-13,2.856,2.86,2.808,2.812,2.812,0,0.009174312
239,2017-10-15,2.837,2.8465,2.8095,2.817,2.817,0,0.006541726
240,2017-10-16,2.818,2.833,2.811,2.822,2.822,0,0.003897945
241,2017-10-17,2.822,2.842,2.802,2.803,2.803,0,0.007087172
242,2017-10-18,2.833,2.863,2.829,2.85,2.85,0,0.005973296
243,2017-10-19,2.829,2.833,2.805,2.829,2.829,0,0.0049663
244,2017-10-20,2.877,2.911,2.877,2.894,2.894,0,0.005874223
245,2017-10-22,2.889,2.9075,2.876,2.892,2.892,0,0.005446529
246,2017-10-23,2.901,2.904,2.875,2.89,2.89,0,0.005018169
247,2017-10-24,2.926,2.932,2.912,2.922,2.922,0,0.003422313
248,2017-10-25,2.962,2.98,2.943,2.955,2.955,0,0.006246834
249,2017-10-26,2.933,2.967,2.93,2.96,2.96,0,0.006274377
250,2017-10-27,2.959,2.971,2.932,2.936,2.936,0,0.00660681
251,2017-10-29,2.941,2.9495,2.906,2.908,2.908,0,0.007428913
252,2017-10-30,2.923,2.928,2.88,2.88,2.88,0,0.008264463
253,2017-10-31,2.878,2.886,2.87,2.875,2.875,0,0.002779708
254,2017-11-01,2.897,2.899,2.837,2.862,2.862,0,0.010808926
255,2017-11-02,2.848,2.856,2.822,2.829,2.829,0,0.005988024
256,2017-11-03,2.828,2.838,2.809,2.822,2.822,0,0.00513547
257,2017-11-05,2.816,2.825,2.8005,2.8095,2.8095,0,0.004355168
258,2017-11-06,2.804,2.812,2.792,2.797,2.797,0,0.003568879
259,2017-11-07,2.804,2.804,2.768,2.769,2.769,0,0.006460876
260,2017-11-08,2.777,2.789,2.767,2.784,2.784,0,0.003959683
261,2017-11-09,2.809,2.821,2.792,2.806,2.806,0,0.005166578
262,2017-11-10,2.85,2.89,2.848,2.88,2.88,0,0.007319624
263,2017-11-12,2.852,2.8825,2.8485,2.8745,2.8745,0,0.005932647
264,2017-11-13,2.854,2.875,2.849,2.869,2.869,0,0.004542278
265,2017-11-14,2.847,2.859,2.832,2.839,2.839,0,0.004744333
266,2017-11-15,2.796,2.812,2.774,2.781,2.781,0,0.006802721
267,2017-11-16,2.797,2.807,2.782,2.806,2.806,0,0.004473072
268,2017-11-17,2.814,2.825,2.778,2.793,2.793,0,0.008388363
269,2017-11-19,2.7935,2.813,2.7755,2.793,2.793,0,0.006710208
270,2017-11-20,2.773,2.801,2.773,2.793,2.793,0,0.005023323
271,2017-11-21,2.767,2.781,2.739,2.763,2.763,0,0.007608696
272,2017-11-22,2.783,2.786,2.742,2.746,2.746,0,0.007959479
273,2017-11-24,2.758,2.765,2.752,2.762,2.762,0,0.002356353
274,2017-11-26,2.7525,2.7715,2.7485,2.7635,2.7635,0,0.004166667
275,2017-11-27,2.747,2.778,2.745,2.765,2.765,0,0.005975014
276,2017-11-28,2.772,2.776,2.745,2.766,2.766,0,0.005614925
277,2017-11-29,2.803,2.836,2.803,2.817,2.817,0,0.005852101
278,2017-11-30,2.828,2.869,2.82,2.832,2.832,0,0.008613113
279,2017-12-01,2.791,2.828,2.717,2.758,2.758,0,0.020018034
280,2017-12-03,2.7925,2.814,2.7415,2.7635,2.7635,0,0.013050131
281,2017-12-04,2.794,2.8,2.766,2.769,2.769,0,0.006108516
282,2017-12-05,2.784,2.787,2.726,2.732,2.732,0,0.011064756
283,2017-12-06,2.719,2.72,2.695,2.719,2.719,0,0.004616805
284,2017-12-07,2.722,2.776,2.7,2.775,2.775,0,0.013878744
285,2017-12-08,2.769,2.789,2.758,2.775,2.775,0,0.005588606
286,2017-12-10,2.758,2.7805,2.75,2.773,2.773,0,0.005514872
287,2017-12-11,2.747,2.772,2.742,2.771,2.771,0,0.005440696
288,2017-12-12,2.776,2.808,2.776,2.781,2.781,0,0.005730659
289,2017-12-13,2.796,2.797,2.734,2.734,2.734,0,0.011390345
290,2017-12-14,2.738,2.758,2.706,2.71,2.71,0,0.009516837
291,2017-12-15,2.706,2.725,2.687,2.689,2.689,0,0.007021434
292,2017-12-17,2.703,2.7385,2.692,2.7165,2.7165,0,0.008562747
293,2017-12-18,2.7,2.752,2.697,2.744,2.744,0,0.010093595
294,2017-12-19,2.754,2.832,2.752,2.821,2.821,0,0.014326648
295,2017-12-20,2.852,2.877,2.849,2.876,2.876,0,0.004889976
296,2017-12-21,2.862,2.87,2.829,2.832,2.832,0,0.007194245
297,2017-12-22,2.843,2.848,2.832,2.833,2.833,0,0.002816901
298,2017-12-24,2.841,2.846,2.818,2.823,2.823,0,0.004943503
299,2017-12-26,2.839,2.844,2.804,2.813,2.813,0,0.007082153
300,2017-12-27,2.811,2.811,2.741,2.748,2.748,0,0.012608069
301,2017-12-28,2.765,2.77,2.751,2.756,2.756,0,0.003441406
302,2017-12-29,2.768,2.778,2.738,2.739,2.739,0,0.007251632
303,2017-12-31,2.771,2.802,2.751,2.775,2.775,0,0.009184225
304,2018-01-02,2.774,2.826,2.764,2.811,2.811,0,0.011091234
305,2018-01-03,2.795,2.811,2.783,2.785,2.785,0,0.005005363
306,2018-01-04,2.804,2.815,2.78,2.786,2.786,0,0.006255585
307,2018-01-05,2.8,2.819,2.779,2.811,2.811,0,0.007145409
308,2018-01-07,2.801,2.823,2.7845,2.8125,2.8125,0,0.006865805
309,2018-01-08,2.802,2.827,2.79,2.814,2.814,0,0.006587146
310,2018-01-09,2.833,2.888,2.831,2.887,2.887,0,0.009966777
311,2018-01-10,2.935,2.944,2.891,2.891,2.891,0,0.009083119
312,2018-01-11,2.906,2.915,2.856,2.865,2.865,0,0.010223531
313,2018-01-12,2.871,2.903,2.848,2.853,2.853,0,0.009563554
314,2018-01-14,2.856,2.8795,2.8365,2.8445,2.8445,0,0.007522743
315,2018-01-16,2.841,2.856,2.825,2.836,2.836,0,0.005456786
316,2018-01-17,2.839,2.855,2.808,2.848,2.848,0,0.008299488
317,2018-01-18,2.887,2.897,2.87,2.888,2.888,0,0.00468181
318,2018-01-19,2.905,2.927,2.891,2.912,2.912,0,0.006187693
319,2018-01-21,2.9165,2.929,2.895,2.92,2.92,0,0.005837912
320,2018-01-22,2.928,2.931,2.899,2.928,2.928,0,0.005488851
321,2018-01-23,2.892,2.919,2.877,2.902,2.902,0,0.007246377
322,2018-01-24,2.938,2.955,2.924,2.938,2.938,0,0.005273006
323,2018-01-25,2.915,2.94,2.879,2.881,2.881,0,0.010482901
324,2018-01-26,2.89,2.926,2.885,2.912,2.912,0,0.007055584
325,2018-01-28,2.9265,2.9485,2.909,2.9275,2.9275,0,0.006743491
326,2018-01-29,2.963,2.971,2.933,2.943,2.943,0,0.006436314
327,2018-01-30,2.96,2.994,2.954,2.98,2.98,0,0.00672495
328,2018-01-31,2.955,2.983,2.937,2.942,2.942,0,0.00777027
329,2018-02-01,2.964,3.006,2.943,3.005,3.005,0,0.010590015
330,2018-02-02,3.028,3.099,3.028,3.097,3.097,0,0.011588053
331,2018-02-04,3.058,3.1125,3.047,3.082,3.082,0,0.01063398
332,2018-02-05,3.088,3.126,3.066,3.067,3.067,0,0.009689922
333,2018-02-06,3.033,3.077,3.023,3.044,3.044,0,0.008852459
334,2018-02-07,3.053,3.126,3.037,3.117,3.117,0,0.014441019
335,2018-02-08,3.146,3.168,3.106,3.137,3.137,0,0.009882053
336,2018-02-09,3.137,3.16,3.11,3.136,3.136,0,0.007974482
337,2018-02-11,3.153,3.165,3.1045,3.1365,3.1365,0,0.009649892
338,2018-02-12,3.169,3.17,3.099,3.137,3.137,0,0.01132557
339,2018-02-13,3.13,3.141,3.123,3.128,3.128,0,0.002873563
340,2018-02-14,3.105,3.179,3.096,3.177,3.177,0,0.013227092
341,2018-02-15,3.16,3.17,3.121,3.142,3.142,0,0.007788905
342,2018-02-16,3.127,3.146,3.103,3.136,3.136,0,0.006881101
343,2018-02-18,3.139,3.158,3.12,3.1455,3.1455,0,0.006052883
344,2018-02-20,3.151,3.17,3.137,3.155,3.155,0,0.005232282
345,2018-02-21,3.153,3.221,3.145,3.22,3.22,0,0.011938423
346,2018-02-22,3.195,3.212,3.18,3.206,3.206,0,0.005006258
347,2018-02-23,3.17,3.18,3.151,3.16,3.16,0,0.004580635
348,2018-02-25,3.151,3.1695,3.137,3.1575,3.1575,0,0.005153413
349,2018-02-26,3.132,3.159,3.123,3.155,3.155,0,0.005730659
350,2018-02-27,3.161,3.199,3.133,3.174,3.174,0,0.010423247
351,2018-02-28,3.14,3.154,3.127,3.127,3.127,0,0.004298679
352,2018-03-01,3.103,3.146,3.079,3.088,3.088,0,0.010763052
353,2018-03-02,3.104,3.147,3.104,3.131,3.131,0,0.006878899
354,2018-03-04,3.1155,3.159,3.109,3.141,3.141,0,0.007977026
355,2018-03-05,3.127,3.171,3.114,3.151,3.151,0,0.009069212
356,2018-03-06,3.16,3.161,3.123,3.136,3.136,0,0.006047104
357,2018-03-07,3.138,3.155,3.122,3.152,3.152,0,0.005257289
358,2018-03-08,3.153,3.156,3.111,3.133,3.133,0,0.007180469
359,2018-03-09,3.141,3.178,3.14,3.159,3.159,0,0.006014562
360,2018-03-11,3.1485,3.169,3.1345,3.144,3.144,0,0.00547315
361,2018-03-12,3.156,3.16,3.129,3.129,3.129,0,0.004929242
362,2018-03-13,3.127,3.136,3.096,3.101,3.101,0,0.006418485
363,2018-03-14,3.091,3.098,3.047,3.058,3.058,0,0.00829943
364,2018-03-15,3.051,3.069,3.042,3.061,3.061,0,0.004418262
365,2018-03-16,3.052,3.089,3.052,3.08,3.08,0,0.006025077
366,2018-03-18,3.077,3.1,3.0605,3.0795,3.0795,0,0.006411817
367,2018-03-19,3.102,3.111,3.069,3.079,3.079,0,0.006796117
368,2018-03-20,3.106,3.121,3.104,3.11,3.11,0,0.002730924
369,2018-03-21,3.132,3.157,3.1,3.129,3.129,0,0.009109797
370,2018-03-22,3.074,3.086,3.032,3.069,3.069,0,0.008826414
371,2018-03-23,3.096,3.101,3.067,3.076,3.076,0,0.005512322
372,2018-03-25,3.094,3.0965,3.06,3.0735,3.0735,0,0.005928693
373,2018-03-26,3.092,3.092,3.053,3.071,3.071,0,0.006346623
374,2018-03-27,3.081,3.084,3.029,3.029,3.029,0,0.008997219
375,2018-03-28,3.026,3.035,2.999,3.014,3.014,0,0.005966192
376,2018-03-29,3.002,3.004,2.968,2.972,2.972,0,0.006028131
377,2018-04-01,2.9965,3.007,2.962,2.971,2.971,0,0.007538951
378,2018-04-02,2.991,3.01,2.956,2.97,2.97,0,0.009051291
379,2018-04-03,2.993,3.023,2.986,3.018,3.018,0,0.006157431
380,2018-04-04,3.002,3.035,2.987,3.028,3.028,0,0.007970774
381,2018-04-05,3.061,3.075,3.053,3.073,3.073,0,0.003590078
382,2018-04-06,3.063,3.067,3.018,3.018,3.018,0,0.008052588
383,2018-04-08,3.046,3.0595,3.018,3.018,3.018,0,0.006828466
384,2018-04-09,3.029,3.052,3.018,3.018,3.018,0,0.005601318
385,2018-04-10,3.022,3.037,3.006,3.017,3.017,0,0.005129902
386,2018-04-11,2.999,3.01,2.971,3.006,3.006,0,0.006520649
387,2018-04-12,3.008,3.05,3.006,3.04,3.04,0,0.007265522
388,2018-04-13,3.043,3.048,3.018,3.036,3.036,0,0.004945598
389,2018-04-15,3.055,3.059,3.0225,3.033,3.033,0,0.006001809
390,2018-04-16,3.067,3.07,3.027,3.03,3.03,0,0.007052649
391,2018-04-17,3.034,3.035,2.998,2.999,2.999,0,0.006132936
392,2018-04-18,3.023,3.051,3.009,3.046,3.046,0,0.006930693
393,2018-04-19,3.08,3.127,3.08,3.105,3.105,0,0.007572096
394,2018-04-20,3.11,3.144,3.106,3.142,3.142,0,0.00608
395,2018-04-22,3.135,3.154,3.1225,3.143,3.143,0,0.005018721
396,2018-04-23,3.16,3.164,3.139,3.144,3.144,0,0.003966365
397,2018-04-24,3.137,3.173,3.137,3.168,3.168,0,0.00570523
398,2018-04-25,3.209,3.219,3.186,3.209,3.209,0,0.005152225
399,2018-04-26,3.175,3.188,3.163,3.175,3.175,0,0.003936388
400,2018-04-27,3.15,3.158,3.123,3.125,3.125,0,0.005572361
401,2018-04-29,3.134,3.139,3.1095,3.111,3.111,0,0.004721133
402,2018-04-30,3.118,3.12,3.096,3.097,3.097,0,0.003861004
403,2018-05-01,3.13,3.146,3.125,3.137,3.137,0,0.003348748
404,2018-05-02,3.15,3.156,3.12,3.135,3.135,0,0.005736138
405,2018-05-03,3.118,3.128,3.102,3.121,3.121,0,0.004173355
406,2018-05-04,3.105,3.139,3.089,3.115,3.115,0,0.008028259
407,2018-05-06,3.114,3.1335,3.1025,3.1175,3.1175,0,0.004971135
408,2018-05-07,3.123,3.128,3.116,3.12,3.12,0,0.001921845
409,2018-05-08,3.123,3.149,3.116,3.125,3.125,0,0.005267358
410,2018-05-09,3.153,3.161,3.143,3.155,3.155,0,0.00285533
411,2018-05-10,3.149,3.15,3.116,3.121,3.121,0,0.005426109
412,2018-05-11,3.105,3.122,3.095,3.111,3.111,0,0.004342931
413,2018-05-13,3.117,3.127,3.105,3.12,3.12,0,0.003530167
414,2018-05-14,3.129,3.132,3.115,3.129,3.129,0,0.002721306
415,2018-05-15,3.153,3.224,3.149,3.209,3.209,0,0.011768398
416,2018-05-16,3.186,3.218,3.182,3.216,3.216,0,0.005625
417,2018-05-17,3.232,3.247,3.221,3.246,3.246,0,0.00401979
418,2018-05-18,3.239,3.243,3.206,3.21,3.21,0,0.005737324
419,2018-05-20,3.225,3.2285,3.2005,3.2085,3.2085,0,0.004355265
420,2018-05-21,3.211,3.214,3.195,3.207,3.207,0,0.002964581
421,2018-05-22,3.212,3.22,3.197,3.209,3.209,0,0.003584229
422,2018-05-23,3.162,3.182,3.16,3.169,3.169,0,0.003468937
423,2018-05-24,3.153,3.157,3.116,3.131,3.131,0,0.006535948
424,2018-05-25,3.102,3.102,3.08,3.09,3.09,0,0.003558719
425,2018-05-27,3.0785,3.0825,3.017,3.029,3.029,0,0.010738585
426,2018-05-29,3.055,3.063,2.954,2.968,2.968,0,0.01811534
427,2018-05-30,3.05,3.05,3.005,3.014,3.014,0,0.007431874
428,2018-05-31,3.032,3.033,2.984,2.986,2.986,0,0.008143593
429,2018-06-01,3.056,3.07,3.03,3.046,3.046,0,0.006557377
430,2018-06-03,3.057,3.078,3.038,3.065,3.065,0,0.006540222
431,2018-06-04,3.058,3.086,3.046,3.084,3.084,0,0.006523157
432,2018-06-05,3.059,3.082,3.053,3.075,3.075,0,0.004726976
433,2018-06-06,3.108,3.137,3.102,3.13,3.13,0,0.005609873
434,2018-06-07,3.14,3.14,3.043,3.08,3.08,0,0.015688177
435,2018-06-08,3.074,3.09,3.069,3.082,3.082,0,0.003409644
436,2018-06-10,3.088,3.1005,3.0805,3.09,3.09,0,0.003235722
437,2018-06-11,3.102,3.111,3.092,3.098,3.098,0,0.003063034
438,2018-06-12,3.108,3.118,3.088,3.092,3.092,0,0.004834032
439,2018-06-13,3.085,3.123,3.079,3.101,3.101,0,0.007094486
440,2018-06-14,3.055,3.086,3.047,3.067,3.067,0,0.006359041
441,2018-06-15,3.047,3.051,3.014,3.047,3.047,0,0.006100577
442,2018-06-17,3.038,3.057,3.0215,3.051,3.051,0,0.005840257
443,2018-06-18,3.029,3.063,3.029,3.055,3.055,0,0.00558109
444,2018-06-19,3.02,3.029,3.004,3.028,3.028,0,0.004143875
445,2018-06-20,3.032,3.066,3.023,3.063,3.063,0,0.007061915
446,2018-06-21,3.064,3.064,3.035,3.043,3.043,0,0.004754878
447,2018-06-22,3.058,3.073,3.043,3.045,3.045,0,0.004905167
448,2018-06-24,3.045,3.058,3.0305,3.0345,3.0345,0,0.004516712
449,2018-06-25,3.032,3.043,3.018,3.024,3.024,0,0.004124732
450,2018-06-26,3.019,3.038,3.016,3.028,3.028,0,0.003633961
451,2018-06-27,3.011,3.011,2.969,2.971,2.971,0,0.007023411
452,2018-06-28,2.967,2.984,2.966,2.978,2.978,0,0.00302521
453,2018-06-29,2.975,2.983,2.954,2.983,2.983,0,0.004884622
454,2018-07-01,2.9705,2.99,2.96,2.9865,2.9865,0,0.005042017
455,2018-07-02,2.966,2.997,2.966,2.99,2.99,0,0.005198725
456,2018-07-03,3.001,3.001,2.963,2.966,2.966,0,0.006371563
457,2018-07-05,2.982,2.985,2.941,2.953,2.953,0,0.007424907
458,2018-07-06,2.945,2.945,2.925,2.941,2.941,0,0.003407155
459,2018-07-08,2.957,2.9575,2.9405,2.9535,2.9535,0,0.002882333
460,2018-07-09,2.969,2.97,2.956,2.966,2.966,0,0.00236247
461,2018-07-10,2.97,2.973,2.959,2.971,2.971,0,0.002360081
462,2018-07-11,2.945,2.962,2.94,2.945,2.945,0,0.00372755
463,2018-07-12,2.96,2.966,2.946,2.95,2.95,0,0.00338295
464,2018-07-13,2.941,2.947,2.93,2.933,2.933,0,0.002892632
465,2018-07-15,2.951,2.966,2.945,2.95,2.95,0,0.003552698
466,2018-07-16,2.961,2.985,2.96,2.967,2.967,0,0.004205214
467,2018-07-17,2.955,2.974,2.952,2.971,2.971,0,0.003712454
468,2018-07-18,2.959,2.989,2.957,2.989,2.989,0,0.005381769
469,2018-07-19,2.995,3.003,2.952,2.967,2.967,0,0.008564232
470,2018-07-20,2.975,3.033,2.968,3.031,3.031,0,0.010831528
471,2018-07-22,3.001,3.0685,2.9975,3.0675,3.0675,0,0.011704583
472,2018-07-23,3.027,3.104,3.027,3.104,3.104,0,0.012559126
473,2018-07-24,3.093,3.106,3.073,3.076,3.076,0,0.00534067
474,2018-07-25,3.062,3.072,3.053,3.064,3.064,0,0.003102041
475,2018-07-26,3.096,3.1,3.072,3.1,3.1,0,0.004536617
476,2018-07-27,3.101,3.11,3.073,3.088,3.088,0,0.00598415
477,2018-07-29,3.1065,3.113,3.0835,3.097,3.097,0,0.004760752
478,2018-07-30,3.112,3.116,3.094,3.106,3.106,0,0.003542673
479,2018-07-31,3.078,3.087,3.062,3.083,3.083,0,0.004065702
480,2018-08-01,3.114,3.147,3.111,3.127,3.127,0,0.005752637
481,2018-08-02,3.115,3.136,3.11,3.12,3.12,0,0.004162664
482,2018-08-03,3.112,3.118,3.091,3.093,3.093,0,0.004348526
483,2018-08-05,3.1055,3.1085,3.078,3.0875,3.0875,0,0.00493009
484,2018-08-06,3.099,3.099,3.065,3.082,3.082,0,0.005515899
485,2018-08-07,3.099,3.127,3.098,3.118,3.118,0,0.004658635
486,2018-08-08,3.122,3.132,3.105,3.118,3.118,0,0.004329004
487,2018-08-09,3.109,3.11,3.074,3.082,3.082,0,0.005821475
488,2018-08-10,3.042,3.047,3.013,3.016,3.016,0,0.005610561
489,2018-08-12,3.038,3.051,3.022,3.031,3.031,0,0.004775235
490,2018-08-13,3.034,3.055,3.031,3.046,3.046,0,0.003943477
491,2018-08-14,3.053,3.062,3.038,3.062,3.062,0,0.003934426
492,2018-08-15,3.04,3.045,3.015,3.024,3.024,0,0.004950495
493,2018-08-16,3.04,3.054,3.024,3.032,3.032,0,0.004935834
494,2018-08-17,3.018,3.033,3.004,3.029,3.029,0,0.00480371
495,2018-08-19,3.013,3.0205,2.992,3.006,3.006,0,0.004740125
496,2018-08-20,3.008,3.008,2.98,2.983,2.983,0,0.004676019
497,2018-08-21,3.009,3.018,2.997,3.001,3.001,0,0.003491272
498,2018-08-22,2.985,2.994,2.973,2.986,2.986,0,0.003519356
499,2018-08-23,2.982,2.987,2.97,2.973,2.973,0,0.002853785
500,2018-08-24,2.982,3,2.963,2.975,2.975,0,0.00620493
501,2018-08-26,2.9785,2.999,2.969,2.986,2.986,0,0.00502681
502,2018-08-27,2.975,2.998,2.975,2.997,2.997,0,0.003850661
503,2018-08-28,3.007,3.039,3.006,3.034,3.034,0,0.005459057
504,2018-08-29,3.022,3.041,3.016,3.021,3.021,0,0.004127456
505,2018-08-30,3.018,3.019,3.002,3.006,3.006,0,0.002823451
506,2018-08-31,2.987,3.012,2.978,3.01,3.01,0,0.005676127
507,2018-09-02,3.012,3.041,3.0065,3.0395,3.0395,0,0.005704837
508,2018-09-04,3.037,3.07,3.035,3.069,3.069,0,0.005733006
509,2018-09-05,3.054,3.083,3.05,3.074,3.074,0,0.005380727
510,2018-09-06,3.088,3.089,3.05,3.054,3.054,0,0.006352826
511,2018-09-07,3.065,3.11,3.062,3.103,3.103,0,0.007777058
512,2018-09-09,3.083,3.108,3.0725,3.0955,3.0955,0,0.005743872
513,2018-09-10,3.101,3.106,3.083,3.088,3.088,0,0.003716271
514,2018-09-11,3.096,3.125,3.091,3.124,3.124,0,0.005469755
515,2018-09-12,3.108,3.114,3.1,3.106,3.106,0,0.002252977
516,2018-09-13,3.12,3.121,3.083,3.101,3.101,0,0.006125081
517,2018-09-14,3.124,3.143,3.115,3.132,3.132,0,0.004474273
518,2018-09-16,3.1405,3.15,3.1175,3.135,3.135,0,0.005185481
519,2018-09-17,3.157,3.157,3.12,3.138,3.138,0,0.005894536
520,2018-09-18,3.152,3.195,3.151,3.195,3.195,0,0.006933501
521,2018-09-19,3.191,3.248,3.191,3.237,3.237,0,0.008852306
522,2018-09-20,3.237,3.243,3.195,3.215,3.215,0,0.007455732
523,2018-09-21,3.205,3.222,3.196,3.205,3.205,0,0.004051106
524,2018-09-23,3.2085,3.2235,3.196,3.2075,3.2075,0,0.004283823
525,2018-09-24,3.212,3.225,3.196,3.21,3.21,0,0.00451643
526,2018-09-25,3.233,3.239,3.226,3.233,3.233,0,0.002010828
527,2018-09-26,3.216,3.227,3.191,3.191,3.191,0,0.005609224
528,2018-09-27,3.186,3.206,3.181,3.183,3.183,0,0.003914201
529,2018-09-28,3.164,3.2,3.162,3.197,3.197,0,0.005972964
530,2018-09-30,3.1985,3.2175,3.1855,3.2145,3.2145,0,0.004997657
531,2018-10-01,3.233,3.235,3.209,3.232,3.232,0,0.004034761
532,2018-10-02,3.221,3.223,3.196,3.207,3.207,0,0.004206263
533,2018-10-03,3.238,3.341,3.234,3.319,3.319,0,0.016273764
534,2018-10-04,3.361,3.368,3.334,3.355,3.355,0,0.005073113
535,2018-10-05,3.366,3.424,3.358,3.395,3.395,0,0.009731643
536,2018-10-07,3.3855,3.4145,3.3815,3.4,3.4,0,0.004855798
537,2018-10-08,3.405,3.405,3.405,3.405,3.405,0,0
538,2018-10-09,3.417,3.418,3.368,3.37,3.37,0,0.007368111
539,2018-10-10,3.386,3.418,3.376,3.398,3.398,0,0.006181925
540,2018-10-11,3.37,3.373,3.304,3.307,3.307,0,0.010333982
541,2018-10-12,3.339,3.344,3.309,3.316,3.316,0,0.005260785
542,2018-10-14,3.339,3.3435,3.3145,3.3285,3.3285,0,0.004355662
543,2018-10-15,3.339,3.343,3.32,3.341,3.341,0,0.003451899
544,2018-10-16,3.351,3.353,3.328,3.33,3.33,0,0.003741955
545,2018-10-17,3.327,3.349,3.313,3.346,3.346,0,0.005403783
546,2018-10-18,3.374,3.386,3.344,3.359,3.359,0,0.006240713
547,2018-10-19,3.383,3.393,3.366,3.384,3.384,0,0.003994674
548,2018-10-21,3.377,3.389,3.362,3.3835,3.3835,0,0.003999407
549,2018-10-22,3.371,3.385,3.358,3.383,3.383,0,0.004004152
550,2018-10-23,3.344,3.364,3.312,3.364,3.364,0,0.007789095
551,2018-10-24,3.357,3.36,3.331,3.346,3.346,0,0.00433418
552,2018-10-25,3.36,3.365,3.331,3.346,3.346,0,0.005077658
553,2018-10-26,3.316,3.33,3.3,3.317,3.317,0,0.004524887
554,2018-10-28,3.32,3.3425,3.309,3.323,3.323,0,0.005036458
555,2018-10-29,3.324,3.355,3.318,3.329,3.329,0,0.005544733
556,2018-10-30,3.363,3.371,3.342,3.356,3.356,0,0.004319976
557,2018-10-31,3.392,3.402,3.369,3.402,3.402,0,0.004873726
558,2018-11-01,3.417,3.427,3.376,3.387,3.387,0,0.007496693
559,2018-11-02,3.388,3.455,3.388,3.453,3.453,0,0.009791027
560,2018-11-04,3.4175,3.451,3.4045,3.4425,3.4425,0,0.006782875
561,2018-11-05,3.447,3.447,3.421,3.432,3.432,0,0.003785673
562,2018-11-06,3.419,3.44,3.417,3.426,3.426,0,0.003354237
563,2018-11-07,3.405,3.426,3.385,3.425,3.425,0,0.006019674
564,2018-11-08,3.422,3.436,3.409,3.427,3.427,0,0.003944485
565,2018-11-09,3.409,3.432,3.383,3.392,3.392,0,0.007190022
566,2018-11-11,3.398,3.4095,3.385,3.3895,3.3895,0,0.003605858
567,2018-11-12,3.387,3.387,3.387,3.387,3.387,0,0
568,2018-11-13,3.374,3.385,3.36,3.367,3.367,0,0.003706449
569,2018-11-14,3.363,3.395,3.334,3.354,3.354,0,0.00906524
570,2018-11-15,3.349,3.378,3.334,3.368,3.368,0,0.006555423
571,2018-11-16,3.351,3.368,3.323,3.327,3.327,0,0.006725452
572,2018-11-18,3.3485,3.3635,3.3195,3.3215,3.3215,0,0.00658387
573,2018-11-19,3.346,3.359,3.316,3.316,3.316,0,0.006441948
574,2018-11-20,3.3,3.318,3.289,3.305,3.305,0,0.004389284
575,2018-11-21,3.33,3.338,3.31,3.311,3.311,0,0.004211793
576,2018-11-23,3.298,3.311,3.278,3.31,3.31,0,0.005008347
577,2018-11-25,3.3035,3.3185,3.2905,3.315,3.315,0,0.004236647
578,2018-11-26,3.309,3.326,3.303,3.32,3.32,0,0.003469603
579,2018-11-27,3.311,3.329,3.304,3.319,3.319,0,0.003769034
580,2018-11-28,3.323,3.35,3.316,3.329,3.329,0,0.00510051
581,2018-11-29,3.303,3.341,3.295,3.328,3.328,0,0.006931887
582,2018-11-30,3.308,3.321,3.303,3.311,3.311,0,0.002717391
583,2018-12-02,3.3195,3.3275,3.2875,3.2945,3.2945,0,0.006046863
584,2018-12-03,3.331,3.334,3.272,3.278,3.278,0,0.009385407
585,2018-12-04,3.233,3.234,3.129,3.178,3.178,0,0.01650165
586,2018-12-06,3.142,3.16,3.107,3.136,3.136,0,0.008456997
587,2018-12-07,3.157,3.188,3.138,3.143,3.143,0,0.007903889
588,2018-12-09,3.148,3.1655,3.121,3.136,3.136,0,0.007078661
589,2018-12-10,3.139,3.143,3.104,3.129,3.129,0,0.006242997
590,2018-12-11,3.135,3.135,3.1,3.129,3.129,0,0.005613472
591,2018-12-12,3.143,3.154,3.131,3.148,3.148,0,0.003659507
592,2018-12-13,3.155,3.169,3.14,3.163,3.163,0,0.004596608
593,2018-12-14,3.145,3.159,3.133,3.143,3.143,0,0.004132231
594,2018-12-16,3.1425,3.153,3.122,3.1285,3.1285,0,0.004940239
595,2018-12-17,3.14,3.147,3.111,3.114,3.114,0,0.005752637
596,2018-12-18,3.087,3.109,3.073,3.079,3.079,0,0.005823358
597,2018-12-19,3.069,3.07,3.006,3.015,3.015,0,0.010533246
598,2018-12-20,2.977,3.012,2.957,3.012,3.012,0,0.009214274
599,2018-12-21,3.019,3.042,3.006,3.028,3.028,0,0.005952381
600,2018-12-23,3.0095,3.031,3.002,3.0155,3.0155,0,0.004806895
601,2018-12-24,3,3.02,2.998,3.003,3.003,0,0.0036557
602,2018-12-26,3.018,3.048,3,3.048,3.048,0,0.007936508
603,2018-12-27,3.026,3.032,3.003,3.03,3.03,0,0.004805302
604,2018-12-28,3.038,3.058,3.028,3.042,3.042,0,0.004929346
605,2018-12-30,3.037,3.055,3.0165,3.031,3.031,0,0.006341102
606,2018-12-31,3.036,3.052,3.005,3.02,3.02,0,0.007759617
607,2019-01-02,2.987,3.008,2.982,2.982,2.982,0,0.004340568
608,2019-01-03,2.971,2.974,2.9,2.9,2.9,0,0.012597889
609,2019-01-04,2.93,2.996,2.929,2.974,2.974,0,0.011308017
610,2019-01-06,2.9335,2.9905,2.9325,2.976,2.976,0,0.009792335
611,2019-01-07,2.937,2.985,2.936,2.978,2.978,0,0.008275629
612,2019-01-08,2.981,2.997,2.977,2.993,2.993,0,0.003347841
613,2019-01-09,3.029,3.034,3.005,3.024,3.024,0,0.00480212
614,2019-01-10,3.017,3.055,3.008,3.051,3.051,0,0.007751938
615,2019-01-11,3.044,3.046,3.017,3.037,3.037,0,0.004783111
616,2019-01-13,3.03,3.053,3.0165,3.0485,3.0485,0,0.006013675
617,2019-01-14,3.016,3.06,3.016,3.06,3.06,0,0.007241606
618,2019-01-15,3.057,3.08,3.05,3.071,3.071,0,0.004893964
619,2019-01-16,3.099,3.103,3.06,3.077,3.077,0,0.006977122
620,2019-01-17,3.055,3.083,3.048,3.077,3.077,0,0.005708694
621,2019-01-18,3.087,3.109,3.073,3.098,3.098,0,0.005823358
622,2019-01-20,3.078,3.0925,3.0595,3.076,3.076,0,0.005364109
623,2019-01-22,3.069,3.076,3.046,3.054,3.054,0,0.004900359
624,2019-01-23,3.09,3.101,3.052,3.069,3.069,0,0.007963595
625,2019-01-24,3.032,3.051,3.025,3.033,3.033,0,0.004279131
626,2019-01-25,3.056,3.067,3.049,3.062,3.062,0,0.0029431
627,2019-01-27,3.0605,3.066,3.0445,3.0615,3.0615,0,0.003518534
628,2019-01-28,3.065,3.065,3.04,3.061,3.061,0,0.004095004
629,2019-01-29,3.066,3.076,3.039,3.041,3.041,0,0.006050695
630,2019-01-30,3.052,3.071,3.043,3.053,3.053,0,0.004579653
631,2019-01-31,3.025,3.028,2.989,3.005,3.005,0,0.006481635
632,2019-02-01,2.994,3.037,2.994,3.032,3.032,0,0.007129829
633,2019-02-03,3.015,3.0555,3.0145,3.046,3.046,0,0.00675453
634,2019-02-04,3.036,3.074,3.035,3.06,3.06,0,0.006384024
635,2019-02-05,3.061,3.061,3.018,3.035,3.035,0,0.007073532
636,2019-02-06,3.026,3.043,3.009,3.038,3.038,0,0.005617978
637,2019-02-07,3.011,3.022,2.992,2.993,2.993,0,0.00498836
638,2019-02-08,2.985,2.996,2.971,2.976,2.976,0,0.00418971
639,2019-02-10,2.989,3.001,2.978,2.9875,2.9875,0,0.003846797
640,2019-02-11,2.993,3.006,2.985,2.999,2.999,0,0.003505258
641,2019-02-12,3.018,3.031,3.005,3.022,3.022,0,0.004307488
642,2019-02-13,3.024,3.045,3.023,3.034,3.034,0,0.003625577
643,2019-02-14,3.019,3.019,2.986,3.007,3.007,0,0.00549542
644,2019-02-15,3.006,3.023,2.994,2.997,2.997,0,0.004819678
645,2019-02-17,3.004,3.0135,2.982,2.994,2.994,0,0.00525394
646,2019-02-19,3.002,3.004,2.97,2.991,2.991,0,0.005691329
647,2019-02-20,2.977,3.014,2.976,3,3,0,0.006343907
648,2019-02-21,3.018,3.054,3.018,3.045,3.045,0,0.005928854
649,2019-02-22,3.036,3.036,3,3.02,3.02,0,0.005964215
650,2019-02-24,3.039,3.0415,3.015,3.027,3.027,0,0.004375464
651,2019-02-25,3.042,3.047,3.03,3.034,3.034,0,0.002797433
652,2019-02-26,3.026,3.027,3.005,3.006,3.006,0,0.003647215
653,2019-02-27,3.008,3.072,3.008,3.069,3.069,0,0.010526316
654,2019-02-28,3.056,3.098,3.054,3.083,3.083,0,0.007152146
655,2019-03-01,3.104,3.129,3.096,3.124,3.124,0,0.005301205
656,2019-03-03,3.109,3.124,3.092,3.107,3.107,0,0.005148005
657,2019-03-04,3.114,3.119,3.088,3.09,3.09,0,0.004994361
658,2019-03-05,3.105,3.111,3.087,3.087,3.087,0,0.003872217
659,2019-03-06,3.08,3.089,3.054,3.071,3.071,0,0.005697542
660,2019-03-07,3.058,3.062,3.025,3.025,3.025,0,0.006078528
661,2019-03-08,3.022,3.045,3.006,3.009,3.009,0,0.006445216
662,2019-03-10,3.0265,3.042,3.0125,3.021,3.021,0,0.004872409
663,2019-03-11,3.031,3.039,3.019,3.033,3.033,0,0.00330142
664,2019-03-12,3.042,3.042,2.983,2.988,2.988,0,0.009792531
665,2019-03-13,3.012,3.018,2.997,3.01,3.01,0,0.003491272
666,2019-03-14,3.018,3.049,3.01,3.045,3.045,0,0.006436706
667,2019-03-15,3.037,3.037,3.004,3.02,3.02,0,0.005462672
668,2019-03-17,3.0315,3.035,3.0055,3.0155,3.0155,0,0.004883702
669,2019-03-18,3.026,3.033,3.007,3.011,3.011,0,0.004304636
670,2019-03-19,3.026,3.052,3.021,3.028,3.028,0,0.005104561
671,2019-03-20,3.012,3.014,2.971,2.975,2.975,0,0.007184628
672,2019-03-21,2.955,2.974,2.955,2.964,2.964,0,0.003204588
673,2019-03-22,2.91,2.918,2.857,2.889,2.889,0,0.010562771
674,2019-03-24,2.906,2.9115,2.8435,2.878,2.878,0,0.011815812
675,2019-03-25,2.902,2.905,2.83,2.867,2.867,0,0.013077594
676,2019-03-26,2.901,2.902,2.866,2.867,2.867,0,0.006241331
677,2019-03-27,2.838,2.866,2.817,2.821,2.821,0,0.008622207
678,2019-03-28,2.82,2.83,2.799,2.811,2.811,0,0.005507195
679,2019-03-29,2.835,2.846,2.814,2.822,2.822,0,0.00565371
680,2019-03-31,2.841,2.8715,2.8245,2.856,2.856,0,0.008251404
681,2019-04-01,2.847,2.897,2.835,2.89,2.89,0,0.010816469
682,2019-04-02,2.872,2.896,2.866,2.888,2.888,0,0.005206526
683,2019-04-03,2.92,2.933,2.913,2.929,2.929,0,0.003421143
684,2019-04-04,2.925,2.938,2.914,2.922,2.922,0,0.004101162
685,2019-04-05,2.938,2.952,2.902,2.909,2.909,0,0.008541168
686,2019-04-07,2.927,2.94,2.9075,2.917,2.917,0,0.005557931
687,2019-04-08,2.916,2.928,2.913,2.925,2.925,0,0.002568053
688,2019-04-09,2.925,2.925,2.895,2.911,2.911,0,0.005154639
689,2019-04-10,2.915,2.923,2.886,2.904,2.904,0,0.006369427
690,2019-04-11,2.909,2.938,2.909,2.938,2.938,0,0.004959808
691,2019-04-12,2.958,2.975,2.955,2.971,2.971,0,0.003372681
692,2019-04-14,2.968,2.977,2.9575,2.967,2.967,0,0.003285871
693,2019-04-15,2.978,2.979,2.96,2.963,2.963,0,0.003199192
694,2019-04-16,2.984,2.998,2.977,2.993,2.993,0,0.003514644
695,2019-04-17,2.997,3.011,2.979,2.991,2.991,0,0.005342237
696,2019-04-18,2.975,2.991,2.959,2.959,2.959,0,0.005378151
697,2019-04-21,2.973,2.9945,2.965,2.9765,2.9765,0,0.00495008
698,2019-04-22,2.971,2.998,2.971,2.994,2.994,0,0.004523371
699,2019-04-23,2.999,3.001,2.976,2.981,2.981,0,0.0041827
700,2019-04-24,2.958,2.959,2.941,2.941,2.941,0,0.003050847
701,2019-04-25,2.945,2.958,2.936,2.947,2.947,0,0.003732609
702,2019-04-26,2.944,2.955,2.916,2.927,2.927,0,0.006642821
703,2019-04-28,2.937,2.963,2.9225,2.946,2.946,0,0.006881318
704,2019-04-29,2.93,2.971,2.929,2.965,2.965,0,0.007118644
705,2019-04-30,2.962,2.974,2.934,2.94,2.94,0,0.006770481
706,2019-05-01,2.926,2.929,2.885,2.917,2.917,0,0.007567939
707,2019-05-02,2.904,2.948,2.903,2.943,2.943,0,0.007690993
708,2019-05-03,2.945,2.953,2.912,2.926,2.926,0,0.006990622
709,2019-05-05,2.921,2.9315,2.9005,2.9165,2.9165,0,0.005315501
710,2019-05-06,2.897,2.91,2.889,2.907,2.907,0,0.003621314
711,2019-05-07,2.889,2.891,2.857,2.862,2.862,0,0.005915101
712,2019-05-08,2.851,2.891,2.844,2.889,2.889,0,0.008195292
713,2019-05-09,2.864,2.893,2.851,2.877,2.877,0,0.007311978
714,2019-05-10,2.87,2.881,2.85,2.873,2.873,0,0.005409178
715,2019-05-12,2.862,2.8705,2.839,2.8555,2.8555,0,0.005517121
716,2019-05-13,2.854,2.86,2.828,2.838,2.838,0,0.005625879
717,2019-05-14,2.848,2.86,2.837,2.852,2.852,0,0.004037213
718,2019-05-15,2.814,2.835,2.808,2.823,2.823,0,0.004784689
719,2019-05-16,2.821,2.847,2.818,2.84,2.84,0,0.005119153
720,2019-05-17,2.815,2.838,2.805,2.824,2.824,0,0.005847953
721,2019-05-19,2.8145,2.8385,2.8065,2.8295,2.8295,0,0.005668733
722,2019-05-20,2.814,2.839,2.808,2.835,2.835,0,0.005489641
723,2019-05-21,2.845,2.854,2.836,2.842,2.842,0,0.003163445
724,2019-05-22,2.833,2.837,2.808,2.818,2.818,0,0.00513729
725,2019-05-23,2.786,2.79,2.731,2.732,2.732,0,0.01068647
726,2019-05-24,2.748,2.762,2.743,2.752,2.752,0,0.003451408
727,2019-05-26,2.7395,2.7475,2.7205,2.7295,2.7295,0,0.00493782
728,2019-05-28,2.731,2.733,2.698,2.707,2.707,0,0.006444485
729,2019-05-29,2.667,2.678,2.655,2.673,2.673,0,0.00431277
730,2019-05-30,2.682,2.7,2.653,2.654,2.654,0,0.008780123
731,2019-05-31,2.598,2.617,2.574,2.583,2.583,0,0.008283568
732,2019-06-02,2.5815,2.5955,2.561,2.5655,2.5655,0,0.006690585
733,2019-06-03,2.565,2.574,2.548,2.548,2.548,0,0.005076142
734,2019-06-04,2.579,2.616,2.566,2.603,2.603,0,0.009648784
735,2019-06-05,2.606,2.638,2.598,2.633,2.633,0,0.007639419
736,2019-06-06,2.603,2.63,2.579,2.622,2.622,0,0.009790747
737,2019-06-07,2.595,2.596,2.56,2.571,2.571,0,0.006982157
738,2019-06-09,2.6065,2.6135,2.5865,2.5965,2.5965,0,0.005192308
739,2019-06-10,2.618,2.631,2.613,2.622,2.622,0,0.003432494
740,2019-06-11,2.652,2.652,2.613,2.617,2.617,0,0.007407407
741,2019-06-12,2.6,2.632,2.593,2.623,2.623,0,0.007464115
742,2019-06-13,2.61,2.621,2.596,2.601,2.601,0,0.004792026
743,2019-06-14,2.584,2.605,2.576,2.592,2.592,0,0.005597375
744,2019-06-16,2.5875,2.602,2.5745,2.5845,2.5845,0,0.00531247
745,2019-06-17,2.591,2.599,2.573,2.577,2.577,0,0.005027069
746,2019-06-18,2.534,2.565,2.525,2.552,2.552,0,0.007858546
747,2019-06-19,2.564,2.578,2.534,2.54,2.54,0,0.008607199
748,2019-06-20,2.516,2.539,2.502,2.527,2.527,0,0.007339814
749,2019-06-21,2.536,2.593,2.531,2.592,2.592,0,0.012099922
750,2019-06-23,2.5445,2.578,2.5375,2.571,2.571,0,0.007917115
751,2019-06-24,2.553,2.563,2.544,2.55,2.55,0,0.003720384
752,2019-06-25,2.542,2.544,2.521,2.526,2.526,0,0.004540967
753,2019-06-26,2.539,2.567,2.533,2.565,2.565,0,0.006666667
754,2019-06-27,2.559,2.568,2.521,2.524,2.524,0,0.009235606
755,2019-06-28,2.533,2.549,2.521,2.528,2.528,0,0.005522682
756,2019-06-30,2.5385,2.562,2.5245,2.5435,2.5435,0,0.007372457
757,2019-07-01,2.544,2.575,2.528,2.559,2.559,0,0.009210268
758,2019-07-02,2.55,2.55,2.502,2.507,2.507,0,0.009501188
759,2019-07-03,2.491,2.502,2.466,2.47,2.47,0,0.007246377
760,2019-07-05,2.478,2.572,2.478,2.549,2.549,0,0.018613861
761,2019-07-07,2.5025,2.5495,2.493,2.5345,2.5345,0,0.01120476
762,2019-07-08,2.527,2.527,2.508,2.52,2.52,0,0.003773585
763,2019-07-09,2.537,2.551,2.524,2.531,2.531,0,0.005320197
764,2019-07-10,2.585,2.587,2.537,2.571,2.571,0,0.009758002
765,2019-07-11,2.585,2.661,2.579,2.641,2.641,0,0.015648855
766,2019-07-12,2.645,2.67,2.632,2.633,2.633,0,0.007167107
767,2019-07-14,2.6435,2.6565,2.62,2.6225,2.6225,0,0.006917464
768,2019-07-15,2.642,2.643,2.608,2.612,2.612,0,0.006665397
769,2019-07-16,2.61,2.653,2.608,2.632,2.632,0,0.008553507
770,2019-07-17,2.603,2.608,2.569,2.573,2.573,0,0.00753332
771,2019-07-18,2.577,2.6,2.566,2.568,2.568,0,0.006581494
772,2019-07-19,2.575,2.588,2.569,2.578,2.578,0,0.003684313
773,2019-07-21,2.5695,2.581,2.5555,2.574,2.574,0,0.00496447
774,2019-07-22,2.564,2.574,2.542,2.57,2.57,0,0.006254887
775,2019-07-23,2.571,2.612,2.571,2.608,2.608,0,0.007910477
776,2019-07-24,2.584,2.592,2.578,2.578,2.578,0,0.00270793
777,2019-07-25,2.55,2.633,2.547,2.603,2.603,0,0.016602317
778,2019-07-26,2.592,2.616,2.578,2.601,2.601,0,0.007316134
779,2019-07-28,2.5855,2.6065,2.5745,2.592,2.592,0,0.006176414
780,2019-07-29,2.579,2.597,2.571,2.583,2.583,0,0.00503096
781,2019-07-30,2.58,2.594,2.566,2.586,2.586,0,0.005426357
782,2019-07-31,2.574,2.586,2.526,2.527,2.527,0,0.011737089
783,2019-08-01,2.529,2.529,2.423,2.441,2.441,0,0.021405493
784,2019-08-02,2.406,2.435,2.388,2.391,2.391,0,0.009744972
785,2019-08-04,2.3555,2.384,2.3375,2.343,2.343,0,0.009848565
786,2019-08-05,2.305,2.333,2.287,2.295,2.295,0,0.00995671
787,2019-08-06,2.301,2.322,2.256,2.269,2.269,0,0.014416776
788,2019-08-07,2.153,2.199,2.123,2.197,2.197,0,0.017584452
789,2019-08-08,2.238,2.319,2.226,2.232,2.232,0,0.020462046
790,2019-08-09,2.238,2.248,2.193,2.248,2.248,0,0.012384598
791,2019-08-11,2.2205,2.227,2.156,2.189,2.189,0,0.01619895
792,2019-08-12,2.203,2.206,2.119,2.13,2.13,0,0.020115607
793,2019-08-13,2.114,2.17,2.099,2.137,2.137,0,0.01663153
794,2019-08-14,2.037,2.065,2.025,2.025,2.025,0,0.009779951
795,2019-08-15,1.994,2.033,1.916,1.98,1.98,0,0.029627754
796,2019-08-16,1.988,2.051,1.979,2,2,0,0.017866005
797,2019-08-18,2.0365,2.0795,2.022,2.0425,2.0425,0,0.014019261
798,2019-08-19,2.085,2.108,2.065,2.085,2.085,0,0.010304337
799,2019-08-20,2.063,2.063,2.029,2.044,2.044,0,0.008308895
800,2019-08-21,2.063,2.071,2.021,2.053,2.053,0,0.012218964
801,2019-08-22,2.102,2.106,2.063,2.102,2.102,0,0.010314224
802,2019-08-23,2.111,2.123,2.007,2.025,2.025,0,0.028087167
803,2019-08-25,2.0605,2.083,2.008,2.0325,2.0325,0,0.018332926
804,2019-08-26,2.01,2.043,2.009,2.04,2.04,0,0.008390918
805,2019-08-27,1.998,2.002,1.953,1.969,1.969,0,0.012389381
806,2019-08-28,1.916,1.949,1.905,1.938,1.938,0,0.01141671
807,2019-08-29,1.972,2.009,1.953,1.979,1.979,0,0.014134276
808,2019-08-30,1.989,1.999,1.961,1.97,1.97,0,0.00959596
809,2019-09-01,1.967,1.991,1.935,1.9595,1.9595,0,0.014263882
810,2019-09-03,1.945,1.983,1.909,1.949,1.949,0,0.019013361
811,2019-09-04,1.989,1.994,1.951,1.956,1.956,0,0.010899873
812,2019-09-05,2.016,2.089,2.014,2.054,2.054,0,0.018279308
813,2019-09-06,2.082,2.087,2.014,2.02,2.02,0,0.017800536
814,2019-09-08,2.076,2.1015,2.039,2.059,2.059,0,0.015094795
815,2019-09-09,2.07,2.116,2.064,2.098,2.098,0,0.012440191
816,2019-09-10,2.12,2.185,2.106,2.182,2.182,0,0.018410627
817,2019-09-11,2.207,2.233,2.196,2.208,2.208,0,0.00835403
818,2019-09-12,2.181,2.28,2.142,2.264,2.264,0,0.031207598
819,2019-09-13,2.274,2.378,2.272,2.378,2.378,0,0.022795699
820,2019-09-15,2.288,2.3635,2.2845,2.343,2.343,0,0.016996558
821,2019-09-16,2.302,2.349,2.297,2.308,2.308,0,0.011192424
822,2019-09-17,2.286,2.316,2.255,2.28,2.28,0,0.013345001
823,2019-09-18,2.243,2.251,2.211,2.236,2.236,0,0.00896459
824,2019-09-19,2.203,2.232,2.193,2.213,2.213,0,0.008813559
825,2019-09-20,2.235,2.237,2.192,2.199,2.199,0,0.010160307
826,2019-09-22,2.187,2.1965,2.1525,2.1765,2.1765,0,0.010117268
827,2019-09-23,2.139,2.156,2.113,2.154,2.154,0,0.010072617
828,2019-09-24,2.148,2.153,2.092,2.095,2.095,0,0.014369847
829,2019-09-25,2.102,2.186,2.09,2.184,2.184,0,0.022450889
830,2019-09-26,2.164,2.164,2.118,2.128,2.128,0,0.010742644
831,2019-09-27,2.167,2.167,2.12,2.124,2.124,0,0.010963378
832,2019-09-29,2.1585,2.1645,2.119,2.1225,2.1225,0,0.010622155
833,2019-09-30,2.15,2.162,2.118,2.121,2.121,0,0.010280374
834,2019-10-01,2.176,2.201,2.077,2.105,2.105,0,0.028985507
835,2019-10-02,2.097,2.106,2.067,2.086,2.086,0,0.009345794
836,2019-10-03,2.068,2.084,2.017,2.038,2.038,0,0.016337479
837,2019-10-04,2.033,2.042,2.008,2.015,2.015,0,0.008395062
838,2019-10-06,2.0355,2.045,2.016,2.03,2.03,0,0.007141098
839,2019-10-07,2.038,2.048,2.024,2.045,2.045,0,0.00589391
840,2019-10-08,2.018,2.057,2.008,2.041,2.041,0,0.012054121
841,2019-10-09,2.06,2.1,2.051,2.087,2.087,0,0.011804384
842,2019-10-10,2.097,2.174,2.09,2.152,2.152,0,0.019699812
843,2019-10-11,2.193,2.238,2.178,2.215,2.215,0,0.013586957
844,2019-10-13,2.195,2.2175,2.1875,2.206,2.206,0,0.006810443
845,2019-10-14,2.197,2.197,2.197,2.197,2.197,0,0
846,2019-10-15,2.17,2.243,2.168,2.233,2.233,0,0.017002947
847,2019-10-16,2.218,2.252,2.212,2.233,2.233,0,0.008960573
848,2019-10-17,2.24,2.257,2.215,2.243,2.243,0,0.009391771
849,2019-10-18,2.256,2.258,2.221,2.246,2.246,0,0.008260772
850,2019-10-20,2.2695,2.2785,2.2455,2.265,2.265,0,0.00729443
851,2019-10-21,2.283,2.299,2.27,2.284,2.284,0,0.006347122
852,2019-10-22,2.267,2.282,2.25,2.251,2.251,0,0.0070609
853,2019-10-23,2.224,2.255,2.218,2.251,2.251,0,0.008271853
854,2019-10-24,2.236,2.268,2.222,2.259,2.259,0,0.010244989
855,2019-10-25,2.263,2.298,2.243,2.292,2.292,0,0.01211187
856,2019-10-27,2.291,2.324,2.2795,2.32,2.32,0,0.009666558
857,2019-10-28,2.319,2.35,2.316,2.348,2.348,0,0.007286755
858,2019-10-29,2.327,2.344,2.32,2.33,2.33,0,0.005145798
859,2019-10-30,2.319,2.347,2.272,2.272,2.272,0,0.016237281
860,2019-10-31,2.192,2.197,2.165,2.176,2.176,0,0.007336084
861,2019-11-01,2.173,2.23,2.167,2.212,2.212,0,0.014327951
862,2019-11-03,2.203,2.2565,2.1995,2.2425,2.2425,0,0.012791741
863,2019-11-04,2.233,2.283,2.232,2.273,2.273,0,0.011295681
864,2019-11-05,2.314,2.354,2.314,2.348,2.348,0,0.00856898
865,2019-11-06,2.316,2.323,2.288,2.297,2.297,0,0.007590544
866,2019-11-07,2.366,2.443,2.361,2.403,2.403,0,0.017069109
867,2019-11-08,2.422,2.427,2.38,2.417,2.417,0,0.009777408
868,2019-11-10,2.4245,2.427,2.4035,2.422,2.422,0,0.004864921
869,2019-11-11,2.427,2.427,2.427,2.427,2.427,0,0
870,2019-11-12,2.417,2.427,2.382,2.384,2.384,0,0.009357455
871,2019-11-13,2.364,2.373,2.341,2.351,2.351,0,0.00678829
872,2019-11-14,2.326,2.326,2.287,2.297,2.297,0,0.008454368
873,2019-11-15,2.318,2.324,2.295,2.311,2.311,0,0.006278415
874,2019-11-15,2.318,2.324,2.295,2.311,2.311,0,0.006278415