"","BZUN.Adjusted","BABA.Adjusted","MOMO.Adjusted","PDD.Adjusted","combined"
"1",-0.162962792634472,-0.0972348707461726,-0.399502695592321,NA,-0.219900119657655
"2",-0.163592567246921,-0.094730313784342,-0.376771053945405,NA,-0.211697978325556
"3",-0.161703243409574,-0.0896687576948139,-0.345817266450914,NA,-0.199063089185101
"4",-0.161199423719615,-0.0902981790781757,-0.349444652679242,NA,-0.200314085159011
"5",-0.161199423719615,-0.0892098110499238,-0.327680286195295,NA,-0.192696506988278
"6",-0.152067691839105,-0.0865479066099545,-0.308334242682199,NA,-0.18231661371042
"7",-0.14904477369935,-0.0862987600993389,-0.316798152067296,NA,-0.184047228621995
"8",-0.147848201935697,-0.0876624950654981,-0.32066735094712,NA,-0.185392682649439
"9",-0.146966517478269,-0.0871773266820326,-0.309301517845168,NA,-0.181148454001823
"10",-0.150304322924248,-0.087374011357527,-0.31558899058187,NA,-0.184422441621215
"11",-0.150619210230473,-0.0875313693259346,-0.310268817565124,NA,-0.182806465707177
"12",-0.149233706083085,-0.0873084537328797,-0.311236092728093,NA,-0.182592750848019
"13",-0.148918818776861,-0.0874526949312235,-0.313412553933475,NA,-0.18326135588052
"14",-0.149359661005575,-0.0843711705534506,-0.275687692956279,NA,-0.169806174838435
"15",-0.147218427323249,-0.0804110992622384,-0.272543956587928,NA,-0.166724494391138
"16",-0.147092472400759,-0.0769624259607686,-0.270246576778305,NA,-0.164767158379944
"17",-0.150871120075452,-0.0786802048821133,-0.287053476944256,NA,-0.172201600633941
"18",-0.150367300385493,-0.079571877744602,-0.288262613872695,NA,-0.172733930667597
"19",-0.151815781994126,-0.0809487294808251,-0.298419359160182,NA,-0.177061290211711
"20",-0.152193646761595,-0.0805684559193625,-0.292373699074976,NA,-0.175045267251978
"21",-0.151626849610391,-0.0802275195552554,-0.291406350241045,NA,-0.174420239802231
"22",-0.15200471437786,-0.0811847618439439,-0.282217002901463,NA,-0.171802159707756
"23",-0.14929668354433,-0.0817748355396811,-0.282700652761441,NA,-0.171257390615151
"24",-0.145014216179677,-0.0811060769589638,-0.288746337403634,NA,-0.171622210180758
"25",-0.144195509183494,-0.0811978668124553,-0.291406350241045,NA,-0.172266575412331
"26",-0.143754666954779,-0.0776049523126417,-0.237720970213612,NA,-0.153026863160344
"27",-0.140731748815024,-0.0779065527906768,-0.240381081278972,NA,-0.153006460961558
"28",-0.140227929125065,-0.0791916041831394,-0.246910342110182,NA,-0.155443291806129
"29",-0.139031357361412,-0.0782212582372232,-0.227806086691595,NA,-0.14835290076341
"30",-0.137897763059004,-0.0802012991279638,-0.227564249483112,NA,-0.14855443722336
"31",-0.138149672903984,-0.0802537412938307,-0.207009044484591,NA,-0.141804152894135
"32",-0.13745692083029,-0.0812109822712356,-0.193950449151209,NA,-0.137539450750912
"33",-0.140605793892535,-0.0816043712914785,-0.189113876880468,NA,-0.137108014021494
"34",-0.134685912535515,-0.0795063096296858,-0.170493222207884,NA,-0.128228481457695
"35",-0.137645853214025,-0.0767788475650693,-0.190806663668884,NA,-0.135077121482659
"36",-0.145455058408391,-0.079060478443576,-0.220067664374959,NA,-0.148194400408975
"37",-0.143565734571045,-0.0784179520917028,-0.216682017127164,NA,-0.146221901263304
"38",-0.144384441567228,-0.0775656164265698,-0.215714766521182,NA,-0.145888274838327
"39",-0.144195509183494,-0.0784835097163501,-0.197819648031034,NA,-0.140166222310292
"40",-0.143187869803575,-0.0769886476993439,-0.176780719501573,NA,-0.132319079001497
"41",-0.144258486644739,-0.0781032374661711,-0.19854508598552,NA,-0.140302270032143
"42",-0.14633674286582,-0.0779458886767487,-0.192257588691831,NA,-0.138846740078133
"43",-0.14608483302084,-0.0792571722980556,-0.19854508598552,NA,-0.141295697101472
"44",-0.141865343117433,-0.078837562850521,-0.116566004971968,NA,-0.112422970313307
"45",-0.13720501098531,-0.0780639002688155,-0.0152408067743595,NA,-0.0768365726761618
"46",-0.1373309659078,-0.0780376785302402,-0.11535686804353,NA,-0.110241837493857
"47",-0.138842424977678,-0.0778409846757606,-0.0977035376478893,NA,-0.104795649100443
"48",-0.13770883067527,-0.0754937856823377,-0.083194017291561,NA,-0.0987988778830561
"49",-0.138716470055188,-0.076713279450153,-0.0280575648992582,NA,-0.0811624381348664
"50",-0.136449281450372,-0.0774475956555176,-0.0234629771789215,NA,-0.0791199514282703
"51",-0.137142033524066,-0.0749037119866004,-0.00218216232700422,NA,-0.0714093026125567
"52",-0.139094334822657,-0.0749299324138921,0.00458893571268847,NA,-0.0698117771746203
"53",-0.139472199590127,-0.0727794285862325,-0.0137898326374383,NA,-0.0753471536045991
"54",-0.145958878098351,-0.0756118064533898,-0.0648151998274601,NA,-0.0954619614597335
"55",-0.144510396489718,-0.0743005228320829,-0.048612843568741,NA,-0.0891412542968473
"56",-0.141361523427473,-0.0714681449649256,-0.0370051732583067,NA,-0.0832782805502353
"57",-0.140479838970045,-0.0717435132141164,-0.0360378489813635,NA,-0.0827537337218416
"58",-0.140731748815024,-0.0716910605579806,-0.0140316207319469,NA,-0.0754848100349839
"59",-0.14029090658631,-0.0720582186606628,-0.0246720649933861,NA,-0.079007063413453
"60",-0.140983658660004,-0.0698159249795117,-0.0171754307712587,NA,-0.0759916714702582
"61",-0.142306185346147,-0.0706813774147087,0.0169221422055574,NA,-0.0653551401850994
"62",-0.14066877135378,-0.0720188814633073,-0.0181427550482019,NA,-0.0769434692884296
"63",-0.137834785597759,-0.0716779555894692,0.000477899624381526,NA,-0.069678280520949
"64",-0.140857703737514,-0.0724253859423305,-0.020560930677131,NA,-0.0779480067856586
"65",-0.139031357361412,-0.0725302820756169,-0.0466782195718416,NA,-0.086079953002957
"66",-0.1404168615088,-0.0717435132141164,-0.00629319841531098,NA,-0.0728178577127425
"67",-0.136764168756596,-0.0704977977077258,0.00265431171578926,NA,-0.0682025515828442
"68",-0.128577092497014,-0.0669442204052678,0.0648036993562671,NA,-0.0435725378486715
"69",-0.12952176701118,-0.0685964312116963,0.0616598647599681,NA,-0.0454861111543026
"70",-0.135189732225474,-0.0683472938800661,0.073509421392859,NA,-0.043342534904227
"71",-0.1404168615088,-0.0688980303784478,0.0812478437094947,NA,-0.042689016059251
"72",-0.142810005036106,-0.0668655368315713,0.0865680658402143,NA,-0.0410358253424876
"73",-0.141928320578677,-0.0675605158395803,0.0471503689606268,NA,-0.054112822485877
"74",-0.14029090658631,-0.0681768204528782,0.0577907149941179,NA,-0.0502256706816901
"75",-0.141172591043739,-0.0652920004198539,0.0783459936636006,NA,-0.042706199266664
"76",-0.14054281643129,-0.0650953052540907,0.0846334418433151,NA,-0.0403348932806884
"77",-0.140605793892535,-0.0628005589168037,0.0877771536546788,NA,-0.0385430663848865
"78",-0.138968379900167,-0.0619875604490262,0.0807641692925297,NA,-0.0400639236855546
"79",-0.140353884047555,-0.0626563177184599,0.0631109371248376,NA,-0.0466330882137258
"80",-0.140038996741331,-0.0620531285639424,0.0860843914232493,NA,-0.0386692446273412
"81",-0.138590515132698,-0.0619613387104509,0.0764113696667014,NA,-0.0413801613921492
"82",-0.131851926779494,-0.0604140240373088,0.111476144135525,NA,-0.026929935560426
"83",-0.132544678853188,-0.0585651193764006,0.114136206086911,NA,-0.0256578640475593
"84",-0.135378664609208,-0.0605582652356526,0.0841497674263501,NA,-0.037262387472837
"85",-0.135882484299168,-0.0614892752954968,0.092855514019929,NA,-0.0348387485249118
"86",-0.123538901895169,-0.0612532442436616,0.103979509913398,NA,-0.0269375454084773
"87",-0.123664863115404,-0.0601779916741899,0.0908000205327626,NA,-0.0310142780856106
"88",-0.113273569414505,-0.05606056241457,0.0909209636939909,NA,-0.0261377227116946
"89",-0.111132348327671,-0.0560867841531453,0.082215241657399,NA,-0.0283346302744723
"90",-0.102504429839374,-0.0558507517900264,0.0868098293777358,NA,-0.0238484507505549
"91",-0.108928130886353,-0.0556147312284602,0.128645824671188,NA,-0.0119656791478752
"92",-0.109683854123546,-0.0542247627221732,0.127920386716701,NA,-0.0119960767096726
"93",-0.0912944354400369,-0.0507892061907673,0.217637840932915,NA,0.0251847331007035
"94",-0.108739198502618,-0.0551164368959455,0.13203132457706,NA,-0.0106081036071681
"95",-0.0969624195475695,-0.0543952361493612,0.159357701286235,NA,0.00266668186310148
"96",-0.0981589787157303,-0.0518382278426783,0.211834042613178,NA,0.0206122786849232
"97",-0.10124487431673,-0.0498319652133625,0.193697136028521,NA,0.0142067654994761
"98",-0.103889927689016,-0.0522185014041409,0.151135629109621,NA,-0.00165759999451175
"99",-0.101622751679692,-0.052375858061265,0.0923718396029638,NA,-0.0205422567126643
"100",-0.1027563459821,-0.051300606803077,0.0868098293777358,NA,-0.0224157078024803
"101",-0.101748694006689,-0.0508285433881229,0.104463184330363,NA,-0.0160380176881497
"102",-0.102126571369651,-0.0509334382101257,0.0573070651341398,NA,-0.0319176481485456
"103",-0.10533842189314,-0.0528348060174388,0.0778623192466354,NA,-0.0267703028879812
"104",-0.104897567068934,-0.0508547651266982,0.0609344268054817,NA,-0.0316059684633835
"105",-0.103197188210814,-0.0506449649924236,0.078587757201122,NA,-0.0250847986673719
"106",-0.105464364220138,-0.0490189654343013,0.127194850534266,NA,-0.00909615970672426
"107",-0.1027563459821,-0.0500024281502815,0.14242990707303,NA,-0.00344295568645056
"108",-0.0912944354400369,-0.048664924101683,0.132998648854003,NA,-0.00232023689590562
"109",-0.0872009067568649,-0.0267664915597093,0.125018438442859,NA,0.00368368004209487
"110",-0.0996074729198551,-0.0305692061937975,0.0633527252193459,NA,-0.0222746512981022
"111",-0.103134204451823,-0.0310412682974679,0.0669801114476748,NA,-0.0223984537672054
"112",-0.107164761971496,-0.0342932464331744,0.078104107341144,NA,-0.0211179670211755
"113",-0.107353694355231,-0.034201467069952,0.0415883587353987,NA,-0.0333222675632614
"114",-0.109935770266271,-0.0362864027826953,0.0362681366046791,NA,-0.0366513454814292
"115",-0.105716280362864,-0.0365617815221552,0.0500522926774821,NA,-0.0307419230691789
"116",-0.100992970769497,-0.0305298689964419,0.0696402470700217,NA,-0.0206275308986389
"117",-0.104330782513222,-0.0319591628985319,0.0742348593473455,NA,-0.0206850286881361
"118",-0.0989776983074061,-0.0255207760533186,0.093822813739885,NA,-0.0102252202069466
"119",-0.0965845421846079,-0.0268582709229318,0.0993848239651131,NA,-0.0080193297141422
"120",-0.089594056581917,-0.0258879328447173,0.109541520138626,NA,-0.00198015642933608
"121",-0.0919871938114768,-0.0262550909473996,0.110267056321061,NA,-0.00265840947927184
"122",-0.0950730894124766,-0.027828627359117,0.054163328765789,NA,-0.0229127960019349
"123",-0.0938135464853248,-0.0246553236181216,0.0759276952497362,NA,-0.0141803916179034
"124",-0.0968364583273336,-0.0287727528777415,0.0544051168602975,NA,-0.0237346981149259
"125",-0.0951360668737215,-0.0286547425969584,0.0517450549089118,NA,-0.0240152515205894
"126",-0.0928688719711592,-0.028536712646921,0.0512614050489338,NA,-0.0233813931897155
"127",-0.080084459933938,-0.0234489453090866,0.0788296435235786,NA,-0.00823458723981533
"128",-0.0786989431910581,-0.0269500699554086,0.0964829739192189,NA,-0.00305534640908263
"129",-0.0765577095087318,-0.0266484799676425,0.107606896141727,NA,0.00146690222178418
"130",-0.0666702480932835,-0.024838902013821,0.143155443255464,NA,0.0172154310494533
"131",-0.0634583975697939,-0.0222163347712072,0.151619278969599,NA,0.0219815155428661
"132",-0.0588610491966628,-0.0180333373966711,0.170481721736691,NA,0.0311957783811191
"133",-0.0519965059209694,-0.0173514646684571,0.143638994887494,NA,0.0247636747660225
"134",-0.0489735877812145,-0.0143224021258055,0.158390377009292,NA,0.0316981290340907
"135",-0.0508629053208151,-0.0151091801662913,0.145573618884393,NA,0.0265338444657623
"136",-0.0504850468510919,-0.0118047401954636,0.173625531776003,NA,0.0371119149098159
"137",-0.0489106103199696,-0.0125915182359494,0.173625531776003,NA,0.0373744677400281
"138",-0.0465174730904097,-0.0139552440231232,0.181605815858109,NA,0.0403776995815252
"139",-0.030836072644939,-0.0142437290423779,0.177736469636362,NA,0.0442188893163483
"140",-0.0195001359186042,-0.0137585593476289,0.221748950692183,NA,0.0628300851419832
"141",-0.0319067020815944,-0.0135225191168083,0.223199826601156,NA,0.0592568684675843
"142",-0.0278761508596674,-0.0091297307869829,0.2222325268812,NA,0.0617422150781831
"143",-0.0150287424679629,-0.0112802346146426,0.202402784394152,NA,0.0586979357705154
"144",-0.0225860378173502,-0.00680875222085166,0.223441712923612,NA,0.0646823076284701
"145",-0.0303322655504721,-0.0102312037837462,0.220297976555261,NA,0.0599115024070144
"146",-0.030143314273499,-0.0105196874917173,0.247140703404459,NA,0.0688259005464141
"147",-0.0420460670442762,-0.0142174968135337,0.219572538600775,NA,0.0544363249143217
"148",-0.0359372533035215,-0.0123685829736402,0.235291171328555,NA,0.0623284450171311
"149",-0.0331032675475012,-0.0123554766938452,0.223199826601156,NA,0.0592470274532697
"150",-0.0267425502595132,-0.00513031180814611,0.270114157702871,NA,0.0794137652117371
"151",-0.0261127630515719,-0.00688742661556284,0.265519471754586,NA,0.0775064273624836
"152",-0.0208226563070009,-0.0069005328953578,0.254637239398638,NA,0.075638016732093
"153",-0.0300803494077464,-0.0144010765205167,0.187409614177845,NA,0.0476427294165274
"154",-0.028505912876624,-0.0144928755529935,0.176043731961919,NA,0.0443483145107673
"155",-0.0303952304162247,-0.010677034969856,0.236016682954002,NA,0.0649814725226406
"156",-0.0380784869858479,-0.00655960571023612,0.227552749011919,NA,0.0609715521052784
"157",-0.0113130659567681,-0.00426485937294912,0.224892588832585,NA,0.069771554500956
"158",-0.023782603283257,0.00153101161065994,0.2222325268812,NA,0.0666603117362008
"159",-0.0207596851435021,0.00622540959750575,0.217637840932915,NA,0.0677011884623061
"160",-0.016855095141811,0.00852015593479275,0.248108027681402,NA,0.0799243628247945
"161",-0.0695672176082947,0.0153519527807868,0.0290133641480214,NA,-0.00840063355982881
"162",-0.0527522354559081,0.0171090675882035,0.0464249310061403,NA,0.00359392104614526
"163",-0.0533190389048582,0.0160600367573072,0.0764113696667014,NA,0.0130507891730501
"164",-0.0673630064647234,0.0117852587082649,0.01861487988,NA,-0.0123209559588195
"165",-0.065221772782397,0.0072744404284021,-0.0227374409964869,NA,-0.0268949244501606
"166",-0.0674889676849593,0.0061073993167226,-0.0179008687257453,NA,-0.0264274790313273
"167",-0.0659775086150819,0.0111427231774065,0.0302225501904341,NA,-0.0082040784157471
"168",-0.0635213750310388,0.0117852587082649,0.0897117776515781,NA,0.0126585537762681
"169",-0.0529411615418966,0.0108673444379467,0.0817314935694727,NA,0.0132192254885076
"170",-0.0488476328587247,0.00939871333850109,0.0752021590673016,NA,0.0119177465156927
"171",-0.0526262805334183,0.0070646298038585,0.0672218749851962,NA,0.00722007475187881
"172",-0.0387712327617956,0.0101330295438657,0.0725420971159158,NA,0.0146346312993286
"173",-0.0360002370625125,0.00819233502946603,0.0698820351645301,NA,0.0140247110438279
"174",-0.0322845479558254,0.0148274275307115,0.0805224057550082,NA,0.0210217617766314
"175",-0.0149657461134796,0.0164665320573451,0.0761695815721929,NA,0.0258901225053528
"176",0.000463706700534781,0.021265834045179,0.0602089888509952,NA,0.027312843198903
"177",-0.0051412810525146,0.0188137402297533,0.0476340188206049,NA,0.0204354926659479
"178",0.00266793673734444,0.018289214979678,0.0423137966898852,NA,0.0210903161356359
"179",0.0177195436771279,0.0225902239462809,0.0502941789999387,NA,0.0302013155411158
"180",0.00543893243662752,0.0227082538963183,0.0307062246073993,NA,0.0196178036467817
"181",0.00625764573055727,0.0199283195063115,0.00579812175510114,NA,0.0106613623306567
"182",0.00342365997453704,0.0191940033009469,0.0145037701207319,NA,0.012373811132072
"183",0.00285686282333297,0.0201774660169271,0.00362161143574528,NA,0.00888531342533511
"184",-0.00769186193518669,0.00896598712090261,-0.0282993529937667,NA,-0.00900840926935026
"185",-0.0130134637081263,0.00559599870441294,-0.0561094777908682,NA,-0.0211756475981939
"186",-0.0152176622562054,0.0108017959922848,-0.0519984417025614,NA,-0.0188047693221607
"187",-0.0242234455119713,0.00981833327630464,-0.0575604519277894,NA,-0.0239885213878187
"188",-0.0284429480108714,0.0130572064434998,-0.0841612924545301,NA,-0.0331823446739672
"189",-0.00822716405802214,0.0142373538349743,-0.0703772100526881,NA,-0.0214556734252453
"190",-0.00778632182930793,0.0207282038265924,-0.0614296508076137,NA,-0.0161625896034431
"191",-0.0200039682040556,0.020924908171341,-0.0737627590725345,NA,-0.0242806063684164
"192",-0.0183665353184501,0.0211609287329072,-0.0824684811091263,NA,-0.0265580292315564
"193",-0.0195631259753414,0.0215674240329451,-0.068926235915767,NA,-0.0223073126193878
"194",-0.0229638899893273,0.0253570323872383,-0.0810175560861792,NA,-0.0262081378960894
"195",-0.020885646363738,0.0267076532059008,-0.0669916610328419,NA,-0.0203898847302264
"196",-0.021263492237969,0.0287663776703379,-0.0493383797511757,NA,-0.0139451647729356
"197",-0.0191852486123798,0.0233114338718505,-0.0648151998274601,NA,-0.0202296715226631
"198",-0.00684167250612675,0.020583961316965,-0.0481290954808147,NA,-0.0114622688899922
"199",-0.00369279944388207,0.0220394874478992,-0.0106461208260746,NA,0.00256685572598086
"200",-0.0129504736513892,0.0164796566951107,-0.0355541991213855,NA,-0.0106750053592213
"201",-0.0152176622562054,0.0221050555628154,-0.0203191425826225,NA,-0.00447724975867081
"202",-0.0225860378173502,0.0199020885887509,-0.048612843568741,NA,-0.0170989309324467
"203",-0.0214524435149421,0.0191022239377245,-0.0708608599126662,NA,-0.0244036931632946
"204",-0.0253570398143794,0.0136079429418815,-0.0783574450208194,NA,-0.0300355139644391
"205",-0.0349296139236032,0.0143553641157574,-0.0865795663114073,NA,-0.0357179387064177
"206",-0.0429907226652034,0.00979210235874402,-0.127206375562446,NA,-0.053468331956302
"207",-0.0448170753390515,0.00992323858857644,-0.134219286253635,NA,-0.0563710410013699
"208",-0.036252140609746,0.0175680050541083,-0.13035008737381,NA,-0.0496780743098159
"209",-0.0378895546021132,0.0246882856080736,-0.129624649419324,NA,-0.0476086394711211
"210",-0.0370708539036757,0.0290286304607484,-0.105200171870017,NA,-0.0377474651043147
"211",-0.0360632145237574,0.0305890619039544,-0.107860233821402,NA,-0.0377781288137351
"212",-0.0334181611514719,0.0289237264597602,-0.109794857818302,NA,-0.0380964308366711
"213",-0.0381414707448389,0.0268256844672218,-0.121402528128736,NA,-0.044239438135451
"214",-0.0306471465589504,0.0328969132097528,-0.13301019843917,NA,-0.0435868105961226
"215",-0.0301118444361149,0.0337754719247447,-0.158643788359929,NA,-0.0516600536237663
"216",-0.0278761508596674,0.0303530203618502,-0.154049028740683,NA,-0.0505240530794999
"217",-0.0311509536534173,0.0293433463975638,-0.141715969589736,NA,-0.0478411922818632
"218",-0.0278131545051841,0.0310217881215529,-0.156467327154547,NA,-0.0510862311793927
"219",-0.0166661438648379,0.0285696733255893,-0.119467953245811,NA,-0.0358548079283531
"220",-0.0181776155302076,0.0249636433669954,-0.136153934807521,NA,-0.043122635656911
"221",-0.0198150169270826,0.0245571493782411,-0.102298223596174,NA,-0.0325186970483386
"222",-0.0092977934946776,0.0297367157485524,-0.0643315499674821,NA,-0.0146308759045358
"223",-0.0111871110342783,0.0293433463975638,-0.0870632161713854,NA,-0.0229689936027
"224",-0.00703059859211533,0.0331067238342963,-0.0454691072003901,NA,-0.00646432731940303
"225",-0.0109351948915526,0.0369094384683845,-0.0607041146251791,NA,-0.0115766236827824
"226",-0.0489106103199696,0.0355194804523665,-0.0655406377819466,NA,-0.0263105892165166
"227",-0.0418571409582876,0.0372897212088325,-0.0648151998274601,NA,-0.0231275398589717
"228",-0.0488476328587247,0.0331460610316519,-0.0948016384880211,NA,-0.0368344034383646
"229",-0.0521224608434591,0.0313889449129516,-0.23554450900823,NA,-0.0854260083129127
"230",-0.0584202069679485,0.0224984445830583,-0.225145975626235,NA,-0.0870225793370416
"231",-0.0562159958243772,0.0187875093121927,-0.26166172423198,NA,-0.0996967369147215
"232",-0.0619469384999164,0.0155486374562811,-0.296484735163283,NA,-0.114294345402306
"233",-0.061065260340234,0.00895288215239127,-0.242315656161897,NA,-0.0981426781165799
"234",-0.0566568317553454,0.0081398928635991,-0.265530947668791,NA,-0.104682628853513
"235",-0.0567198155143364,0.0129523011312281,-0.275203993982326,NA,-0.106323836121812
"236",-0.057034709118307,0.0153650577492982,-0.266498296502722,NA,-0.102722649290577
"237",-0.0473361737888472,0.019495593288713,-0.251021378198489,NA,-0.0929539862328744
"238",-0.0330402963840025,0.0216854343137283,-0.243041143230358,NA,-0.084798668433544
"239",-0.0426758416567251,0.0155879733423531,-0.243524793090336,NA,-0.0902042204682359
"240",-0.0339849583026759,0.0179876249919119,-0.243041143230358,NA,-0.0863461588470406
"241",-0.0353074786910725,0.0117983649880599,-0.240139244070489,NA,-0.0878827859245007
"242",-0.0322215830900728,0.0141586794402631,-0.23554450900823,NA,-0.0845358042193467
"243",-0.031591821073116,0.0139226378981589,-0.228773361854564,NA,-0.0821475150098403
"244",-0.029765468399268,0.0111820603747621,-0.216682017127164,NA,-0.0784218083838901
"245",-0.0342368618499094,0.0129654060997394,-0.21281281824734,NA,-0.0780280913325033
"246",-0.0352445012298276,0.0164796566951107,-0.226113299903178,NA,-0.081626048145965
"247",-0.0422979831870018,0.0177515834498077,-0.227322436831617,NA,-0.0839562788562702
"248",-0.0347406815398685,0.0125589121109851,-0.231917122779902,NA,-0.0846996307362616
"249",-0.0280020805911726,0.0133981323173379,-0.222485864560875,NA,-0.0790299376115699
"250",-0.031402869796143,0.0125195749136295,-0.234577184731287,NA,-0.0844868265379336
"251",-0.0360002370625125,0.0126900286715632,-0.25005410303552,NA,-0.0911214371421564
"252",-0.0227749639033387,0.0274026322139098,-0.216682017127164,NA,-0.0706847829388644
"253",-0.0183035704526974,0.0278615893490689,-0.215714766521182,NA,-0.068718915874937
"254",-0.013643225725083,0.030103893520489,-0.192257588691831,NA,-0.0585989736321418
"255",-0.00784931188604507,0.036647185677974,-0.169042297184937,NA,-0.0467481411310027
"256",-0.0021813340762585,0.0361620172945086,-0.166382186119577,NA,-0.0441338343004424
"257",-0.0152176622562054,0.0367783219078064,-0.1842773537237,NA,-0.0542388980240331
"258",-0.0125096314226749,0.0354539123374503,-0.194192212688731,NA,-0.0570826439246518
"259",-0.0092977934946776,0.0340901865502765,-0.192257588691831,NA,-0.0558217318787442
"260",-0.00255920514147398,0.0328313450948366,-0.201930684119341,NA,-0.0572195147219927
"261",-0.0101165067886073,0.0257635276872762,-0.234335396636779,NA,-0.0728961252460366
"262",-0.0021813340762585,0.027638673756014,-0.166140373468082,NA,-0.0468943445961088
"263",-0.00331492837866658,0.0283860949298899,-0.17919899335845,NA,-0.0513759422690756
"264",-0.00457448390131058,0.0279271574639851,-0.150421667069341,NA,-0.0423563311688887
"265",-0.00677868244938961,0.0278878202666295,-0.147761580560968,NA,-0.042217480914576
"266",-0.00300004737018824,0.0387190164222061,-0.139539532941341,NA,-0.0346068546297745
"267",-0.00211836291275973,0.0429806881914534,-0.140748620755806,NA,-0.033295431825704
"268",0.00663552309351886,0.0466522862649634,-0.122369852405679,NA,-0.0230273476823989
"269",0.0148855516233616,0.0556870291044841,-0.109311257072298,NA,-0.0129128921148173
"270",0.0122405108465683,0.0527890844336942,-0.0756973339554596,NA,-0.00355591289173238
"271",0.00562785852261606,0.0483962961038688,-0.0918996902141788,NA,-0.0126251785292313
"272",0.0105401193929561,0.0544675248463997,-0.079566557392271,NA,-0.0048529710509717
"273",0.00650956187328294,0.0386403420274949,-0.0921415274226613,NA,-0.0156638745072945
"274",-0.0126355926429108,0.0322019355130274,-0.120677041060275,NA,-0.0337035660633862
"275",-0.0156585044849196,0.0233114338718505,-0.152598103717735,NA,-0.0483150581102682
"276",-0.0176737832447562,0.0293957885634307,-0.162996637099731,NA,-0.0504248772603522
"277",-0.022145201886382,0.0230098438840844,-0.169767784253398,NA,-0.0563010474185651
"278",-0.0305211916364606,0.0143553641157574,-0.204107145324722,NA,-0.0734243242818085
"279",-0.0196890557068467,0.0182498777823224,-0.173395170481727,NA,-0.058278116135417
"280",-0.0169180600075636,0.0192595714158632,-0.157192814223007,NA,-0.051617100938236
"281",-0.0175478220245203,0.0216329921478613,-0.157918252177494,NA,-0.051277694018051
"282",-0.00060689754513616,0.0314807255874577,-0.103265596987092,NA,-0.0241305896482566
"283",0.00210113958614037,0.0323855139087267,-0.0962526126249423,NA,-0.0205886530433584
"284",-0.011439027177004,0.0274419694112654,-0.0911742522596922,NA,-0.0250571033418103
"285",-0.00847908020074786,0.032044586723605,-0.0594949776967405,NA,-0.0119764903912944
"286",-0.00419660653834899,0.0341819855827533,-0.068926235915767,NA,-0.0129802856237876
"287",-0.0102424365201126,0.0340901865502765,-0.103749197733095,NA,-0.0266338159009772
"288",-0.00457448390131058,0.0400434050120243,0.0224840542028373,NA,0.0193176584378503
"289",-0.00570807820371867,0.041223572072753,-0.0149989204519029,NA,0.0068388578057105
"290",-0.0117539081854824,0.033447651019418,-0.0324104873100218,NA,-0.00357224815869537
"291",-0.0133283447166047,0.030667734987382,-0.0428090452490044,NA,-0.00848988499274237
"292",-0.0222081667521347,0.0252259158266602,-0.0723117849356133,NA,-0.0230980119536959
"293",-0.0100535167318702,0.0223017402383097,-0.0466782195718416,NA,-0.011476665355134
"294",-0.00318897345617678,0.0247145165256342,-0.0374888231182847,NA,-0.00532109334960911
"295",0.0688572359102354,0.0322806085964549,-0.020560930677131,NA,0.0268589712765198
"296",0.0432254091835637,0.0344835755705194,0.053196029045833,NA,0.043635004599972
"297",0.0661492050767049,0.0320314620858394,0.0222422661083287,NA,0.0401409777569577
"298",0.0667789922846461,0.0364505010024797,0.0657709990762233,NA,0.0563334974544497
"299",0.0674087605993489,0.039322214755709,0.053679678905811,NA,0.0534702180869563
"300",0.057836180192379,0.0336443553641666,0.0483594567750914,NA,0.0466133307772123
"301",0.0560728175752681,0.0390861745248884,0.0592416891310391,NA,0.0514668937437319
"302",0.0682274738932787,0.047609518063383,0.0732675350704023,NA,0.0630348423423547
"303",0.0712503857352875,0.049209285392661,0.0575489268996094,NA,0.0593361993425193
"304",0.0676606704443286,0.0416694045701465,0.0522287047688898,NA,0.053852926594455
"305",0.0883172714349075,0.0474652755537556,0.0952737878768062,NA,0.0770187782884898
"306",0.0831531259105723,0.0426790982036873,0.120907304126604,NA,0.0822465094136211
"307",0.051475469202137,0.0287139158352166,0.0986593860106266,NA,0.0596162570159934
"308",0.0471929955397381,0.0241899912755588,0.0986593860106266,NA,0.0566807909419745
"309",0.0680385478072901,0.0363849328875635,0.0976920617336834,NA,0.067371847476179
"310",0.047318956759974,0.0250947795968278,0.0290133641480214,NA,0.0338090335016077
"311",0.0406433395702691,0.0211871609617515,0.019098554296965,NA,0.0269763516096619
"312",0.0541835000356674,0.0272583897042824,0.0619017510824247,NA,0.0477812136074582
"313",0.0458074850946043,0.0194824883202017,0.0444902824522541,NA,0.0365934186223534
"314",0.0432254091835637,0.0156273105397087,0.0597253389910172,NA,0.0395260195714298
"315",0.0466891695520328,0.0122179849258634,0.0563398390851449,NA,0.0384156645210137
"316",0.0494601904423004,0.0128736267365169,0.0544051168602975,NA,0.0389129780130383
"317",0.0567025858899709,0.00625164051506637,0.0382028588295266,NA,0.0337190284115213
"318",0.0736435355603396,0.00933314522358488,0.0476340188206049,NA,0.0435368998681764
"319",0.0684793900360044,0.0188137402297533,0.0515032668144033,NA,0.046265465693387
"320",0.0675347155218387,0.0165321001722613,0.0623854009424029,NA,0.048817405545501
"321",0.0756588143201761,0.0172664150663422,0.0137783321662454,NA,0.0355678538509212
"322",0.0551911394155857,0.0121786280592535,-0.00363323469187355,NA,0.0212455109276552
"323",0.0553170943380755,0.0156666477370643,-0.0104043327315661,NA,0.0201931364478579
"324",0.0724469512011943,0.0209117822222917,0.0145037701207319,NA,0.0359541678480726
"325",0.0670308832363873,0.0261306857899585,0.0152292817461796,NA,0.0361302835908418
"326",0.0659602789907164,0.0244391377861744,0.0227258422973458,NA,0.0377084196914122
"327",0.0611110144748596,0.021449413752162,0.0365100965980969,NA,0.0396901749417062
"328",0.0519163051331051,0.0168074776004374,0.0425556584553549,NA,0.0370931470629658
"329",0.0478857539111781,0.0135554797954766,0.00579812175510114,NA,0.0224131184872519
"330",0.0394467741043623,0.00979210235874402,-0.0125807448229738,NA,0.0122193772133775
"331",0.0403914234275435,0.0146176169061679,0.0217586162483507,NA,0.0255892188606874
"332",0.0408322593585116,0.0188924146244645,0.0224840542028373,NA,0.0274029093952711
"333",0.0548762584071074,0.0207019715977481,0.00192887376130272,NA,0.0258357012553861
"334",0.059662532866227,0.021960813053188,0.0183731163424786,NA,0.0333321540872979
"335",0.0582770224210932,0.0245178121808856,0.0147456318862016,NA,0.0325134888293934
"336",0.0595995680004744,0.0258290958021924,0.00628177161507933,NA,0.0305701451392487
"337",0.0565136598039824,0.0342737649459758,0.013052894211759,NA,0.0346134396539057
"338",0.0711244308127977,0.0427446663186035,0.0776204574811659,NA,0.0638298515375224
"339",0.0769813347085728,0.0440034881047891,0.0824570297519076,NA,0.0678139508550898
"340",0.0734545905811126,0.0428495519616209,0.0662546489362013,NA,0.0608529304929783
"341",0.0840348040702547,0.0435445506388843,0.0872935037947008,NA,0.0716242861679466
"342",0.0787446973256837,0.0414464889770916,0.0703656850245083,NA,0.0635189571090945
"343",0.0677866316645644,0.0470587802537177,0.0708493594414733,NA,0.0618982571199185
"344",0.0497750714507787,0.044396877125032,0.0614181012224467,NA,0.0518633499327525
"345",0.0490193482135861,0.0463638025569923,0.0599671270855255,NA,0.0517834259520347
"346",0.102235284072283,0.0436232237223118,0.0843916537488067,NA,0.0767500538478005
"347",0.110674263879099,0.0422857091834444,0.118972778357653,NA,0.0906442504733985
"348",0.0973230546906734,0.0457474966324108,0.122600164585982,NA,0.0885569053030219
"349",0.0997791693814782,0.0434265193775632,0.115829066546289,NA,0.0863449184351101
"350",0.122136161825669,0.0446460236356476,0.112201582090012,NA,0.0929945891837762
"351",0.133661049828977,0.0453934448095235,0.108574294089631,NA,0.0958762629093772
"352",0.130827057775211,0.0477930964590823,0.0998684738250911,NA,0.0928295426864614
"353",0.12811902694168,0.0462195600473649,0.242787805550682,NA,0.139042130846576
"354",0.142225990856029,0.0461933291298043,0.200951908485178,NA,0.129790409490337
"355",0.151357722736538,0.0462326663271599,0.26842132180048,NA,0.155337236954726
"356",0.154254679656057,0.0545330929613159,0.357413411733168,NA,0.188733728116847
"357",0.158789069461182,0.0605781117668242,0.37434123050336,NA,0.197902803910455
"358",0.163575343920302,0.0598175646438989,0.360557148101519,NA,0.194650018888573
"359",0.161056232875013,0.0597257852806764,0.36926287013811,NA,0.196681629431267
"360",0.155640196398937,0.0535889674426914,0.351851426064927,NA,0.187026863302185
"361",0.155955077407415,0.0554903444289898,0.415693551379847,NA,0.209046324405418
"362",0.170817764558957,0.0563164399975769,0.43624883004933,NA,0.221127678201954
"363",0.182972414579221,0.0607485851940122,0.439150680095224,NA,0.227623893289486
"364",0.173084953163773,0.0575228183066119,0.44519634018043,NA,0.225268037216938
"365",0.170691778147736,0.0630826687286548,0.460431372162206,NA,0.231401939679532
"366",0.160930303143508,0.0593323962604335,0.45414385031153,NA,0.224802183238491
"367",0.162378778454395,0.0600798371035638,0.442778139994514,NA,0.221745585184158
"368",0.149153498997475,0.0546511045533827,0.393445535035922,NA,0.199083379528926
"369",0.169747154015539,0.0570114190055859,0.41327527752297,NA,0.213344616848032
"370",0.155388280256211,0.0517400732720521,0.388367174670672,NA,0.198498509399645
"371",0.148271820837792,0.0514778008123873,0.385948900813795,NA,0.195232840821325
"372",0.110107466727895,0.0373683956035436,0.322832188896374,NA,0.156769350409271
"373",0.120246844286069,0.0375913111965985,0.254395475861116,NA,0.137411210447928
"374",0.0933554620367529,0.0291991038879364,0.194422573983007,NA,0.105659046635899
"375",0.108784946339498,0.0336050181668111,0.232147434960204,NA,0.124845799822171
"376",0.109729620853664,0.0298678519783848,0.209899418616279,NA,0.116498963816109
"377",0.116342247986631,0.0309562200066367,0.239402281087823,NA,0.128900249693697
"378",0.117097971223824,0.0288450520650491,0.223683501018121,NA,0.123208841435665
"379",0.112248700410221,0.0316380927348508,0.226827311057433,NA,0.123571368067501
"380",0.114389940390293,0.0387059101424111,0.280996316387857,NA,0.14469738897352
"381",0.129315611300826,0.0393353210355039,0.286074750424068,NA,0.151575227586799
"382",0.129819418395292,0.0390730682450934,0.251009877727296,NA,0.139967454789227
"383",0.128056062075928,0.0323461767113711,0.221990738786691,NA,0.127464325857997
"384",0.150413054520119,0.035952206669965,0.255362775581073,NA,0.147242678923719
"385",0.147390136380364,0.035781733242777,0.221023439066735,NA,0.134731769563292
"386",0.156458884501882,0.0361882482120692,0.231300980173528,NA,0.14131603762916
"387",0.155892087350678,0.0392173107547208,0.256813651490046,NA,0.150641016531815
"388",0.156836755567098,0.0367651959587571,0.261166573900809,NA,0.151589508475555
"389",0.154380640876293,0.0322412713990994,0.236016682954002,NA,0.140879531743132
"390",0.155325290199474,0.0321232611183162,0.25753918767248,NA,0.14832924633009
"391",0.165716577602628,0.0318478823788564,0.270114157702871,NA,0.155892872561452
"392",0.149468380005953,0.0344180074556032,0.180880279675674,NA,0.121588889045743
"393",0.165590622680138,0.0461933291298043,0.201919134534174,NA,0.137901028781372
"394",0.169684163958802,0.0412104474349874,0.200710022162722,0.0431670346984023,0.113692917063728
"395",0.155388280256211,0.0349687439539848,0.170723583502161,-0.013332866405367,0.0869369353267475
"396",0.128685824092884,0.0289368510975259,0.125502014631876,-0.0698327406044344,0.0533229873044629
"397",0.129567502252567,0.0320970302007556,0.149926541295157,-0.0674113174244744,0.0610449390810012
"398",0.12881178531312,0.0295269247932631,0.150410191155135,-0.128754064888164,0.0449987090933386
"399",0.124592301707458,0.026025800146941,0.126711200674288,-0.146242094283173,0.0327718020613787
"400",0.110422372927357,0.0237179278606048,0.13493337107885,-0.162115868462911,0.0267394508509753
"401",0.118861359031919,0.0208068769100199,0.123325602540468,-0.132789743283395,0.032551023799753
"402",0.130764092909458,0.0225115495515697,0.146782731255845,-0.113149337728421,0.0467272589971128
"403",0.123395717348313,0.019364476728135,0.156939501100319,-0.129830226063444,0.0424673672783308
"404",0.121254483665987,0.0189317505105364,0.169998047319726,-0.137094495603324,0.0432724464732313
"405",0.113571245989602,0.0226295611436364,0.180396629815696,-0.150277799583106,0.041579909341457
"406",0.0972600835271747,0.0195742676834242,0.137593334802288,-0.152161101818374,0.0255666460486283
"407",0.0778630128682552,0.0128211649013956,0.0515032668144033,-0.16399919760288,-0.00545293825470649
"408",0.068542354901757,0.00928070305771798,0.0328826121418198,-0.198975283297601,-0.0220674032990765
"409",0.0781149290109809,0.0121130796135916,0.0660127871707317,-0.162922982618196,-0.00167054670572291
"410",0.0845386363557061,0.0131489858067223,0.0805224057550082,-0.16399919760288,0.00355270757863915
"411",0.0907104212599596,0.0177515834498077,0.108332432324162,-0.165344405798156,0.0128625078089432
"412",0.109792585719416,0.019888982308956,0.137109783170258,-0.170725373102769,0.0240164945239653
"413",0.114201014304305,0.0197972029457335,0.221023439066735,-0.180142018802614,0.0437199093785399
"414",0.105573108411501,0.0124277758811527,0.221748950692183,-0.182563468887276,0.0392965915243901
"415",0.103179958586449,0.0150503431237664,0.218121490792893,-0.211889594066792,0.031115549609079
"416",0.123584668625286,0.0234687813499892,0.292362198603783,-0.159425398262955,0.0699975625790257
"417",0.124403356728232,0.0202430341318433,0.310499080631453,-0.149470631618418,0.0764187099682775
"418",0.123962514499517,0.0206495294318812,0.308080905002524,-0.106154088303835,0.0866347151575218
"419",0.104439514109093,0.0155355311764862,0.242062367596196,-0.191172946622432,0.0427161165648357
"420",0.10147956083509,0.0160731430371022,0.277368930159528,-0.154582551903035,0.0600847705321713
"421",0.094678007616134,0.0100805860667151,0.300342482685888,-0.116915969103657,0.07204627681627
"422",0.0819565604446655,0.00193750691069783,0.251735315681782,-0.169380164907493,0.0415623045324131
"423",0.0747771361604938,-0.0037796909894837,0.221990738786691,-0.161039653478227,0.0329871326198685
"424",0.0755328530999402,-0.000501481936216558,0.249800765355844,-0.148663517463133,0.0440421547641087
"425",0.0570804569551864,-0.00838228863256902,0.192971526175125,-0.144089718123209,0.0243949940936334
"426",0.0507197459649444,-0.00693986878142978,0.188135052132332,-0.0410447094649096,0.0477175549627342
"427",0.053112870599012,-0.00169473429620234,0.220297976555261,-0.0553041746199722,0.0541029845595247
"428",0.0665900410076731,0.00364217955224762,0.29139487432684,0.130876309407551,0.123125851073578
"429",0.0547502971868715,0.00260627335911692,0.303486120826291,0.0334813150738602,0.0985810016115348
"430",0.04605940123733,-0.00506474369322994,0.270597733891887,-0.0197899679805585,0.0729506058638573
"431",0.0449258069349219,-0.00800202556137541,0.324766911121221,-0.0660661092291986,0.0739061458163922
"432",0.0580880963351047,-0.000160535081840532,0.312191941090831,-0.0563803896046565,0.0784347781848596
"433",0.0689202259669725,0.00410113668740676,0.282689054062299,-0.0119876313053893,0.0859306963528224
"434",0.0712503857352875,0.00246203216077318,0.280996316387857,0.0135718355941889,0.0920701424695266
"435",0.0594106167235014,0.000534443926168449,0.253911801444151,0.0375170203737935,0.0878434706169036
"436",0.0633152382139231,0.00196373782825846,0.274708868208142,0.0496241631782957,0.0974030018571549
"437",0.0674717506560861,0.00347170612505961,0.269146857982914,0.0259479716092826,0.0915095715933356
"438",0.0646377586023197,0.00467810410334901,0.227310960917411,0.0332122680538646,0.082459772919236
"439",0.0711874208695348,0.00263248591870685,0.217154166515949,0.0321361068785844,0.0807775450456939
"440",0.061299934263102,-0.000986650319681974,0.222958063063634,0.0698026896779626,0.0882685091712542
"441",0.0478857539111781,-0.0033076275745296,0.168788959505262,0.0151861177141622,0.0571383008890181
"442",0.0456815301721145,-0.000501481936216558,0.183056691767082,0.0318670598585888,0.0650259499653921
"443",0.0317635175347392,-0.00868387862033511,0.103737746375877,-0.0644517732998212,0.0155914029976148
"444",0.0250249291815355,-0.0106508040522954,0.103979509913398,-0.0892040991394127,0.00728738397580638
"445",0.0141927995496677,-0.0152271917583581,0.0773786693866574,-0.105077873319151,-0.00718339903529591
"446",0.0121145559240785,-0.020734579033996,0.0691565972100437,-0.0741374929243634,-0.0034002297060593
"447",-0.00608593037569578,-0.0320771941598529,0.00579812175510114,-0.128215943943471,-0.0401452366809796
"448",-0.00249621508473684,-0.0273434589756516,0.0166802558831008,-0.115032639963688,-0.032048014535244
"449",0.0182863408283319,-0.0202756415680912,0.0684310610276089,-0.0935088514593417,-0.00676677279287301
"450",0.0171527465259238,-0.0243799448786619,0.0773786693866574,-0.107230249479115,-0.00926969461129893
"451",0.0262214946474424,-0.0172465593561853,0.0669801114476748,-0.115301713888386,-0.00983666678736347
"452",0.0225688144907308,-0.0191610426222787,-0.00774417255223218,-0.13736354262332,-0.035424985826775
"453",0.0138149473776906,-0.0271860918282585,-0.0527238796570478,-0.169380164907493,-0.0588687972537772
"454",0.0150744777093501,-0.0259928381569891,-0.105442009078499,-0.172608702242738,-0.072242267942219
"455",0.0272921240840978,-0.0182955901870816,-0.0662660757364331,-0.1384397037986,-0.0489273114095042
"456",0.0250249291815355,-0.021114861774444,-0.0718281350756353,-0.177182501582662,-0.0612751423128015
"457",0.0124924017983095,-0.0303462892894589,-0.113180455952122,-0.209199096962134,-0.0850583601013513
"458",0.0226947694132206,-0.0238029774627196,-0.0998799988532711,-0.175837293387387,-0.0692063750725392
"459",0.0158302261375272,-0.0260715125517003,-0.0967362624849203,-0.185522932297823,-0.073125120299229
"460",0.0051870162939018,-0.0385155810050661,-0.113905893906608,-0.207853834957454,-0.0887720733938067
"461",0.00550192879111078,-0.0346472982560618,-0.10108913578171,-0.212427634297379,-0.0856655348860099
"462",0.015956181060017,-0.0268451646431368,-0.030234075218614,-0.200320545302281,-0.0603609010260036
"463",0.0481376448629193,-0.0150829492487307,0.0401373845984775,-0.127946896923475,-0.0136887041777023
"464",0.0504048397654815,-0.0198822525478483,0.0142619820262234,-0.127139728958787,-0.0205887899287325
"465",0.0428475633093327,-0.0237505352968527,0.0285297142880434,-0.135749287408048,-0.0220306362768812
"466",0.0459964363715774,-0.0200789372233426,0.0229677040628153,-0.146780215227866,-0.0244737530042041
"467",0.0559468626527783,-0.0134438447220971,0.0440066325922759,-0.117723137068346,-0.0078033716363472
"468",0.036612782050596,-0.0180464436764661,0.00434714761817994,-0.156465854138302,-0.0333880920364982
"469",0.0183493119918307,-0.0234751565573929,-0.0524819933345911,-0.182563468887276,-0.0600428266968572
"470",-0.0339849583026759,-0.0261370609973622,-0.0800502563662231,-0.211889594066792,-0.0880154674332632
"471",-0.0240345194259827,-0.0206821355568455,-0.0749718960009731,-0.213772896302058,-0.0833653618214649
"472",-0.030143314273499,-0.016145086359422,-0.0469200076663502,-0.159963492302947,-0.0632929751505545
"473",-0.0287578290193497,-0.008565868339552,-0.0128225083604951,-0.126870735748195,-0.0442542353668979
"474",-0.028505912876624,-0.0113457830603044,-0.0449854573404121,-0.114763592943693,-0.0499001865552583
"475",-0.0390231489045213,-0.0173383583886621,-0.102298223596174,-0.141399247923253,-0.0750147447031527
"476",-0.0450060140205323,-0.0219934191781523,-0.101330972990192,-0.0526137582294207,-0.0552360411045744
"477",-0.0304582204729619,-0.0174957058668009,-0.0756973339554596,-0.0386232862849496,-0.040568636645043
"478",-0.0296395071790321,-0.0162893275577658,-0.0761810083724247,-0.0698327406044344,-0.0479856459284142
"479",-0.0235936771972685,-0.00884124576772816,-0.115598705252012,-0.104270786068568,-0.0630761035713942
"480",-0.0204448041350238,-0.00825115240273663,-0.123578989334118,-0.0711779487997102,-0.0558632236678971
"481",-0.0191852486123798,-0.00447466999749269,-0.11608235511199,-0.0590708598046121,-0.0497032833816187
"482",-0.0211375625064637,-0.00848719394484082,-0.108102071029885,-0.0714469958197058,-0.0522934558252238
"483",-0.0126355926429108,-0.00248151233668816,-0.0839194552460475,-0.0574566045893407,-0.0391232912037468
"484",-0.00520424591826727,0.00129498973781006,-0.0420835336235569,-0.0302828555697892,-0.0190689113434508
"485",-0.00551912692674561,-0.00578595361879954,-0.0756973339554596,-0.0477708849647986,-0.0336933248664508
"486",-0.0128875024878904,-0.00907726764057804,-0.187904789066003,-0.0687565256197502,-0.0696565212035554
"487",-0.0235306871405313,-0.0127095285167325,-0.247877666387125,-0.120682600478893,-0.101200120630821
"488",-0.0210116012862278,-0.0148469273758808,-0.255374251495278,-0.134134951478671,-0.106341932909015
"489",-0.0149657461134796,-0.0143224021258055,-0.247635829178643,-0.115301713888386,-0.0980564228265784
"490",-0.00451149384457344,-0.014755128343404,-0.223453213394805,-0.0657970353045011,-0.0771292177218209
"491",-0.00255920514147398,-0.0147813592609646,-0.226355112554673,-0.06768036444447,-0.0778440103503955
"492",-0.00709356345786795,-0.0180333373966711,-0.232158959988384,-0.0536899194047009,-0.077743945061906
"493",-0.026301714328545,-0.024615986420766,-0.254648764426818,-0.0784422452442923,-0.0960021776051053
"494",-0.0302692754937349,-0.0287596282399759,-0.249812290384024,-0.0563803896046565,-0.0913053959305979
"495",-0.0443132556490923,-0.0335851624566541,-0.274720368679335,-0.0746755869643545,-0.106823593437359
"496",-0.0495403849324185,-0.0362470655853398,-0.277622267839204,-0.0970064896239859,-0.115104051995237
"497",-0.0569717253593159,-0.0403251589588877,-0.276654992676235,-0.106692209248528,-0.120161021560742
"498",-0.0506739792348266,-0.0404694014685151,-0.26940019566259,-0.102118409908604,-0.115665496568634
"499",-0.045635776037489,-0.0324574572310466,-0.256341600329209,-0.0964683955839947,-0.107725807295435
"500",-0.0437464584978883,-0.0318673835353094,-0.252714189543893,-0.085975561804168,-0.103575898345315
"501",-0.0424869029752443,-0.0310281633289566,-0.25174686526695,-0.081670836388941,-0.101733191990023
"502",-0.0507999404550625,-0.0336769418198766,-0.267707408874173,-0.0714469958197058,-0.105907821742205
"503",-0.0471472351073664,-0.0341621298725964,-0.241590169093437,-0.0776351310890076,-0.100133666290602
"504",-0.0560900346041413,-0.0421609481610156,-0.260936261720506,-0.0961993485639992,-0.113846648262416
"505",-0.0438094359591332,-0.0301627108937596,-0.227564249483112,-0.0647208203198168,-0.0915643041639554
"506",-0.0361891568507549,-0.0257699028946799,-0.207976344204547,-0.0507304290894518,-0.0801664582598583
"507",-0.0330402963840025,-0.0209312833787446,-0.198786923194003,-0.0294756876051006,-0.0705585476404626
"508",-0.0269314763455017,-0.0142043918450224,-0.185486490652139,0.0119575803789175,-0.0536661946159363
"509",-0.0344258005313901,-0.0145059818327885,-0.189113876880468,0.0345574762491405,-0.0508720457488764
"510",-0.036252140609746,-0.0149911502162539,-0.189597526740446,0.0286384687139401,-0.0530505872131264
"511",-0.0476510673928178,-0.0176792855737838,-0.199512410262463,-0.019520920960563,-0.071090921047407
"512",-0.0439353971793691,-0.0155681176321961,-0.190564801903415,-0.0184447597852827,-0.0671282691250657
"513",-0.0406605628968885,-0.0103754462933735,-0.170735059416367,0.00119564576969111,-0.0551438557092344
"514",-0.0374487123733989,-0.00889368924487871,-0.148728904837911,-0.0149471216206384,-0.0525046070192068
"515",-0.0251051236716537,-0.00751683750865564,-0.11027850767828,-0.0028400326255403,-0.0364351253710323
"516",-0.0306471465589504,-0.0139028018572563,-0.141474107824266,0.00200281373437985,-0.0460053106265233
"517",-0.0305841816931978,-0.014060149335395,-0.155500051991578,0.0423598667337137,-0.0394461290716142
"518",-0.0276242347169416,-0.00903793044322245,-0.127931813516933,0.0980525998727943,-0.0166353447010757
"519",-0.0178627282239831,-0.00464512244414277,-0.0911742522596922,0.118500173392457,0.00120451761615967
"520",-0.0187444126814116,-0.00502540649587435,-0.115598705252012,0.105047822392679,-0.00858017550915485
"521",-0.0222711316178873,-0.00770041590435497,-0.141474107824266,0.137064444676852,-0.00859530266741407
"522",-0.0180516543099717,0.00533374591400244,-0.122611665057174,0.100204976032759,-0.00878114935509622
"523",-0.0092977934946776,0.00752358693901764,-0.106167471589973,0.110697782907884,0.000689026190562713
"524",-0.013076428573879,0.00684171421080359,-0.108585720889863,0.103971607407995,-0.00271220696123594
"525",-0.00866799998899029,0.00517637876660939,-0.122128015197196,0.130069195252266,0.00111238970817213
"526",-0.00677868244938961,0.0119032703003317,-0.101814573736196,0.140831076052088,0.0110352725417085
"527",-0.00570807820371867,0.0114967750002938,-0.113422293160605,0.078143120393123,-0.0073726189927266
"528",-0.0199409718495724,0.00551732562098538,-0.148245254977933,0.0380551144137847,-0.0311534466981838
"529",-0.0203818140782867,0.00604183120180642,-0.13567030950453,0.0229885081987354,-0.0317554460455687
"530",-0.0198150169270826,0.00615984148258954,-0.124546264497087,0.0442431958736825,-0.0234895610169743
"531",-0.0169810248733162,0.00781207195827238,-0.0996381616447886,0.0498932101982913,-0.0147284760903853
"532",-0.0145249101825115,0.00871684061028704,-0.0844031051060255,0.0515074654135627,-0.00967592731617182
"533",-0.0153436234764412,0.0073793457406739,-0.0868214035198899,0.0520455863582557,-0.0106850237243504
"534",-0.0260497981858193,0.00445516884103975,-0.115598705252012,0.0652288634333361,-0.0179911177908639
"535",-0.020885646363738,0.00973964052362277,-0.0594949776967405,0.107469245572639,0.0092070655089458
"536",-0.0103054328745959,0.0104346392008861,-0.0725536221440959,0.113926374052532,0.0103754895586817
"537",-0.0169810248733162,0.0116803547072767,-0.0776319579523588,0.0915954713929009,0.00216571081862565
"538",-0.00186644677003405,0.0185776986876491,-0.0406325594866357,0.115271582247808,0.0228375686696969
"539",0.00776909220494246,0.0268781266330888,0.0125692197947938,0.105316869412674,0.0381333270113749
"540",0.00783208226167961,0.0272583897042824,-0.00653508473776764,0.108814453767915,0.0343424602490273
"541",0.00323473388854846,0.0286221364719941,-0.00508411060084644,0.0932097266081723,0.0299956215919671
"542",0.0010935002062221,0.0265896429251176,-0.0399071215321491,0.130338269176963,0.0295285726940385
"543",-0.00136262078232876,0.0277042418709302,-0.0372470595807634,0.131683477372239,0.0301945097200193
"544",0.00833588935614648,0.0321232611183162,-0.0229793027619564,0.162623857767026,0.0450259263698832
"545",0.0136260023984637,0.0291728729703758,0.00869997180099541,0.15293821885659,0.0511092665066063
"546",0.0101622420299945,0.0280845049421238,0.0108764821203513,0.131683477372239,0.0452016766161772
"547",-0.0147138551617385,0.0191022239377245,-0.0507892556601486,0.107469245572639,0.0152670896721191
"548",-0.0180516543099717,0.0160993739546628,-0.049580143288697,0.0905192564082167,0.00974670819105268
"549",-0.0141470580105344,0.0231540863937118,-0.0549002917484555,0.130069195252266,0.0210439829717469
"550",-0.0128875024878904,0.0234425701016829,0.0391700603215345,0.143521546252044,0.0483116685468427
"551",-0.00847908020074786,0.0235343494649054,0.0718166591614293,0.000657605539103965,0.0218823834911727
"552",-0.00835311898051195,0.0230885182787956,0.0580326013165746,-0.0189828807299758,0.0134462799712206
"553",-4.01003939320955e-05,0.0238884012877927,0.0889863396970917,-0.0154852425653315,0.0243373495064052
"554",0.00638360695079314,0.0250161065134003,0.0976920617336834,0.0197599170540866,0.0372129230629909
"555",0.0107290454789447,0.0254226005021545,0.0899536639740347,0.00442423691433987,0.0326323867173684
"556",-0.0029370573134511,0.0242948965878306,0.078587757201122,-0.0130637924806695,0.021720450998708
"557",0.00449428941119246,0.0245833802958018,0.0889863396970917,-0.00714478494546925,0.0277298061146542
"558",-0.00394469039562327,0.0177122475637357,0.0558560909972187,-0.0429280386048785,0.00667390239011316
"559",-0.00224432413299564,0.0210035812547685,0.081005957387038,-0.0472327909248075,0.0131331058960009
"560",0.00348665003127418,0.0200987929334996,0.0672218749851962,-0.0466946699801144,0.0110281619924639
"561",0.00342365997453704,0.0187219411972765,0.0602089888509952,-0.0399684944802254,0.0105965238856458
"562",0.0116737136953642,0.0196398357983404,0.0669801114476748,-0.0477708849647986,0.0126306939941452
"563",0.0268512818553836,0.0258290958021924,0.082698891517377,-0.00795195291015789,0.0318568290661988
"564",0.0297482387749026,0.0237834959755209,0.144848180929907,-0.0114495372653981,0.046732594603733
"565",0.0297482387749026,0.0248980949213335,0.122358376491473,-0.0170995515900069,0.0399762896494256
"566",0.0439181675550036,0.0204135075590313,0.141462582796086,-0.0426589915848829,0.0407838165813096
"567",0.0237653736588915,0.0240195375176252,0.134341031994183,-0.0671422704044788,0.0287459181915552
"568",0.0351013103852263,0.0296318301055349,0.140480278757042,-0.0940469724040347,0.0277916117109421
"569",0.0327711569146574,0.0311397984023361,0.129184089270368,-0.0878588909441369,0.0263090384108062
"570",0.0351643067397095,0.032044586723605,0.115186631208036,-0.0738684459043678,0.0271317696917457
"571",0.0352272716054622,0.0307333031022982,0.0918574689521844,-0.0846302997994882,0.0182969359651141
"572",0.0288665606152202,0.0291466420528151,0.0714752188134662,-0.0921636432640658,0.00933119455435893
"573",0.0281738022437802,0.0342999971748201,0.0938220770302734,-0.0916255223193727,0.0161675885323752
"574",0.0196718575712118,0.0266421047602389,0.0417612890382149,-0.0830160445842168,0.00126480169636221
"575",0.0231985765076875,0.0301956728837115,0.0476549168165856,-0.0698327406044344,0.00780410640088754
"576",0.0276070050925762,0.0325166501385591,0.0429891138337997,-0.0558422955646654,0.0118176183750674
"577",0.02829975716627,0.0317167658182783,0.033902954953807,-0.0415828304096027,0.0130841618821882
"578",0.0390689030391468,0.0296711673028905,0.0483915773141547,-0.0294756876051006,0.0219139900127729
"579",0.0461853624575659,0.0321757032841831,0.0793334301129389,-0.0179066657452916,0.0349469575273491
"580",0.045492604086126,0.0300514303740841,0.0628801996745022,-0.031089942820372,0.0268335728285851
"581",0.04605940123733,0.0329493763561576,0.063371363972518,-0.0544970604646876,0.0219707702753295
"582",0.0502788785452457,0.0319134504937726,0.063371363972518,-0.0854374677641768,0.0150315563118399
"583",0.0645747685455826,0.0317167658182783,0.0017333755873862,-0.0757517481396348,0.00556829045290309
"584",0.0706835885840834,0.029920313813506,0.0191688118369192,-0.0770970101443145,0.0106689260225485
"585",0.0669679183706347,0.0348245027556411,0.0221156257261045,-0.0483090059094917,0.0188997602357222
"586",0.0652045557535238,0.0362406903779361,0.0331662698992511,-0.0528828052494162,0.0204321776953237
"587",0.0735175806378498,0.0425610879229041,0.0628801996745022,-0.0305519025897848,0.0371017414113678
"588",0.0557579365667898,0.0334214384598281,0.031692924347126,-0.0364709101249852,0.0211003473121897
"589",0.0388799769531583,0.0244915812633249,-0.0279805541878649,-0.0612232359645765,-0.00645805798398957
"590",0.0369906594135576,0.0220788233339712,-0.0363299543423404,-0.0512684693200389,-0.00713223522871264
"591",0.0347234645109953,0.0213576134084016,-0.0490995876090876,-0.0528828052494162,-0.0114753287347767
"592",0.0319524373229816,0.0199938876212278,-0.130628833733831,-0.0725232108043901,-0.0378014298985029
"593",0.0119256046471054,0.00951672493056786,-0.158623774415482,-0.116915969103657,-0.0635243534853664
"594",0.0246470581163201,0.0158502261327636,-0.134557951662061,-0.079249386304279,-0.043327513429314
"595",0.0277959311785647,0.0194693820404068,-0.108281975517024,-0.0824779236395237,-0.035873646484394
"596",0.0274180790065876,0.0168074776004374,-0.114912312906938,-0.0601470209798923,-0.0327084443199512
"597",0.0148855516233616,0.0089397758725963,-0.156413645580852,-0.0644517732998212,-0.0492600228461789
"598",0.0019751783659045,-0.00275689107614797,-0.169919963902156,-0.116108801138969,-0.0717026194378419
"599",0.0077061273391898,0.000888476079801479,-0.157887040246952,-0.0961993485639992,-0.0613729463479899
"600",0.00632061689405599,-0.00514341677665746,-0.169919963902156,-0.12471835958823,-0.0733652808432469
"601",-0.00419660653834899,-0.00885435204752313,-0.187846613563678,-0.122834976638858,-0.080933137197102
"602",-0.00407065161585918,-0.01016563566883,-0.203071920978582,-0.129561152138747,-0.0867173401005044
"603",0.00411641204823086,-0.0104147821794455,-0.171393432239216,-0.130906414143426,-0.0771495541284642
"604",0.00978439615576354,-0.0134700756396578,-0.148309839853878,-0.137632589643315,-0.072407027245272
"605",0.0139409085979265,-0.0153189711215806,-0.153712352448207,-0.146511141303169,-0.0754003890687576
"606",0.012303482010067,-0.0176924102115495,-0.165008591048855,-0.152699222763067,-0.080774185503351
"607",0.0027309016030971,-0.0168400640561474,-0.16697315001297,-0.163192029638191,-0.086068585526053
"608",0.0203016195881685,-0.0112802346146426,-0.113193348370324,-0.156465854138302,-0.0651594543837751
"609",0.0171527465259238,-0.0145584436679097,-0.115157907334439,-0.16050161324764,-0.0682663044310161
"610",0.017026791603434,-0.014755128343404,-0.111474359276723,-0.154044430958342,-0.065811781743759
"611",0.0300001549176282,-0.0111753293023707,-0.0920743149491015,-0.143013503138524,-0.0540657481180921
"612",0.0329600767028999,-0.00380590223778998,-0.0667806428431088,-0.131713528298711,-0.0423349991691775
"613",0.036612782050596,-0.000134323833534254,-0.0589224315436362,-0.135749287408048,-0.0395483151836557
"614",0.0397616551128407,-0.00355677539642875,-0.0657983388040643,-0.126063567783506,-0.0389142567177897
"615",0.0487044420141233,-0.00317649134469718,-0.0643249441379652,-0.124449312568235,-0.0358115765091935
"616",0.04605940123733,-0.00610064857507698,-0.0800413912938976,-0.123373097583551,-0.0408639340537988
"617",0.0465002434660442,-0.00372722784307884,-0.0837249884655871,-0.121220721423586,-0.040543173566552
"618",0.0626224798424832,0.003615948634687,-0.0375578773658733,-0.113149337728421,-0.0211171966542811
"619",0.073265664495124,0.00355040018902509,-0.0353477485312441,-0.111266008588453,-0.0174494231088869
"620",0.0840977941269919,0.00720887231348589,-0.0117729672909039,-0.111535001799044,-0.00800032566236753
"621",0.0764145375573687,0.00629097771242196,-0.0139830961255331,-0.108844585408492,-0.0100305415660587
"622",0.0715652667437658,0.0070121876379916,-0.00317804637988818,-0.116915969103657,-0.010379140275447
"623",0.0605442110259094,0.00399623137513496,-0.0240514608166222,-0.122565929618862,-0.0205192370086099
"624",0.0687312809877456,0.00817922874967107,0.0208877763735328,-0.124987352798822,-0.00679726667196813
"625",0.0772962157170511,0.0106837660422473,0.0420068097947552,-0.116646922083662,0.00333496736759801
"626",0.0792485296111351,0.00878240872520325,0.0370953878274808,-0.120144560248306,0.00124544147887831
"627",0.102802081223487,0.0161256048722234,0.0599334103423039,-0.11987551322831,0.0147463958024259
"628",0.111115106107813,0.0166501104530444,0.0609156898243615,-0.128754064888164,0.0149817103742637
"629",0.109729620853664,0.0156273105397087,0.0233435487496374,-0.134673072423364,0.0035068519299114
"630",0.106832663934145,0.0138308585349364,0.0179409624843474,-0.129292105118751,0.00232809495866937
"631",0.0983936841273289,0.00747112510389639,0.002224515328415,-0.13601828061864,-0.00698223901474991
"632",0.102109354340778,0.00793008223905553,0.00713593729568938,-0.124180238643537,-0.00175121619200371
"633",0.099401317209501,0.00547796875437548,0.00983713220038625,-0.141399247923253,-0.00667070743974758
"634",0.0985826039155713,0.0049796940911151,-0.000231232490702842,-0.154851598923031,-0.0128801333517619
"635",0.0991494010667754,0.00828413406194287,0.0036978854375271,-0.160232566227644,-0.0122752864153497
"636",0.102424235349256,0.0140931113253469,0.00247003608495534,-0.154582551903035,-0.00889879228586932
"637",0.100220011610192,0.0149978996466159,-0.0147198548510503,-0.133865904458675,-0.00834196201322939
"638",0.0801302077708175,0.0158240148844573,-0.0488540668525472,-0.137901663568013,-0.0227003769413213
"639",0.0802561626933073,0.013175216724283,-0.020613482629421,-0.131982575318707,-0.0147911696326343
"640",0.0880653552921818,0.0134243632348985,0.0189232665233919,-0.135749287408048,-0.00383407558939404
"641",0.0898917079660299,0.0147487531360003,0.00689031831120091,-0.133327864228088,-0.00544927120371431
"642",0.0964413702332449,0.0201118979020109,0.0412701247401993,-0.110458840623764,0.0118411380629228
"643",0.103620800815163,0.0208724450249361,0.033902954953807,-0.112073122743737,0.0115807695125422
"644",0.0776740930800127,0.0190628670711146,0.0361130837884364,-0.0964683955839947,0.00909541208889224
"645",0.0795634106196134,0.0209642440574129,0.0125384007760443,-0.0937778984793372,0.00482203924343336
"646",0.0718171828864915,0.0187088349174815,0.002224515328415,-0.0857065147841724,0.00176100458705391
"647",0.075595824263439,0.0148798893658327,0.00443464416304438,-0.0846302997994882,0.00257001449820699
"648",0.0776740930800127,0.0135817120243209,-0.00784384936267391,-0.0760208220643323,0.00184778341933184
"649",0.0553170943380755,0.00379952703038632,-0.0626059550443647,-0.0655279882845055,-0.0172543304901021
"650",0.0509086720509329,-0.00229793394098883,-0.0805325555919133,-0.0566494366246521,-0.0221428135266553
"651",0.0276699699583288,-0.0119096455077354,-0.122279458136343,-0.0787112922642878,-0.0463076064875092
"652",0.0330860379231358,-0.00697922564803967,-0.115403477204953,-0.0843613065888966,-0.0434144928796885
"653",0.0293073965461883,-0.00469758559054764,-0.110737625108193,-0.0797875072489721,-0.0414788303503812
"654",0.0395727290268521,-0.000698166611710849,-0.0739021445310385,-0.0614923098892741,-0.0241299730012928
"655",0.0418398987384299,-0.00476315370546385,-0.0662895031020801,-0.0671422704044788,-0.0240887571183982
"656",0.042406695889634,-0.00451400588356466,-0.0712009250693545,-0.0735993719796702,-0.0267269017607389
"657",0.0614258954833379,0.00167525412028733,-0.0424692011051996,-0.0353946951403009,-0.00369068666046882
"658",0.0472559667032368,-0.000907975924970796,-0.0741477389585398,-0.0413137833896072,-0.0172783828924702
"659",0.0507197459649444,0.00553043058949673,-0.0569578725795212,-0.0329732719603409,-0.00842024199635525
"660",0.0601663651516784,0.0155355311764862,-0.0294540225249252,-0.0023019385855491,0.0109864838044226
"661",0.0763515726916161,0.0203610457239101,0.00418902517855591,0.0127646945342022,0.0284165845320711
"662",0.0806340400562689,0.0189579827393807,-0.0316641513595545,0.023257501409327,0.0227963432113555
"663",0.0408952494152488,0.0163747513828389,-0.0203679618728807,0.134912068516888,0.0429535268605237
"664",0.0313856401717776,0.0120081756126035,-0.0343654444921995,0.147826298571973,0.0392136674660386
"665",0.0196718575712118,0.00234400089945211,-0.0603958262097354,0.118231126372461,0.0199627896583474
"666",0.0234504926504132,0.00412734793571304,-0.0382945378634425,0.148364419516666,0.0344119305598374
"667",0.0307558781548208,0.00452073695595596,-0.0269983483767686,0.15535964203655,0.0409094771926396
"668",0.0346604744542581,0.00619917867994512,0.0157308336497181,0.156973897251822,0.0533910960089358
"669",0.0488933932910963,0.0131883230040779,0.036604248086452,0.229078525515333,0.0819411224742399
"670",0.0534277516074903,0.0160993739546628,0.0611612351378886,0.206478548931005,0.0842917274077616
"671",0.0463742822458084,0.0126638174232569,0.0464270674640138,0.219392805890791,0.0812144932559676
"672",0.053112870599012,0.0151814793535988,-0.0117729672909039,0.239571332390458,0.0740231787630413
"673",0.0624335348632562,0.0212264968478234,0.0542853033204735,0.26297839622537,0.100230932814231
"674",0.0711244308127977,0.018276108699883,0.0447081029274002,0.265937940350023,0.100011645697526
"675",0.0681644775387954,0.0197054039132566,0.0491283605966588,0.265937940350023,0.100734045599683
"676",0.0541835000356674,0.0160469304775122,0.0240802092472066,0.262440275280677,0.0891877287602658
"677",0.0593476518577487,0.0174893306593972,0.0326751301582223,0.311406832919869,0.105229736398809
"678",0.0614258954833379,0.0203086022467595,0.00787262235024534,0.297685488709499,0.0968231521974604
"679",0.0664641112761678,0.0215280868355895,0.0299738370255773,0.290690319999019,0.102164088784088
"680",0.0703057175188679,0.0187744030323977,0.0297283162690369,0.259211764850134,0.0945050504176092
"681",0.0659602789907164,0.0213051712425346,0.0221156257261045,0.278045056249823,0.0968565330522947
"682",0.0671568444566233,0.0226164548638415,0.0294827955124966,0.249526045225592,0.0921955350146383
"683",0.066716002227909,0.023219654508628,0.0508473496902594,0.256252220725481,0.0992588067880693
"684",0.0602293300174311,0.0259077701969036,0.0243257545607337,0.241723762359827,0.0880466542837238
"685",0.050215913679493,0.0186563730823603,0.0105738909259035,0.234728486030538,0.0785436659295738
"686",0.0301890810036168,0.0115361121976494,-0.0370667130678577,0.158588179371795,0.0408116648763009
"687",0.0407692944927589,0.018236772813811,-0.0220869509664812,0.192488103891236,0.0573518050578311
"688",0.0412731267782104,0.0160600367573072,-0.0282261977293404,0.203250038500462,0.0580892510766598
"689",0.0327711569146574,0.00423225324798484,-0.0753756128680987,0.166390569856368,0.032004591787728
"690",0.0341566673597912,0.00587135777461841,-0.0812692652034564,0.191680989735951,0.037609937416726
"691",0.0344085835025169,0.00314388521973289,-0.0697274567322942,0.205940454891013,0.0434413667202423
"692",0.0299371648608911,0.00395689417777937,-0.0414869952941033,0.201635702571085,0.0485106915789129
"693",0.0410841755012373,0.00882174592255884,-0.023314775762066,0.211321422195627,0.0594781419643392
"694",0.0421548049378928,0.00994944983688276,-0.0218413074250058,0.222083222281343,0.0630865424077782
"695",0.0417769338726772,0.00730067134596273,-0.032646455398599,0.176883376731493,0.0483286316378835
"696",0.0215611751108125,-0.00107844935215881,-0.0613780811348058,0.16558340189168,0.0311720116288819
"697",0.030252071060354,0.00319634705485414,-0.0468894587744582,0.179842920856146,0.041600470049224
"698",0.0396357001903509,0.00435028319802229,-0.0269983483767686,0.184147673176075,0.0502838270469199
"699",0.0487674320708605,0.0133587951199823,-0.0117729672909039,0.208899999015667,0.0648133147289014
"700",0.0466261983885341,0.0110247128966233,-0.0036692106779038,0.208361878070974,0.0655858946695568
"701",0.0517903502106153,0.0164402998285008,0.00517132921760034,0.237957023365783,0.0778397506556249
"702",0.04605940123733,0.0188399514780596,0.0172043019867783,0.232576163679978,0.0786699545955364
"703",0.0301890810036168,0.0184859193244266,0.00738145805222972,0.244952299695072,0.0752521895188362
"704",0.0234504926504132,0.00836280845665405,-0.029945162265954,0.222890444055436,0.0561896457241372
"705",0.0275440402268235,0.0141193422429075,0.00247003608495534,0.239571332390458,0.0709261877362862
"706",0.0240172898016173,0.0093593761411455,-0.0198767975748651,0.249526045225592,0.0657564783983724
"707",0.0250878940472882,0.00939871333850109,-0.0201223428883922,0.279928385389792,0.0735731624717973
"708",0.0261585234839436,0.0128473958189563,-0.00808946834716238,0.39992332940311,0.107709945089712
"709",0.0393208128841264,0.0151552484360382,-0.00759830404914676,0.423599494067421,0.11761931283461
"710",0.04605940123733,0.0208855513047311,0.0122928800195039,0.470413729356052,0.137412890479404
"711",0.0416509726524414,0.0185383614902935,-0.00342356713642834,0.414451895387572,0.11780441559847
"712",0.0417769338726772,0.0193775830079299,-0.0159477042036221,0.424675709052105,0.117470630432272
"713",0.0393208128841264,0.0182498777823224,-0.0188945180928074,0.424675709052105,0.115837970406437
"714",0.0403914234275435,0.0179745200234005,0.00860928284781449,0.441087604176536,0.127015707618824
"715",0.0459334463148402,0.0222099595638036,0.0916119236386572,0.469068413541968,0.157205935764817
"716",0.0325822308286689,0.0252390221064552,0.0771233012783095,0.495973115541524,0.157729417438739
"717",0.0297482387749026,0.0280713999736125,0.071966358554495,0.494897008175648,0.156170751369664
"718",0.0325822308286689,0.0313496090268796,0.119606888877295,0.490054134911026,0.168398215910967
"719",0.0327711569146574,0.032005250837533,0.110766348981791,0.487901731846359,0.165861122145085
"720",0.0390689030391468,0.0314151771417958,0.110766348981791,0.452656518417537,0.158476736895068
"721",0.045492604086126,0.0317561030156339,0.0984878554560723,0.443239926527096,0.154744122271232
"722",0.0396357001903509,0.025868432999548,0.0859638411738137,0.446468463862341,0.149484109556513
"723",0.0386280608104325,0.0262880529373515,0.0682827859397924,0.436513751027207,0.142428162678696
"724",0.0462483273233186,0.0298154085012342,0.0994701594951169,0.475256468097164,0.162697590854208
