Date_,retweet_count_sum,favorite_count_sum,is_retweet_sum,num_words_sum,num_hashtags_sum,num_mentions_sum,year_sum,month_sum,hour_sum,minute_sum
2017-01-20,362593,1588729,1588729,181.0,3.0,0.0,22187.0,11.0,184.0,472.0
2017-01-21,103818,467521,467521,67.0,0.0,2.0,6051.0,3.0,38.0,163.0
2017-01-22,184236,949408,949408,91.0,0.0,0.0,8068.0,4.0,50.0,156.0
2017-01-23,26750,177839,177839,24.0,0.0,0.0,2017.0,1.0,11.0,38.0
2017-01-24,86707,495813,495813,79.0,1.0,1.0,8068.0,4.0,61.0,122.0
2017-01-25,240014,1112361,1112361,166.0,0.0,5.0,16136.0,8.0,64.0,169.0
2017-01-26,194173,970602,970602,188.0,0.0,16.0,22187.0,11.0,127.0,354.0
2017-01-27,168114,841537,841537,107.0,2.0,0.0,14119.0,7.0,123.0,154.0
2017-01-28,83334,465730,465730,95.0,1.0,5.0,10085.0,5.0,76.0,120.0
2017-01-29,226253,968933,968933,130.0,0.0,3.0,14119.0,7.0,129.0,172.0
2017-01-30,217651,1077062,1077062,166.0,0.0,0.0,14119.0,7.0,97.0,167.0
2017-01-31,97752,459100,459100,74.0,0.0,0.0,6051.0,3.0,22.0,93.0
2017-02-01,117869,659762,659762,68.0,0.0,1.0,8068.0,8.0,16.0,127.0
2017-02-02,241111,1042808,1042808,176.0,0.0,1.0,16136.0,16.0,78.0,219.0
2017-02-03,268276,1106263,1106263,142.0,0.0,0.0,14119.0,14.0,90.0,234.0
2017-02-04,291103,1370895,1370895,191.0,0.0,1.0,18153.0,18.0,132.0,274.0
2017-02-05,133725,671274,671274,115.0,2.0,2.0,12102.0,12.0,82.0,259.0
2017-02-06,160495,705010,705010,118.0,0.0,3.0,12102.0,12.0,82.0,136.0
2017-02-07,117832,534056,534056,126.0,2.0,2.0,10085.0,10.0,44.0,122.0
2017-02-08,241568,1124028,1124028,217.0,0.0,2.0,22187.0,22.0,169.0,294.0
2017-02-09,187485,875315,875315,161.0,0.0,2.0,16136.0,16.0,102.0,283.0
2017-02-10,81639,356367,356367,58.0,1.0,1.0,6051.0,6.0,49.0,74.0
2017-02-11,139353,863381,863381,206.0,0.0,2.0,18153.0,18.0,161.0,161.0
2017-02-12,166465,813482,813482,174.0,1.0,2.0,18153.0,18.0,105.0,215.0
2017-02-13,40660,244511,244511,49.0,0.0,3.0,6051.0,6.0,49.0,162.0
2017-02-14,91482,459057,459057,103.0,2.0,3.0,12102.0,12.0,82.0,234.0
2017-02-15,259443,991177,991177,189.0,1.0,8.0,22187.0,22.0,170.0,339.0
2017-02-16,131743,657803,657803,120.0,0.0,1.0,12102.0,12.0,85.0,187.0
2017-02-17,153317,761912,761912,162.0,0.0,8.0,16136.0,16.0,125.0,239.0
2017-02-18,68413,384527,384527,71.0,0.0,0.0,8068.0,8.0,46.0,110.0
2017-02-19,26224,112115,112115,23.0,0.0,1.0,2017.0,2.0,21.0,57.0
2017-02-20,99441,489861,489861,51.0,0.0,0.0,8068.0,8.0,68.0,81.0
2017-02-21,65769,319131,319131,40.0,0.0,0.0,6051.0,6.0,43.0,107.0
2017-02-22,28352,195970,195970,51.0,0.0,0.0,4034.0,4.0,24.0,70.0
2017-02-23,10563,56246,56246,10.0,0.0,0.0,2017.0,2.0,22.0,53.0
2017-02-24,100654,510786,510786,96.0,0.0,0.0,12102.0,12.0,54.0,127.0
2017-02-25,205912,872943,872943,153.0,0.0,3.0,14119.0,14.0,102.0,147.0
2017-02-26,81258,415491,415491,88.0,0.0,1.0,8068.0,8.0,60.0,104.0
2017-02-27,30062,160141,160141,34.0,0.0,1.0,4034.0,4.0,38.0,54.0
2017-02-28,11039,82888,82888,10.0,0.0,1.0,2017.0,2.0,2.0,43.0
2017-03-01,44919,302549,302549,13.0,3.0,0.0,6051.0,9.0,15.0,110.0
2017-03-02,37270,175684,175684,24.0,0.0,0.0,2017.0,3.0,11.0,0.0
2017-03-03,278109,1130917,1130917,239.0,0.0,2.0,26221.0,39.0,168.0,395.0
2017-03-04,261911,876769,876769,168.0,0.0,0.0,14119.0,21.0,80.0,225.0
2017-03-05,92413,394988,394988,62.0,0.0,1.0,6051.0,9.0,39.0,102.0
2017-03-06,76408,361685,361685,68.0,0.0,1.0,8068.0,12.0,86.0,111.0
2017-03-07,157287,768373,768373,178.0,0.0,4.0,16136.0,24.0,83.0,230.0
2017-03-08,105882,546486,546486,111.0,1.0,3.0,12102.0,18.0,80.0,154.0
2017-03-09,59995,235193,235193,74.0,0.0,4.0,8068.0,12.0,75.0,61.0
2017-03-10,25793,42988,42988,37.0,1.0,3.0,6051.0,9.0,41.0,117.0
2017-03-11,16563,103623,103623,22.0,0.0,0.0,2017.0,3.0,14.0,39.0
2017-03-12,6868,0,0,24.0,0.0,1.0,2017.0,3.0,12.0,36.0
2017-03-13,60700,318317,318317,96.0,1.0,3.0,10085.0,15.0,84.0,194.0
2017-03-14,37082,162006,162006,17.0,0.0,0.0,4034.0,6.0,31.0,12.0
2017-03-15,132889,611390,611390,136.0,2.0,4.0,14119.0,21.0,98.0,193.0
2017-03-16,86423,423264,423264,107.0,2.0,5.0,14119.0,21.0,103.0,224.0
2017-03-17,92247,256163,256163,138.0,2.0,9.0,18153.0,27.0,111.0,210.0
2017-03-18,40527,182202,182202,47.0,0.0,0.0,4034.0,6.0,26.0,38.0
2017-03-19,7472,36626,36626,5.0,1.0,0.0,2017.0,3.0,20.0,20.0
2017-03-20,119325,559760,559760,148.0,1.0,0.0,14119.0,21.0,96.0,153.0
2017-03-21,50592,246213,246213,65.0,3.0,2.0,8068.0,12.0,54.0,65.0
2017-03-22,13100,89890,89890,6.0,0.0,0.0,2017.0,3.0,13.0,9.0
2017-03-23,122618,448482,448482,138.0,4.0,3.0,14119.0,21.0,68.0,100.0
2017-03-24,59075,286263,286263,87.0,1.0,0.0,8068.0,12.0,58.0,99.0
2017-03-25,68203,341364,341364,55.0,1.0,2.0,8068.0,12.0,63.0,144.0
2017-03-26,15590,64422,64422,24.0,0.0,0.0,2017.0,3.0,12.0,21.0
2017-03-27,21319,108475,108475,23.0,0.0,0.0,2017.0,3.0,1.0,4.0
2017-03-28,159482,676408,676408,197.0,2.0,6.0,20170.0,30.0,104.0,329.0
2017-03-29,54977,267798,267798,78.0,0.0,2.0,8068.0,12.0,68.0,119.0
2017-03-30,84236,390861,390861,162.0,2.0,10.0,18153.0,27.0,157.0,154.0
2017-03-31,97595,447983,447983,130.0,5.0,1.0,16136.0,24.0,118.0,253.0
2017-04-01,117983,443707,443707,178.0,2.0,6.0,16136.0,32.0,126.0,218.0
2017-04-02,51352,236181,236181,62.0,0.0,0.0,6051.0,12.0,38.0,93.0
2017-04-03,152386,626348,626348,156.0,2.0,5.0,16136.0,32.0,96.0,256.0
2017-04-04,38472,136232,136232,47.0,3.0,1.0,8068.0,16.0,70.0,118.0
2017-04-05,13159,67325,67325,17.0,0.0,0.0,2017.0,4.0,21.0,18.0
2017-04-06,33767,144125,144125,25.0,1.0,4.0,4034.0,8.0,20.0,42.0
2017-04-07,15195,0,0,22.0,0.0,1.0,2017.0,4.0,23.0,22.0
2017-04-08,75422,414178,414178,108.0,0.0,0.0,10085.0,20.0,80.0,213.0
2017-04-09,25997,134250,134250,25.0,0.0,0.0,4034.0,8.0,30.0,41.0
2017-04-10,47031,240826,240826,42.0,2.0,1.0,6051.0,12.0,45.0,150.0
2017-04-11,99703,320186,320186,113.0,1.0,2.0,10085.0,20.0,66.0,196.0
2017-04-12,79658,419013,419013,119.0,1.0,2.0,12102.0,24.0,94.0,142.0
2017-04-13,96496,439881,439881,91.0,0.0,0.0,8068.0,16.0,45.0,77.0
2017-04-14,30575,33563,33563,35.0,0.0,3.0,6051.0,12.0,44.0,105.0
2017-04-16,110103,529906,529906,86.0,0.0,0.0,10085.0,20.0,63.0,103.0
2017-04-17,106402,436430,436430,129.0,0.0,2.0,16136.0,32.0,106.0,227.0
2017-04-18,89537,384159,384159,139.0,1.0,3.0,14119.0,28.0,80.0,283.0
2017-04-19,54488,252289,252289,67.0,2.0,2.0,8068.0,16.0,53.0,109.0
2017-04-20,47604,220190,220190,87.0,1.0,3.0,8068.0,16.0,54.0,150.0
2017-04-21,75978,290714,290714,100.0,0.0,2.0,10085.0,20.0,63.0,119.0
2017-04-22,109974,462221,462221,184.0,0.0,5.0,20170.0,40.0,121.0,216.0
2017-04-23,89291,409404,409404,139.0,0.0,1.0,14119.0,28.0,110.0,221.0
2017-04-24,65447,319698,319698,121.0,3.0,2.0,14119.0,28.0,107.0,137.0
2017-04-25,63801,276742,276742,98.0,0.0,1.0,10085.0,20.0,75.0,172.0
2017-04-26,110053,482568,482568,183.0,1.0,3.0,18153.0,36.0,137.0,284.0
2017-04-27,150479,651292,651292,227.0,1.0,4.0,24204.0,48.0,178.0,434.0
2017-04-28,53260,201124,201124,81.0,0.0,3.0,8068.0,16.0,69.0,84.0
2017-04-29,63080,212117,212117,100.0,3.0,3.0,10085.0,20.0,53.0,190.0
2017-04-30,69384,338122,338122,101.0,0.0,1.0,10085.0,20.0,59.0,107.0
2017-05-01,15244,73550,73550,36.0,1.0,0.0,4034.0,10.0,39.0,59.0
2017-05-02,47067,210453,210453,89.0,0.0,0.0,8068.0,20.0,47.0,71.0
2017-05-03,54701,234451,234451,91.0,1.0,3.0,8068.0,20.0,47.0,115.0
2017-05-04,111694,436953,436953,192.0,1.0,3.0,20170.0,50.0,132.0,267.0
2017-05-05,119160,570926,570926,184.0,1.0,1.0,20170.0,50.0,159.0,298.0
2017-05-06,11079,63688,63688,24.0,0.0,0.0,2017.0,5.0,22.0,39.0
2017-05-07,88946,254340,254340,136.0,1.0,3.0,12102.0,30.0,86.0,198.0
2017-05-08,122742,469506,469506,200.0,1.0,5.0,20170.0,50.0,164.0,391.0
2017-05-09,19881,97331,97331,34.0,0.0,0.0,4034.0,10.0,38.0,57.0
2017-05-10,186530,659674,659674,235.0,1.0,3.0,22187.0,55.0,124.0,320.0
2017-05-11,140875,453597,453597,88.0,0.0,0.0,12102.0,30.0,98.0,226.0
2017-05-12,170309,690372,690372,189.0,1.0,2.0,18153.0,45.0,124.0,295.0
2017-05-13,34977,165563,165563,38.0,1.0,3.0,8068.0,20.0,52.0,189.0
2017-05-14,21966,135259,135259,21.0,1.0,1.0,2017.0,5.0,15.0,13.0
2017-05-15,11326,55356,55356,15.0,1.0,0.0,2017.0,5.0,19.0,54.0
2017-05-16,108190,436968,436968,99.0,1.0,1.0,12102.0,30.0,70.0,113.0
2017-05-17,13549,69370,69370,19.0,1.0,1.0,2017.0,5.0,20.0,36.0
2017-05-18,91830,326985,326985,78.0,0.0,0.0,8068.0,20.0,58.0,143.0
2017-05-19,40612,201046,201046,33.0,2.0,0.0,6051.0,15.0,38.0,43.0
2017-05-20,117398,183428,183428,39.0,1.0,0.0,4034.0,10.0,24.0,94.0
2017-05-21,49081,105991,105991,32.0,5.0,1.0,6051.0,15.0,48.0,113.0
2017-05-22,34502,67115,67115,24.0,0.0,4.0,4034.0,10.0,33.0,27.0
2017-05-23,87056,391964,391964,75.0,2.0,2.0,8068.0,20.0,57.0,152.0
2017-05-24,36158,168589,168589,34.0,0.0,0.0,4034.0,10.0,32.0,31.0
2017-05-25,47981,178907,178907,59.0,5.0,2.0,8068.0,20.0,73.0,137.0
2017-05-26,57458,273700,273700,82.0,0.0,1.0,8068.0,20.0,60.0,92.0
2017-05-27,84624,405731,405731,129.0,2.0,1.0,14119.0,35.0,96.0,152.0
2017-05-28,122727,583118,583118,236.0,3.0,0.0,24204.0,60.0,155.0,458.0
2017-05-29,137319,609551,609551,142.0,1.0,0.0,12102.0,30.0,48.0,127.0
2017-05-30,78473,255775,255775,107.0,1.0,2.0,10085.0,25.0,62.0,104.0
2017-05-31,341536,928518,928518,167.0,0.0,1.0,18153.0,45.0,112.0,180.0
2017-06-01,103140,423196,423196,89.0,1.0,1.0,10085.0,30.0,53.0,103.0
2017-06-02,132358,244894,244894,148.0,5.0,10.0,20170.0,60.0,99.0,275.0
2017-06-03,139832,498739,498739,73.0,1.0,1.0,8068.0,24.0,88.0,77.0
2017-06-04,190640,579015,579015,69.0,0.0,0.0,6051.0,18.0,33.0,93.0
2017-06-05,145922,602356,602356,184.0,0.0,0.0,16136.0,48.0,107.0,289.0
2017-06-06,314440,736268,736268,235.0,1.0,2.0,20170.0,60.0,109.0,361.0
2017-06-07,83139,380417,380417,91.0,1.0,6.0,10085.0,30.0,24.0,118.0
2017-06-09,132785,506820,506820,127.0,1.0,4.0,14119.0,42.0,106.0,224.0
2017-06-10,41686,174932,174932,40.0,2.0,0.0,4034.0,12.0,21.0,90.0
2017-06-11,98698,396680,396680,85.0,4.0,0.0,8068.0,24.0,48.0,123.0
2017-06-12,102790,430663,430663,123.0,1.0,5.0,16136.0,48.0,72.0,214.0
2017-06-13,180165,680291,680291,197.0,1.0,4.0,20170.0,60.0,125.0,332.0
2017-06-14,81877,372848,372848,74.0,1.0,2.0,8068.0,24.0,30.0,158.0
2017-06-15,236246,866378,866378,137.0,3.0,3.0,14119.0,42.0,104.0,344.0
2017-06-16,165054,675605,675605,131.0,1.0,0.0,14119.0,42.0,107.0,199.0
2017-06-17,47201,191153,191153,64.0,1.0,2.0,6051.0,18.0,16.0,69.0
2017-06-18,120815,403996,403996,147.0,1.0,3.0,14119.0,42.0,115.0,224.0
2017-06-19,126627,457747,457747,208.0,6.0,8.0,26221.0,78.0,253.0,492.0
2017-06-20,106159,381696,381696,143.0,0.0,2.0,12102.0,36.0,62.0,227.0
2017-06-21,159452,773522,773522,164.0,1.0,3.0,18153.0,54.0,69.0,281.0
2017-06-22,248218,997171,997171,259.0,2.0,1.0,26221.0,78.0,222.0,327.0
2017-06-23,80468,349420,349420,94.0,1.0,4.0,14119.0,42.0,68.0,169.0
2017-06-24,162714,612443,612443,114.0,0.0,0.0,12102.0,36.0,93.0,239.0
2017-06-25,31451,137079,137079,29.0,0.0,1.0,4034.0,12.0,24.0,7.0
2017-06-26,171433,623893,623893,198.0,1.0,4.0,18153.0,54.0,128.0,252.0
2017-06-27,237096,713958,713958,264.0,2.0,11.0,28238.0,84.0,148.0,364.0
2017-06-28,127489,498026,498026,188.0,2.0,5.0,18153.0,54.0,149.0,214.0
2017-06-29,224361,948336,948336,231.0,5.0,5.0,26221.0,78.0,222.0,435.0
2017-06-30,146187,606306,606306,158.0,0.0,1.0,14119.0,42.0,93.0,301.0
2017-07-01,292488,1176332,1176332,216.0,6.0,5.0,22187.0,77.0,193.0,234.0
2017-07-02,459705,982431,982431,69.0,2.0,0.0,8068.0,28.0,60.0,127.0
2017-07-03,202643,859662,859662,181.0,1.0,4.0,20170.0,70.0,141.0,226.0
2017-07-04,187156,682989,682989,123.0,4.0,2.0,12102.0,42.0,53.0,218.0
2017-07-05,129404,609046,609046,96.0,2.0,0.0,10085.0,35.0,57.0,128.0
2017-07-06,112439,429922,429922,82.0,2.0,1.0,8068.0,28.0,67.0,70.0
2017-07-07,160641,711462,711462,141.0,4.0,0.0,14119.0,49.0,78.0,281.0
2017-07-08,79964,376952,376952,67.0,3.0,1.0,8068.0,28.0,72.0,142.0
2017-07-09,233270,994741,994741,219.0,0.0,1.0,22187.0,77.0,131.0,329.0
2017-07-10,210435,503468,503468,227.0,3.0,7.0,22187.0,77.0,105.0,466.0
2017-07-11,134400,457271,457271,112.0,0.0,3.0,14119.0,49.0,77.0,291.0
2017-07-12,274694,1099254,1099254,282.0,3.0,5.0,28238.0,98.0,199.0,350.0
2017-07-13,52467,265055,265055,66.0,0.0,4.0,8068.0,28.0,57.0,121.0
2017-07-14,133366,671079,671079,212.0,3.0,6.0,22187.0,77.0,133.0,301.0
2017-07-15,113591,583577,583577,143.0,3.0,1.0,16136.0,56.0,109.0,224.0
2017-07-16,145665,685937,685937,176.0,4.0,2.0,16136.0,56.0,97.0,135.0
2017-07-17,43515,240546,240546,52.0,1.0,1.0,6051.0,21.0,14.0,53.0
2017-07-18,98572,418662,418662,120.0,0.0,0.0,10085.0,35.0,50.0,169.0
2017-07-19,100533,375873,375873,102.0,0.0,1.0,10085.0,35.0,25.0,191.0
2017-07-20,63733,267034,267034,58.0,2.0,1.0,6051.0,21.0,39.0,68.0
2017-07-21,77174,330315,330315,119.0,5.0,4.0,14119.0,49.0,110.0,214.0
2017-07-22,264162,1117193,1117193,313.0,3.0,1.0,28238.0,98.0,167.0,474.0
2017-07-23,99131,404153,404153,111.0,1.0,1.0,10085.0,35.0,83.0,141.0
2017-07-24,192667,734214,734214,185.0,1.0,4.0,18153.0,63.0,99.0,243.0
2017-07-25,296851,1217931,1217931,396.0,1.0,4.0,38323.0,133.0,203.0,462.0
2017-07-26,264726,980979,980979,233.0,0.0,2.0,24204.0,84.0,140.0,393.0
2017-07-27,98798,470667,470667,220.0,1.0,5.0,14119.0,49.0,103.0,224.0
2017-07-28,148613,649068,649068,202.0,6.0,0.0,18153.0,63.0,128.0,254.0
2017-07-29,287878,1161708,1161708,322.0,1.0,0.0,28238.0,98.0,204.0,344.0
2017-07-30,25010,106525,106525,24.0,0.0,0.0,2017.0,7.0,11.0,37.0
2017-07-31,99161,380475,380475,67.0,0.0,1.0,8068.0,28.0,58.0,92.0
2017-08-01,74081,327242,327242,71.0,0.0,1.0,6051.0,24.0,38.0,107.0
2017-08-02,61161,268746,268746,80.0,1.0,0.0,8068.0,32.0,61.0,98.0
2017-08-03,160699,642128,642128,203.0,4.0,3.0,20170.0,80.0,136.0,138.0
2017-08-04,272200,610714,610714,337.0,4.0,16.0,32272.0,128.0,213.0,415.0
2017-08-05,164888,594099,594099,158.0,2.0,3.0,18153.0,72.0,183.0,195.0
2017-08-06,45195,113900,113900,25.0,0.0,1.0,4034.0,16.0,35.0,58.0
2017-08-07,280168,1215854,1215854,360.0,5.0,2.0,32272.0,128.0,196.0,422.0
2017-08-08,125388,380389,380389,144.0,0.0,5.0,16136.0,64.0,106.0,208.0
2017-08-09,167400,513370,513370,198.0,2.0,6.0,22187.0,88.0,128.0,298.0
2017-08-10,165839,395967,395967,168.0,1.0,9.0,18153.0,72.0,94.0,249.0
2017-08-11,141123,351655,351655,151.0,3.0,4.0,16136.0,64.0,116.0,194.0
2017-08-12,204984,829045,829045,182.0,0.0,0.0,18153.0,72.0,163.0,217.0
2017-08-13,40562,0,0,71.0,2.0,5.0,8068.0,32.0,78.0,21.0
2017-08-14,153280,651234,651234,188.0,2.0,2.0,18153.0,72.0,152.0,280.0
2017-08-15,119859,360299,360299,181.0,1.0,11.0,20170.0,80.0,87.0,229.0
2017-08-16,224613,800777,800777,254.0,1.0,11.0,30255.0,120.0,200.0,507.0
2017-08-17,325796,1268573,1268573,269.0,0.0,1.0,24204.0,96.0,129.0,344.0
2017-08-18,150688,572160,572160,168.0,2.0,4.0,16136.0,64.0,119.0,200.0
2017-08-19,211024,985411,985411,204.0,0.0,3.0,20170.0,80.0,142.0,383.0
2017-08-20,28832,130525,130525,23.0,0.0,0.0,2017.0,8.0,23.0,22.0
2017-08-21,57633,249452,249452,54.0,1.0,2.0,6051.0,24.0,29.0,60.0
2017-08-22,100399,447410,447410,134.0,4.0,3.0,16136.0,64.0,82.0,147.0
2017-08-23,177160,759041,759041,204.0,3.0,2.0,20170.0,80.0,103.0,232.0
2017-08-24,184760,660254,660254,337.0,3.0,5.0,30255.0,120.0,196.0,400.0
2017-08-25,188244,808116,808116,322.0,5.0,10.0,28238.0,112.0,180.0,336.0
2017-08-26,163546,692271,692271,250.0,7.0,9.0,24204.0,96.0,115.0,411.0
2017-08-27,183145,876887,876887,225.0,2.0,0.0,22187.0,88.0,150.0,339.0
2017-08-28,83684,0,0,83.0,1.0,5.0,8068.0,32.0,52.0,40.0
2017-08-29,74940,224012,224012,83.0,4.0,6.0,12102.0,48.0,73.0,117.0
2017-08-30,109207,522895,522895,118.0,1.0,0.0,10085.0,40.0,70.0,166.0
2017-08-31,80933,224596,224596,107.0,4.0,3.0,10085.0,40.0,34.0,120.0
2017-09-01,136858,578815,578815,151.0,2.0,0.0,14119.0,63.0,100.0,340.0
2017-09-02,71421,351383,351383,91.0,1.0,6.0,8068.0,36.0,29.0,151.0
2017-09-03,318776,1095697,1095697,242.0,3.0,9.0,26221.0,117.0,84.0,440.0
2017-09-04,27290,120986,120986,18.0,1.0,0.0,2017.0,9.0,16.0,38.0
2017-09-05,133246,433387,433387,105.0,0.0,3.0,12102.0,54.0,70.0,191.0
2017-09-06,113725,517934,517934,169.0,0.0,2.0,16136.0,72.0,100.0,324.0
2017-09-07,140386,500509,500509,255.0,2.0,9.0,24204.0,108.0,131.0,409.0
2017-09-08,144067,594164,594164,170.0,2.0,0.0,16136.0,72.0,76.0,307.0
2017-09-09,60431,241610,241610,61.0,0.0,0.0,6051.0,27.0,36.0,141.0
2017-09-10,93598,171241,171241,212.0,8.0,16.0,22187.0,99.0,92.0,349.0
2017-09-11,55884,215850,215850,13.0,2.0,0.0,4034.0,18.0,36.0,37.0
2017-09-12,77466,356799,356799,106.0,4.0,4.0,10085.0,45.0,75.0,137.0
2017-09-13,52867,261759,261759,67.0,0.0,0.0,6051.0,27.0,34.0,98.0
2017-09-14,212751,968660,968660,301.0,0.0,0.0,26221.0,117.0,154.0,316.0
2017-09-15,277427,1142237,1142237,289.0,0.0,3.0,28238.0,126.0,191.0,482.0
2017-09-16,34698,176433,176433,76.0,0.0,0.0,6051.0,27.0,67.0,103.0
2017-09-17,220749,375179,375179,207.0,3.0,16.0,30255.0,135.0,180.0,270.0
2017-09-18,56689,277173,277173,79.0,3.0,5.0,10085.0,45.0,81.0,154.0
2017-09-19,164137,615607,615607,173.0,5.0,3.0,18153.0,81.0,111.0,149.0
2017-09-20,285596,1046521,1046521,479.0,4.0,18.0,52442.0,234.0,292.0,626.0
2017-09-21,92705,467454,467454,179.0,5.0,1.0,18153.0,81.0,111.0,206.0
2017-09-22,165932,668753,668753,188.0,5.0,4.0,22187.0,99.0,136.0,349.0
2017-09-23,352325,1399147,1399147,291.0,0.0,0.0,26221.0,117.0,197.0,379.0
2017-09-24,350678,1306720,1306720,244.0,3.0,4.0,22187.0,99.0,184.0,262.0
2017-09-25,293693,1094535,1094535,180.0,3.0,1.0,18153.0,81.0,136.0,230.0
2017-09-26,237674,1067248,1067248,497.0,9.0,8.0,42357.0,189.0,245.0,719.0
2017-09-27,188366,858144,858144,288.0,3.0,3.0,24204.0,108.0,116.0,324.0
2017-09-28,112683,435388,435388,165.0,4.0,3.0,16136.0,72.0,137.0,332.0
2017-09-29,139491,580382,580382,232.0,3.0,4.0,24204.0,108.0,155.0,216.0
2017-09-30,403702,1387044,1387044,674.0,20.0,24.0,64544.0,288.0,412.0,1059.0
2017-10-01,184466,709382,709382,157.0,2.0,1.0,16136.0,80.0,97.0,153.0
2017-10-02,87628,387487,387487,27.0,1.0,1.0,4034.0,20.0,12.0,33.0
2017-10-03,76598,385597,385597,70.0,1.0,2.0,8068.0,40.0,76.0,123.0
2017-10-04,212743,770177,770177,281.0,3.0,11.0,26221.0,130.0,88.0,407.0
2017-10-05,164316,601007,601007,203.0,1.0,10.0,20170.0,100.0,93.0,342.0
2017-10-06,46557,92535,92535,52.0,1.0,3.0,6051.0,30.0,5.0,89.0
2017-10-07,169627,833507,833507,244.0,2.0,4.0,24204.0,120.0,183.0,255.0
2017-10-08,163720,668671,668671,215.0,3.0,6.0,22187.0,110.0,188.0,433.0
2017-10-09,58770,286033,286033,57.0,1.0,1.0,6051.0,30.0,39.0,90.0
2017-10-10,196867,775213,775213,213.0,1.0,5.0,22187.0,110.0,105.0,341.0
2017-10-11,226293,1006151,1006151,331.0,3.0,6.0,30255.0,150.0,204.0,530.0
2017-10-12,148251,601018,601018,212.0,2.0,8.0,24204.0,120.0,108.0,326.0
2017-10-13,208478,816797,816797,239.0,3.0,4.0,26221.0,130.0,156.0,237.0
2017-10-14,168853,598062,598062,297.0,1.0,17.0,28238.0,140.0,145.0,292.0
2017-10-15,27758,138341,138341,49.0,0.0,1.0,4034.0,20.0,26.0,71.0
2017-10-16,145660,600391,600391,195.0,0.0,3.0,18153.0,90.0,96.0,346.0
2017-10-17,120414,464350,464350,139.0,0.0,5.0,18153.0,90.0,162.0,260.0
2017-10-18,279754,1123251,1123251,342.0,6.0,5.0,34289.0,170.0,232.0,532.0
2017-10-19,142897,487945,487945,135.0,2.0,6.0,14119.0,70.0,79.0,216.0
2017-10-20,168774,736018,736018,222.0,2.0,7.0,22187.0,110.0,121.0,308.0
2017-10-21,265258,1005787,1005787,241.0,0.0,2.0,24204.0,120.0,195.0,362.0
2017-10-22,93795,442775,442775,98.0,0.0,1.0,10085.0,50.0,35.0,71.0
2017-10-23,85530,399472,399472,92.0,0.0,0.0,8068.0,40.0,57.0,143.0
2017-10-24,121923,559007,559007,175.0,0.0,0.0,16136.0,80.0,120.0,162.0
2017-10-25,180549,797553,797553,255.0,2.0,8.0,26221.0,130.0,206.0,433.0
2017-10-26,141730,527523,527523,163.0,4.0,3.0,22187.0,110.0,122.0,324.0
2017-10-27,173980,798063,798063,261.0,1.0,9.0,30255.0,150.0,200.0,491.0
2017-10-28,199921,863279,863279,192.0,4.0,0.0,22187.0,110.0,170.0,175.0
2017-10-29,137953,548500,548500,141.0,0.0,0.0,12102.0,60.0,82.0,141.0
2017-10-30,101653,372459,372459,58.0,0.0,1.0,8068.0,40.0,50.0,140.0
2017-10-31,231670,930202,930202,276.0,2.0,2.0,30255.0,150.0,246.0,403.0
2017-11-01,250154,1043920,1043920,296.0,3.0,10.0,30255.0,165.0,224.0,311.0
2017-11-02,213369,961821,961821,288.0,3.0,5.0,28238.0,154.0,150.0,504.0
2017-11-03,407848,1687375,1687375,424.0,0.0,4.0,40340.0,220.0,202.0,617.0
2017-11-04,105048,376958,376958,110.0,1.0,5.0,10085.0,55.0,46.0,109.0
2017-11-05,120370,574236,574236,110.0,0.0,1.0,12102.0,66.0,42.0,198.0
2017-11-06,246521,594290,594290,130.0,2.0,0.0,14119.0,77.0,126.0,120.0
2017-11-07,150753,497377,497377,179.0,2.0,4.0,22187.0,121.0,104.0,440.0
2017-11-08,183618,806865,806865,340.0,1.0,2.0,24204.0,132.0,82.0,288.0
2017-11-09,84308,406521,406521,136.0,0.0,0.0,8068.0,44.0,66.0,149.0
2017-11-10,101719,472650,472650,302.0,8.0,1.0,18153.0,99.0,76.0,307.0
2017-11-11,69409,313485,313485,80.0,1.0,0.0,8068.0,44.0,70.0,113.0
2017-11-12,390006,1166364,1166364,213.0,2.0,0.0,16136.0,88.0,45.0,201.0
2017-11-13,51777,264765,264765,125.0,2.0,0.0,8068.0,44.0,53.0,125.0
2017-11-14,117412,561356,561356,206.0,3.0,2.0,16136.0,88.0,57.0,155.0
2017-11-15,254077,873224,873224,278.0,2.0,12.0,30255.0,165.0,161.0,529.0
2017-11-16,121040,580379,580379,162.0,1.0,0.0,14119.0,77.0,76.0,161.0
2017-11-17,124412,543832,543832,176.0,2.0,1.0,14119.0,77.0,67.0,123.0
2017-11-18,91251,320463,320463,92.0,0.0,3.0,8068.0,44.0,39.0,176.0
2017-11-19,137481,548220,548220,163.0,0.0,0.0,8068.0,44.0,86.0,157.0
2017-11-20,107222,462923,462923,113.0,0.0,2.0,8068.0,44.0,25.0,130.0
2017-11-21,29478,139772,139772,50.0,0.0,1.0,4034.0,22.0,40.0,74.0
2017-11-22,195454,728365,728365,329.0,0.0,8.0,22187.0,121.0,150.0,260.0
2017-11-23,159896,720581,720581,169.0,0.0,2.0,16136.0,88.0,108.0,259.0
2017-11-24,188269,774356,774356,300.0,3.0,8.0,20170.0,110.0,106.0,349.0
2017-11-25,90842,352813,352813,151.0,3.0,2.0,10085.0,55.0,107.0,150.0
2017-11-26,79282,336806,336806,122.0,0.0,0.0,6051.0,33.0,48.0,114.0
2017-11-27,88362,385031,385031,145.0,0.0,0.0,8068.0,44.0,43.0,91.0
2017-11-28,212690,584147,584147,371.0,6.0,14.0,30255.0,165.0,214.0,357.0
2017-11-29,304145,1050223,1050223,540.0,1.0,7.0,40340.0,220.0,220.0,713.0
2017-11-30,278352,1069330,1069330,445.0,1.0,7.0,30255.0,165.0,132.0,288.0
2017-12-01,252800,909520,909520,336.0,1.0,1.0,18153.0,108.0,94.0,225.0
2017-12-02,104624,414865,414865,135.0,0.0,2.0,8068.0,48.0,57.0,124.0
2017-12-03,356801,1076404,1076404,354.0,0.0,7.0,28238.0,168.0,126.0,332.0
2017-12-04,84248,360070,360070,141.0,0.0,1.0,8068.0,48.0,47.0,55.0
2017-12-05,27464,118931,118931,54.0,0.0,0.0,4034.0,24.0,40.0,59.0
2017-12-06,125549,439111,439111,111.0,1.0,2.0,10085.0,60.0,82.0,83.0
2017-12-07,125831,426365,426365,214.0,2.0,5.0,18153.0,108.0,145.0,193.0
2017-12-08,165566,641667,641667,217.0,2.0,3.0,16136.0,96.0,112.0,185.0
2017-12-09,237335,1014281,1014281,499.0,3.0,7.0,28238.0,168.0,203.0,374.0
2017-12-10,113353,469170,469170,162.0,0.0,0.0,8068.0,48.0,49.0,100.0
2017-12-11,34018,138768,138768,52.0,0.0,1.0,2017.0,12.0,14.0,17.0
2017-12-12,120828,486539,486539,196.0,1.0,0.0,10085.0,60.0,75.0,58.0
2017-12-13,103575,507378,507378,173.0,0.0,1.0,10085.0,60.0,65.0,135.0
2017-12-14,111447,424669,424669,248.0,0.0,2.0,14119.0,84.0,133.0,185.0
2017-12-15,59635,273039,273039,109.0,1.0,0.0,8068.0,48.0,70.0,196.0
2017-12-16,111365,356302,356302,155.0,1.0,3.0,16136.0,96.0,66.0,126.0
2017-12-17,29533,149409,149409,58.0,0.0,1.0,4034.0,24.0,38.0,14.0
2017-12-18,175520,832175,832175,378.0,1.0,2.0,26221.0,156.0,226.0,417.0
2017-12-19,106177,476686,476686,168.0,0.0,1.0,10085.0,60.0,57.0,106.0
2017-12-20,129321,562407,562407,168.0,0.0,1.0,12102.0,72.0,92.0,163.0
2017-12-21,98571,448290,448290,145.0,0.0,2.0,10085.0,60.0,69.0,193.0
2017-12-22,218398,1006720,1006720,340.0,0.0,0.0,22187.0,132.0,177.0,321.0
2017-12-23,134841,447175,447175,158.0,1.0,2.0,12102.0,72.0,124.0,193.0
2017-12-24,98041,351390,351390,138.0,0.0,2.0,8068.0,48.0,57.0,139.0
2017-12-25,197564,787074,787074,89.0,0.0,1.0,10085.0,60.0,64.0,204.0
2017-12-26,81628,360445,360445,127.0,0.0,1.0,6051.0,36.0,46.0,99.0
2017-12-27,30592,147134,147134,84.0,1.0,1.0,4034.0,24.0,45.0,60.0
2017-12-28,192754,593344,593344,239.0,2.0,10.0,22187.0,132.0,181.0,222.0
2017-12-29,213481,563194,563194,265.0,0.0,7.0,16136.0,96.0,86.0,263.0
2017-12-30,199000,681911,681911,228.0,1.0,1.0,12102.0,72.0,106.0,134.0
2017-12-31,230915,916477,916477,272.0,1.0,1.0,18153.0,108.0,147.0,214.0
2018-01-01,146986,530897,530897,124.0,0.0,0.0,6054.0,3.0,37.0,93.0
2018-01-02,260705,1151465,1151465,539.0,0.0,3.0,26234.0,13.0,205.0,387.0
2018-01-03,294251,941864,941864,162.0,0.0,1.0,8072.0,4.0,18.0,94.0
2018-01-04,264831,1129595,1129595,327.0,0.0,0.0,20180.0,10.0,89.0,220.0
2018-01-05,150151,674005,674005,214.0,0.0,0.0,12108.0,6.0,47.0,168.0
2018-01-06,215896,899858,899858,262.0,0.0,0.0,14126.0,7.0,66.0,233.0
2018-01-07,134692,609814,609814,205.0,0.0,0.0,10090.0,5.0,83.0,165.0
2018-01-08,132048,596177,596177,260.0,3.0,2.0,14126.0,7.0,106.0,209.0
2018-01-09,86957,326386,326386,187.0,1.0,1.0,10090.0,5.0,105.0,145.0
2018-01-10,188835,821099,821099,336.0,2.0,4.0,20180.0,10.0,138.0,195.0
2018-01-11,155687,694973,694973,252.0,1.0,2.0,16144.0,8.0,103.0,227.0
2018-01-12,346042,1443752,1443752,567.0,0.0,1.0,28252.0,14.0,108.0,562.0
2018-01-13,146905,650333,650333,201.0,0.0,0.0,12108.0,6.0,89.0,89.0
2018-01-14,254088,665596,665596,294.0,1.0,7.0,22198.0,11.0,102.0,386.0
2018-01-15,97940,326392,326392,134.0,0.0,1.0,8072.0,4.0,61.0,88.0
2018-01-16,363215,830412,830412,417.0,1.0,13.0,34306.0,17.0,154.0,643.0
2018-01-17,87395,389956,389956,137.0,1.0,1.0,10090.0,5.0,105.0,119.0
2018-01-18,297061,1257068,1257068,396.0,1.0,0.0,24216.0,12.0,140.0,299.0
2018-01-19,116626,495865,495865,180.0,1.0,4.0,12108.0,6.0,104.0,155.0
2018-01-20,304624,1175630,1175630,263.0,3.0,0.0,16144.0,8.0,100.0,278.0
2018-01-21,223163,380500,380500,224.0,0.0,9.0,18162.0,9.0,34.0,289.0
2018-01-22,101355,462655,462655,78.0,0.0,1.0,8072.0,4.0,42.0,56.0
2018-01-23,139699,612584,612584,241.0,0.0,0.0,12108.0,6.0,64.0,217.0
2018-01-24,138842,609215,609215,188.0,0.0,1.0,10090.0,5.0,60.0,196.0
2018-01-25,77666,386902,386902,116.0,2.0,2.0,8072.0,4.0,57.0,93.0
2018-01-26,105516,512832,512832,152.0,6.0,4.0,14126.0,7.0,100.0,189.0
2018-01-27,77434,346496,346496,121.0,0.0,1.0,6054.0,3.0,52.0,144.0
2018-01-28,189470,773545,773545,142.0,0.0,0.0,8072.0,4.0,33.0,102.0
2018-01-29,16431,84209,84209,10.0,0.0,1.0,2018.0,1.0,20.0,12.0
2018-01-31,22023,109076,109076,6.0,1.0,0.0,2018.0,1.0,2.0,0.0
2018-02-01,95767,446403,446403,130.0,0.0,1.0,6054.0,6.0,34.0,96.0
2018-02-02,181394,682308,682308,220.0,0.0,4.0,12108.0,12.0,83.0,152.0
2018-02-03,99367,298539,298539,102.0,1.0,2.0,8072.0,8.0,54.0,163.0
2018-02-04,126190,539543,539543,156.0,0.0,0.0,8072.0,8.0,16.0,177.0
2018-02-05,221341,946465,946465,218.0,0.0,1.0,14126.0,14.0,88.0,207.0
2018-02-06,124809,506326,506326,162.0,0.0,2.0,10090.0,10.0,80.0,119.0
2018-02-07,176035,845767,845767,176.0,1.0,4.0,14126.0,14.0,95.0,172.0
2018-02-08,115865,501714,501714,165.0,2.0,0.0,10090.0,10.0,89.0,101.0
2018-02-09,116888,458842,458842,179.0,0.0,0.0,8072.0,8.0,42.0,167.0
2018-02-10,245423,925283,925283,352.0,0.0,3.0,18162.0,18.0,156.0,227.0
2018-02-11,95311,424127,424127,157.0,1.0,2.0,8072.0,8.0,77.0,98.0
2018-02-12,61687,294353,294353,95.0,2.0,2.0,6054.0,6.0,44.0,148.0
2018-02-13,45562,213186,213186,95.0,0.0,0.0,4036.0,4.0,20.0,95.0
2018-02-14,85537,407809,407809,123.0,0.0,0.0,8072.0,8.0,77.0,131.0
2018-02-15,117987,467088,467088,247.0,0.0,3.0,14126.0,14.0,120.0,194.0
2018-02-16,78785,358577,358577,86.0,0.0,0.0,6054.0,6.0,48.0,104.0
2018-02-17,173854,724984,724984,281.0,0.0,1.0,16144.0,16.0,143.0,237.0
2018-02-18,303270,1168600,1168600,442.0,0.0,3.0,24216.0,24.0,143.0,318.0
2018-02-19,80599,389212,389212,75.0,0.0,0.0,6054.0,6.0,36.0,125.0
2018-02-20,223349,1004515,1004515,485.0,0.0,4.0,26234.0,26.0,140.0,405.0
2018-02-21,161983,719616,719616,250.0,1.0,4.0,16144.0,16.0,84.0,137.0
2018-02-22,239733,1098311,1098311,414.0,2.0,4.0,20180.0,20.0,127.0,298.0
2018-02-23,187313,850041,850041,271.0,3.0,6.0,20180.0,20.0,145.0,162.0
2018-02-24,227993,755466,755466,296.0,0.0,3.0,20180.0,20.0,197.0,245.0
2018-02-25,78405,127341,127341,101.0,0.0,11.0,12108.0,12.0,29.0,176.0
2018-02-27,153226,602597,602597,288.0,0.0,3.0,16144.0,16.0,127.0,323.0
2018-02-28,194512,839764,839764,381.0,0.0,0.0,20180.0,20.0,135.0,202.0
2018-03-01,89162,390520,390520,175.0,2.0,0.0,12108.0,18.0,100.0,168.0
2018-03-02,206140,897595,897595,316.0,1.0,2.0,26234.0,39.0,114.0,478.0
2018-03-03,104398,424324,424324,118.0,0.0,0.0,8072.0,12.0,65.0,144.0
2018-03-04,19948,102246,102246,33.0,0.0,0.0,2018.0,3.0,17.0,42.0
2018-03-05,150621,615403,615403,209.0,1.0,0.0,12108.0,18.0,67.0,226.0
2018-03-06,189736,684378,684378,210.0,0.0,4.0,16144.0,24.0,104.0,151.0
2018-03-07,98875,438002,438002,195.0,2.0,2.0,12108.0,18.0,62.0,205.0
2018-03-08,61735,295728,295728,103.0,2.0,2.0,10090.0,15.0,92.0,149.0
2018-03-09,105923,431829,431829,147.0,2.0,3.0,10090.0,15.0,79.0,178.0
2018-03-10,186187,863178,863178,411.0,1.0,0.0,22198.0,33.0,176.0,339.0
2018-03-11,127646,526528,526528,254.0,0.0,1.0,12108.0,18.0,70.0,195.0
2018-03-12,89686,410696,410696,207.0,1.0,2.0,12108.0,18.0,87.0,125.0
2018-03-13,202419,751942,751942,290.0,1.0,0.0,16144.0,24.0,113.0,287.0
2018-03-14,159019,728634,728634,291.0,2.0,2.0,20180.0,30.0,140.0,294.0
2018-03-15,88293,397425,397425,181.0,1.0,4.0,12108.0,18.0,85.0,175.0
2018-03-16,65163,311132,311132,105.0,0.0,0.0,8072.0,12.0,48.0,158.0
2018-03-17,136343,518836,518836,147.0,2.0,0.0,8072.0,12.0,53.0,53.0
2018-03-18,122075,462799,462799,165.0,0.0,1.0,8072.0,12.0,36.0,71.0
2018-03-19,44794,161119,161119,40.0,0.0,2.0,6054.0,9.0,47.0,61.0
2018-03-20,55996,240132,240132,54.0,1.0,0.0,4036.0,6.0,15.0,64.0
2018-03-21,132148,582816,582816,262.0,0.0,1.0,14126.0,21.0,90.0,184.0
2018-03-22,212267,758965,758965,270.0,1.0,3.0,16144.0,24.0,103.0,152.0
2018-03-23,120938,507029,507029,206.0,0.0,0.0,12108.0,18.0,93.0,171.0
2018-03-24,15760,83062,83062,42.0,0.0,1.0,2018.0,3.0,16.0,40.0
2018-03-25,129175,546842,546842,268.0,1.0,0.0,14126.0,21.0,78.0,227.0
2018-03-26,83578,376902,376902,103.0,2.0,0.0,8072.0,12.0,46.0,98.0
2018-03-27,67748,172793,172793,91.0,0.0,1.0,6054.0,9.0,20.0,117.0
2018-03-28,223046,891753,891753,278.0,0.0,0.0,18162.0,27.0,138.0,233.0
2018-03-29,95370,385470,385470,157.0,0.0,0.0,8072.0,12.0,69.0,165.0
2018-03-30,25486,88218,88218,1.0,0.0,0.0,2018.0,3.0,20.0,24.0
2018-03-31,76844,270676,270676,137.0,0.0,1.0,6054.0,9.0,36.0,150.0
2018-04-01,132356,554641,554641,115.0,0.0,0.0,8072.0,16.0,53.0,136.0
2018-04-02,168142,682482,682482,319.0,0.0,1.0,18162.0,36.0,116.0,237.0
2018-04-03,270461,1119301,1119301,476.0,3.0,7.0,26234.0,52.0,115.0,400.0
2018-04-04,141319,594466,594466,194.0,1.0,1.0,12108.0,24.0,87.0,124.0
2018-04-05,71788,307586,307586,140.0,1.0,1.0,8072.0,16.0,64.0,90.0
2018-04-06,158625,475764,475764,195.0,0.0,3.0,14126.0,28.0,106.0,191.0
2018-04-07,138593,601643,601643,196.0,0.0,1.0,12108.0,24.0,116.0,143.0
2018-04-08,158330,607095,607095,311.0,0.0,1.0,16144.0,32.0,84.0,160.0
2018-04-09,108170,427108,427108,152.0,1.0,3.0,10090.0,20.0,64.0,150.0
2018-04-10,122665,526807,526807,139.0,1.0,0.0,12108.0,24.0,91.0,175.0
2018-04-11,238148,834545,834545,412.0,2.0,6.0,22198.0,44.0,149.0,446.0
2018-04-12,158050,731790,731790,328.0,4.0,2.0,20180.0,40.0,126.0,247.0
2018-04-13,170579,695656,695656,255.0,0.0,0.0,12108.0,24.0,73.0,134.0
2018-04-14,129062,464572,464572,72.0,0.0,1.0,8072.0,16.0,47.0,94.0
2018-04-15,234931,871638,871638,366.0,0.0,1.0,18162.0,36.0,108.0,290.0
2018-04-16,50450,210377,210377,53.0,0.0,0.0,4036.0,8.0,24.0,56.0
2018-04-17,240138,735123,735123,531.0,6.0,17.0,48432.0,96.0,310.0,942.0
2018-04-18,286686,907822,907822,460.0,2.0,9.0,34306.0,68.0,152.0,525.0
2018-04-19,233427,931731,931731,462.0,3.0,9.0,28252.0,56.0,226.0,467.0
2018-04-20,248377,994577,994577,364.0,0.0,0.0,18162.0,36.0,130.0,349.0
2018-04-21,270129,1144180,1144180,615.0,1.0,2.0,36324.0,72.0,259.0,418.0
2018-04-22,176152,795471,795471,235.0,0.0,1.0,16144.0,32.0,126.0,162.0
2018-04-23,106651,453486,453486,168.0,0.0,0.0,8072.0,16.0,59.0,118.0
2018-04-24,100174,410230,410230,314.0,2.0,10.0,20180.0,40.0,176.0,250.0
2018-04-25,265068,960603,960603,163.0,0.0,2.0,14126.0,28.0,111.0,156.0
2018-04-26,48273,258179,258179,70.0,0.0,2.0,6054.0,12.0,46.0,97.0
2018-04-27,234911,929579,929579,371.0,1.0,4.0,22198.0,44.0,150.0,298.0
2018-04-28,193636,795085,795085,344.0,1.0,2.0,18162.0,36.0,106.0,258.0
2018-04-29,67057,340415,340415,91.0,0.0,2.0,6054.0,12.0,33.0,120.0
2018-04-30,218185,985208,985208,364.0,1.0,1.0,20180.0,40.0,136.0,337.0
2018-05-01,124337,580549,580549,180.0,0.0,6.0,14126.0,35.0,100.0,217.0
2018-05-02,157788,631545,631545,274.0,0.0,1.0,14126.0,35.0,111.0,229.0
2018-05-03,153318,711041,711041,306.0,2.0,1.0,18162.0,45.0,87.0,331.0
2018-05-04,210353,928011,928011,277.0,0.0,3.0,20180.0,50.0,147.0,426.0
2018-05-05,61787,306866,306866,112.0,0.0,2.0,8072.0,20.0,21.0,91.0
2018-05-07,235065,956880,956880,397.0,1.0,0.0,22198.0,55.0,144.0,264.0
2018-05-08,152202,502823,502823,209.0,0.0,2.0,14126.0,35.0,113.0,190.0
2018-05-09,211747,913703,913703,306.0,0.0,0.0,16144.0,40.0,113.0,254.0
2018-05-10,227736,934211,934211,116.0,0.0,0.0,10090.0,25.0,54.0,120.0
2018-05-11,114460,503300,503300,145.0,1.0,0.0,10090.0,25.0,85.0,223.0
2018-05-12,94021,390742,390742,104.0,0.0,0.0,6054.0,15.0,65.0,30.0
2018-05-13,95119,442350,442350,122.0,0.0,0.0,8072.0,20.0,66.0,63.0
2018-05-14,159273,783166,783166,200.0,1.0,2.0,14126.0,35.0,99.0,170.0
2018-05-15,137950,605932,605932,215.0,1.0,3.0,18162.0,45.0,135.0,266.0
2018-05-16,126337,602454,602454,335.0,3.0,1.0,20180.0,50.0,155.0,267.0
2018-05-17,234140,841319,841319,332.0,2.0,1.0,22198.0,55.0,192.0,361.0
2018-05-18,230376,907490,907490,425.0,1.0,5.0,22198.0,55.0,181.0,324.0
2018-05-19,96289,368704,368704,148.0,1.0,1.0,10090.0,25.0,88.0,155.0
2018-05-20,252309,892848,892848,378.0,0.0,3.0,18162.0,45.0,130.0,168.0
2018-05-21,203820,838009,838009,356.0,0.0,0.0,20180.0,50.0,127.0,270.0
2018-05-22,24739,124729,124729,39.0,0.0,4.0,4036.0,10.0,37.0,56.0
2018-05-23,310953,1245471,1245471,477.0,1.0,3.0,34306.0,85.0,191.0,521.0
2018-05-24,176719,691495,691495,302.0,3.0,6.0,22198.0,55.0,141.0,313.0
2018-05-25,332541,1087851,1087851,603.0,0.0,12.0,36324.0,90.0,252.0,287.0
2018-05-26,208353,841120,841120,423.0,1.0,2.0,20180.0,50.0,141.0,352.0
2018-05-27,162189,651620,651620,219.0,0.0,0.0,12108.0,30.0,80.0,158.0
2018-05-28,192338,806556,806556,354.0,2.0,3.0,20180.0,50.0,157.0,275.0
2018-05-29,174446,692764,692764,295.0,0.0,0.0,14126.0,35.0,76.0,152.0
2018-05-30,206589,851072,851072,357.0,3.0,3.0,20180.0,50.0,161.0,350.0
2018-05-31,269891,914956,914956,385.0,3.0,17.0,32288.0,80.0,162.0,463.0
2018-06-01,112422,481035,481035,160.0,0.0,2.0,12108.0,36.0,85.0,106.0
2018-06-02,247676,838882,838882,464.0,0.0,12.0,34306.0,102.0,281.0,503.0
2018-06-03,106586,424990,424990,197.0,0.0,0.0,10090.0,30.0,72.0,177.0
2018-06-04,199847,885315,885315,351.0,1.0,0.0,24216.0,72.0,170.0,335.0
2018-06-05,292033,1274106,1274106,519.0,0.0,2.0,36324.0,108.0,214.0,565.0
2018-06-06,312249,1166968,1166968,595.0,5.0,6.0,36324.0,108.0,148.0,536.0
2018-06-07,338927,1338960,1338960,636.0,0.0,5.0,40360.0,120.0,312.0,581.0
2018-06-08,137551,589498,589498,219.0,0.0,0.0,12108.0,36.0,54.0,96.0
2018-06-09,244738,1027634,1027634,438.0,1.0,5.0,26234.0,78.0,211.0,437.0
2018-06-11,289764,1241803,1241803,380.0,1.0,3.0,22198.0,66.0,78.0,367.0
2018-06-12,269914,1057391,1057391,335.0,3.0,1.0,24216.0,72.0,189.0,383.0
2018-06-13,384894,1772029,1772029,652.0,0.0,1.0,34306.0,102.0,162.0,502.0
2018-06-14,150622,661206,661206,244.0,1.0,1.0,14126.0,42.0,105.0,135.0
2018-06-15,329649,1146095,1146095,580.0,2.0,7.0,38342.0,114.0,259.0,735.0
2018-06-16,150913,427032,427032,228.0,0.0,2.0,12108.0,36.0,79.0,148.0
2018-06-17,316014,721073,721073,468.0,0.0,6.0,28252.0,84.0,183.0,518.0
2018-06-18,308875,1248486,1248486,413.0,0.0,0.0,24216.0,72.0,107.0,408.0
2018-06-19,204916,815091,815091,244.0,3.0,1.0,18162.0,54.0,130.0,287.0
2018-06-20,310938,1052187,1052187,380.0,3.0,9.0,32288.0,96.0,221.0,369.0
2018-06-21,355899,1514842,1514842,625.0,2.0,3.0,38342.0,114.0,270.0,612.0
2018-06-22,363912,1073419,1073419,575.0,0.0,3.0,30270.0,90.0,182.0,422.0
2018-06-23,452586,1128447,1128447,603.0,3.0,14.0,52468.0,156.0,310.0,672.0
2018-06-24,141530,559964,559964,220.0,0.0,0.0,10090.0,30.0,64.0,77.0
2018-06-25,416250,1508597,1508597,780.0,2.0,12.0,42378.0,126.0,284.0,565.0
2018-06-26,204060,898738,898738,442.0,0.0,2.0,24216.0,72.0,146.0,391.0
2018-06-27,260906,1226414,1226414,467.0,2.0,6.0,34306.0,102.0,168.0,537.0
2018-06-28,241101,1082287,1082287,493.0,1.0,4.0,28252.0,84.0,159.0,398.0
2018-06-29,64260,218071,218071,138.0,0.0,3.0,10090.0,30.0,104.0,136.0
2018-06-30,288779,975730,975730,492.0,0.0,9.0,28252.0,84.0,190.0,495.0
2018-07-01,78287,310449,310449,98.0,1.0,3.0,8072.0,28.0,66.0,74.0
2018-07-02,93669,280050,280050,83.0,0.0,4.0,6054.0,21.0,40.0,78.0
2018-07-03,345020,1418567,1418567,802.0,0.0,6.0,42378.0,147.0,345.0,561.0
2018-07-04,115888,514415,514415,107.0,0.0,0.0,8072.0,28.0,48.0,168.0
2018-07-05,125223,583909,583909,195.0,0.0,0.0,12108.0,42.0,82.0,162.0
2018-07-06,154701,677577,677577,180.0,1.0,0.0,12108.0,42.0,33.0,188.0
2018-07-07,155604,487293,487293,263.0,0.0,4.0,18162.0,63.0,136.0,164.0
2018-07-08,214921,723871,723871,99.0,0.0,3.0,10090.0,35.0,89.0,183.0
2018-07-09,141360,632597,632597,301.0,1.0,1.0,14126.0,49.0,105.0,132.0
2018-07-10,422690,1082277,1082277,517.0,4.0,13.0,36324.0,126.0,204.0,543.0
2018-07-11,306435,789282,789282,546.0,2.0,11.0,36324.0,126.0,325.0,434.0
2018-07-12,159704,623913,623913,276.0,2.0,4.0,20180.0,70.0,119.0,233.0
2018-07-13,60812,248006,248006,69.0,0.0,3.0,8072.0,28.0,44.0,25.0
2018-07-14,256650,894737,894737,424.0,0.0,2.0,24216.0,84.0,125.0,377.0
2018-07-15,240429,502021,502021,324.0,0.0,9.0,26234.0,91.0,185.0,346.0
2018-07-16,238723,952125,952125,298.0,5.0,7.0,24216.0,84.0,145.0,395.0
2018-07-17,102592,460260,460260,153.0,0.0,2.0,10090.0,35.0,67.0,206.0
2018-07-18,316297,1215656,1215656,509.0,0.0,5.0,30270.0,105.0,175.0,372.0
2018-07-19,266619,1047608,1047608,398.0,0.0,3.0,26234.0,91.0,146.0,374.0
2018-07-20,276450,657837,657837,411.0,0.0,7.0,28252.0,98.0,211.0,496.0
2018-07-21,136708,542135,542135,270.0,0.0,2.0,12108.0,42.0,125.0,133.0
2018-07-22,196380,759034,759034,279.0,2.0,4.0,16144.0,56.0,99.0,272.0
2018-07-23,304863,1131195,1131195,439.0,1.0,2.0,20180.0,70.0,106.0,216.0
2018-07-24,255911,1035950,1035950,367.0,7.0,6.0,32288.0,112.0,195.0,491.0
2018-07-25,287847,1214308,1214308,646.0,2.0,6.0,30270.0,105.0,213.0,483.0
2018-07-26,227920,920003,920003,279.0,0.0,3.0,24216.0,84.0,142.0,363.0
2018-07-27,293091,1237571,1237571,519.0,0.0,1.0,32288.0,112.0,217.0,568.0
2018-07-28,68750,259770,259770,66.0,1.0,0.0,6054.0,21.0,17.0,137.0
2018-07-29,401869,1237837,1237837,653.0,0.0,5.0,36324.0,126.0,273.0,495.0
2018-07-30,201104,710938,710938,331.0,1.0,9.0,28252.0,98.0,278.0,429.0
2018-07-31,321161,1236060,1236060,575.0,0.0,6.0,38342.0,133.0,241.0,545.0
2018-08-01,240616,880210,880210,443.0,2.0,3.0,28252.0,112.0,191.0,349.0
2018-08-02,239209,981003,981003,514.0,0.0,5.0,26234.0,104.0,163.0,464.0
2018-08-03,158566,635115,635115,264.0,0.0,6.0,20180.0,80.0,179.0,338.0
2018-08-04,373145,1042484,1042484,600.0,2.0,20.0,52468.0,208.0,223.0,599.0
2018-08-05,267462,987660,987660,501.0,0.0,2.0,26234.0,104.0,156.0,458.0
2018-08-06,193130,636513,636513,444.0,0.0,2.0,20180.0,80.0,177.0,378.0
2018-08-07,89275,296576,296576,141.0,2.0,1.0,8072.0,32.0,51.0,105.0
2018-08-08,214512,989070,989070,291.0,0.0,1.0,20180.0,80.0,95.0,308.0
2018-08-09,145239,550573,550573,235.0,0.0,2.0,12108.0,48.0,103.0,120.0
2018-08-10,226036,950651,950651,370.0,0.0,1.0,16144.0,64.0,135.0,293.0
2018-08-11,209010,836080,836080,395.0,0.0,0.0,18162.0,72.0,130.0,327.0
2018-08-12,121375,478210,478210,187.0,0.0,4.0,10090.0,40.0,50.0,191.0
2018-08-13,266765,930627,930627,522.0,1.0,7.0,28252.0,112.0,233.0,309.0
2018-08-14,308911,1263504,1263504,592.0,0.0,2.0,34306.0,136.0,149.0,473.0
2018-08-15,252548,975654,975654,601.0,0.0,5.0,34306.0,136.0,234.0,472.0
2018-08-16,396156,1530226,1530226,604.0,0.0,5.0,34306.0,136.0,204.0,542.0
2018-08-17,339040,1368823,1368823,666.0,0.0,3.0,36324.0,144.0,196.0,553.0
2018-08-18,322494,1264193,1264193,536.0,0.0,2.0,30270.0,120.0,183.0,468.0
2018-08-19,141275,554043,554043,283.0,0.0,1.0,12108.0,48.0,69.0,90.0
2018-08-20,205720,784142,784142,348.0,0.0,1.0,18162.0,72.0,129.0,295.0
2018-08-21,241703,1005747,1005747,455.0,1.0,3.0,26234.0,104.0,126.0,471.0
2018-08-22,238969,997856,997856,206.0,1.0,2.0,26234.0,104.0,180.0,326.0
2018-08-23,224136,855599,855599,265.0,1.0,11.0,26234.0,104.0,132.0,343.0
2018-08-24,286056,1047374,1047374,391.0,0.0,5.0,26234.0,104.0,159.0,324.0
2018-08-25,288615,1176817,1176817,375.0,3.0,1.0,26234.0,104.0,116.0,330.0
2018-08-26,268131,517759,517759,176.0,0.0,5.0,16144.0,64.0,104.0,194.0
2018-08-27,219225,882557,882557,320.0,0.0,7.0,20180.0,80.0,151.0,258.0
2018-08-28,201342,754857,754857,281.0,0.0,1.0,20180.0,80.0,118.0,290.0
2018-08-29,520434,1998621,1998621,793.0,1.0,5.0,48432.0,192.0,267.0,691.0
2018-08-30,370057,1443981,1443981,686.0,1.0,6.0,36324.0,144.0,185.0,662.0
2018-08-31,94609,385222,385222,104.0,0.0,0.0,8072.0,32.0,58.0,103.0
2018-09-01,324735,1336074,1336074,505.0,0.0,3.0,34306.0,153.0,191.0,455.0
2018-09-02,247994,599569,599569,342.0,0.0,6.0,20180.0,90.0,45.0,285.0
2018-09-03,251839,842187,842187,490.0,4.0,8.0,30270.0,135.0,228.0,422.0
2018-09-04,210221,807547,807547,280.0,1.0,2.0,24216.0,108.0,242.0,448.0
2018-09-05,319878,1265973,1265973,409.0,1.0,2.0,30270.0,135.0,193.0,455.0
2018-09-06,203138,812107,812107,196.0,2.0,1.0,16144.0,72.0,112.0,182.0
2018-09-07,191322,822622,822622,240.0,0.0,0.0,18162.0,81.0,94.0,281.0
2018-09-08,190177,420982,420982,233.0,1.0,9.0,18162.0,81.0,82.0,254.0
2018-09-09,349101,1213490,1213490,559.0,2.0,7.0,36324.0,162.0,184.0,464.0
2018-09-10,437338,1268059,1268059,679.0,0.0,16.0,46414.0,207.0,338.0,554.0
2018-09-11,192263,725257,725257,211.0,5.0,7.0,22198.0,99.0,152.0,368.0
2018-09-12,212875,872572,872572,334.0,4.0,4.0,26234.0,117.0,133.0,398.0
2018-09-13,311027,736077,736077,493.0,2.0,9.0,34306.0,153.0,223.0,448.0
2018-09-14,240196,455580,455580,657.0,27.0,28.0,60540.0,270.0,345.0,895.0
2018-09-15,237143,936083,936083,504.0,1.0,6.0,30270.0,135.0,194.0,503.0
2018-09-16,142420,504520,504520,231.0,1.0,9.0,18162.0,81.0,129.0,256.0
2018-09-17,278562,827361,827361,744.0,17.0,27.0,60540.0,270.0,339.0,1059.0
2018-09-18,194386,818476,818476,359.0,0.0,2.0,24216.0,108.0,168.0,481.0
2018-09-19,177338,754700,754700,251.0,0.0,2.0,18162.0,81.0,107.0,320.0
2018-09-20,222425,912797,912797,350.0,1.0,1.0,28252.0,126.0,200.0,448.0
2018-09-21,334476,1002503,1002503,586.0,5.0,18.0,50450.0,225.0,364.0,706.0
2018-09-22,151556,450458,450458,126.0,2.0,5.0,20180.0,90.0,64.0,194.0
2018-09-23,52342,284866,284866,85.0,0.0,2.0,6054.0,27.0,62.0,143.0
2018-09-24,103498,386426,386426,193.0,5.0,9.0,20180.0,90.0,193.0,377.0
2018-09-25,239926,995680,995680,265.0,1.0,0.0,30270.0,135.0,180.0,480.0
2018-09-26,251166,770990,770990,342.0,1.0,8.0,28252.0,126.0,209.0,563.0
2018-09-27,84180,320104,320104,42.0,0.0,0.0,2018.0,9.0,22.0,46.0
2018-09-29,100358,394694,394694,94.0,0.0,1.0,6054.0,27.0,40.0,96.0
2018-09-30,195973,805592,805592,203.0,0.0,0.0,12108.0,54.0,53.0,312.0
2018-10-01,80092,383284,383284,152.0,0.0,0.0,10090.0,50.0,52.0,187.0
2018-10-02,196852,825684,825684,166.0,0.0,1.0,22198.0,110.0,138.0,269.0
2018-10-03,234650,987521,987521,413.0,2.0,4.0,32288.0,160.0,144.0,405.0
2018-10-04,265971,1074546,1074546,309.0,0.0,6.0,24216.0,120.0,167.0,305.0
2018-10-05,249536,691680,691680,162.0,1.0,7.0,20180.0,100.0,116.0,263.0
2018-10-06,191242,771438,771438,248.0,0.0,1.0,12108.0,60.0,94.0,172.0
2018-10-07,138369,457642,457642,99.0,1.0,1.0,10090.0,50.0,34.0,142.0
2018-10-08,109432,469660,469660,239.0,7.0,1.0,16144.0,80.0,144.0,307.0
2018-10-09,223025,632499,632499,343.0,6.0,10.0,36324.0,180.0,278.0,451.0
2018-10-10,186815,505157,505157,467.0,10.0,23.0,46414.0,230.0,296.0,777.0
2018-10-11,129262,438663,438663,153.0,6.0,4.0,22198.0,110.0,111.0,355.0
2018-10-12,178029,763244,763244,182.0,2.0,5.0,24216.0,120.0,205.0,383.0
2018-10-13,174336,702935,702935,292.0,3.0,7.0,22198.0,110.0,154.0,295.0
2018-10-14,161165,670079,670079,206.0,1.0,6.0,22198.0,110.0,150.0,401.0
2018-10-15,150233,575839,575839,265.0,1.0,4.0,18162.0,90.0,142.0,293.0
2018-10-16,370917,1389706,1389706,570.0,1.0,9.0,38342.0,190.0,278.0,456.0
2018-10-17,378627,1447150,1447150,557.0,1.0,6.0,46414.0,230.0,301.0,647.0
2018-10-18,265375,979730,979730,431.0,2.0,3.0,28252.0,140.0,214.0,484.0
2018-10-19,230017,849253,849253,229.0,4.0,2.0,22198.0,110.0,110.0,257.0
2018-10-20,207863,810954,810954,377.0,5.0,2.0,24216.0,120.0,130.0,348.0
2018-10-21,191555,735974,735974,188.0,0.0,0.0,12108.0,60.0,81.0,180.0
2018-10-22,289252,1077219,1077219,355.0,3.0,3.0,28252.0,140.0,212.0,535.0
2018-10-23,293712,1004264,1004264,401.0,8.0,2.0,30270.0,150.0,149.0,450.0
2018-10-24,170091,671288,671288,144.0,0.0,2.0,14126.0,70.0,103.0,301.0
2018-10-25,320623,1237305,1237305,681.0,2.0,6.0,36324.0,180.0,301.0,614.0
2018-10-26,270759,1024923,1024923,426.0,1.0,0.0,22198.0,110.0,175.0,355.0
2018-10-27,257216,857004,857004,351.0,3.0,8.0,32288.0,160.0,230.0,584.0
2018-10-28,97803,395572,395572,132.0,0.0,2.0,8072.0,40.0,39.0,159.0
2018-10-29,280985,1031899,1031899,285.0,0.0,1.0,14126.0,70.0,78.0,202.0
2018-10-30,347748,1178361,1178361,788.0,4.0,19.0,48432.0,240.0,143.0,584.0
2018-10-31,327278,1158226,1158226,462.0,1.0,1.0,30270.0,150.0,225.0,340.0
2018-11-01,214924,614415,614415,259.0,4.0,4.0,24216.0,132.0,142.0,424.0
2018-11-02,209588,769684,769684,219.0,5.0,3.0,20180.0,110.0,156.0,349.0
2018-11-03,341012,1220096,1220096,646.0,1.0,16.0,42378.0,231.0,289.0,637.0
2018-11-04,582657,567261,567261,689.0,5.0,34.0,62558.0,341.0,435.0,998.0
2018-11-05,316271,1066662,1066662,627.0,2.0,8.0,34306.0,187.0,230.0,459.0
2018-11-06,538403,778586,778586,875.0,5.0,33.0,70630.0,385.0,442.0,887.0
2018-11-07,351579,1618307,1618307,488.0,0.0,0.0,28252.0,154.0,159.0,460.0
2018-11-08,44593,221446,221446,92.0,0.0,0.0,4036.0,22.0,24.0,89.0
2018-11-09,399263,1397183,1397183,362.0,1.0,1.0,24216.0,132.0,191.0,419.0
2018-11-10,202853,922287,922287,293.0,0.0,3.0,18162.0,99.0,119.0,144.0
2018-11-11,116901,390722,390722,164.0,0.0,3.0,12108.0,66.0,88.0,209.0
2018-11-12,197924,845822,845822,318.0,0.0,0.0,18162.0,99.0,119.0,215.0
2018-11-13,339752,1338006,1338006,545.0,0.0,1.0,28252.0,154.0,214.0,358.0
2018-11-14,86865,399784,399784,189.0,0.0,3.0,10090.0,55.0,102.0,157.0
2018-11-15,211001,831450,831450,411.0,0.0,3.0,18162.0,99.0,143.0,337.0
2018-11-16,52489,218534,218534,125.0,0.0,1.0,8072.0,44.0,78.0,158.0
2018-11-17,193624,845793,845793,364.0,0.0,10.0,22198.0,121.0,95.0,383.0
2018-11-18,170290,645130,645130,249.0,0.0,4.0,16144.0,88.0,125.0,326.0
2018-11-19,186448,538970,538970,185.0,0.0,4.0,14126.0,77.0,98.0,187.0
2018-11-20,51432,91128,91128,81.0,0.0,6.0,6054.0,33.0,26.0,35.0
2018-11-21,359020,1151090,1151090,341.0,0.0,5.0,26234.0,143.0,209.0,397.0
2018-11-22,247111,1125507,1125507,328.0,0.0,1.0,20180.0,110.0,119.0,256.0
2018-11-23,136673,366600,366600,205.0,0.0,7.0,10090.0,55.0,87.0,209.0
2018-11-24,80413,311568,311568,107.0,0.0,1.0,6054.0,33.0,64.0,149.0
2018-11-25,200017,806402,806402,364.0,0.0,3.0,18162.0,99.0,143.0,231.0
2018-11-26,242453,946585,946585,417.0,0.0,2.0,20180.0,110.0,139.0,341.0
2018-11-27,184990,596598,596598,317.0,0.0,5.0,18162.0,99.0,100.0,255.0
2018-11-28,364419,791943,791943,463.0,1.0,8.0,30270.0,165.0,180.0,537.0
2018-11-29,232737,974853,974853,484.0,2.0,2.0,28252.0,154.0,218.0,437.0
2018-11-30,212773,960942,960942,338.0,2.0,1.0,22198.0,121.0,94.0,336.0
2018-12-01,155038,636669,636669,214.0,1.0,6.0,20180.0,120.0,62.0,226.0
2018-12-02,17277,75249,75249,29.0,0.0,1.0,2018.0,12.0,20.0,15.0
2018-12-03,251432,1111706,1111706,465.0,0.0,1.0,24216.0,144.0,163.0,384.0
2018-12-04,219384,821881,821881,387.0,1.0,2.0,20180.0,120.0,150.0,299.0
2018-12-05,144524,726997,726997,307.0,0.0,1.0,18162.0,108.0,90.0,350.0
2018-12-06,86046,412257,412257,133.0,0.0,4.0,8072.0,48.0,37.0,80.0
2018-12-07,460322,1864279,1864279,836.0,0.0,2.0,46414.0,276.0,271.0,686.0
2018-12-08,274966,1161177,1161177,406.0,2.0,3.0,26234.0,156.0,202.0,382.0
2018-12-09,101444,395263,395263,143.0,0.0,0.0,6054.0,36.0,48.0,134.0
2018-12-10,65521,293274,293274,145.0,1.0,1.0,6054.0,36.0,24.0,73.0
2018-12-11,266889,1165368,1165368,479.0,0.0,2.0,26234.0,156.0,160.0,353.0
2018-12-12,111102,434574,434574,67.0,0.0,2.0,6054.0,36.0,47.0,134.0
2018-12-13,229696,972930,972930,430.0,1.0,5.0,26234.0,156.0,207.0,294.0
2018-12-14,98850,471026,471026,262.0,0.0,1.0,14126.0,84.0,130.0,149.0
2018-12-15,197919,834852,834852,265.0,0.0,1.0,16144.0,96.0,79.0,183.0
2018-12-16,237873,922105,922105,505.0,0.0,8.0,22198.0,132.0,187.0,328.0
2018-12-17,127294,499601,499601,247.0,0.0,1.0,12108.0,72.0,93.0,58.0
2018-12-18,215451,673413,673413,406.0,0.0,7.0,22198.0,132.0,151.0,362.0
2018-12-19,246102,1067053,1067053,510.0,0.0,2.0,26234.0,156.0,123.0,349.0
2018-12-20,367118,1344943,1344943,647.0,5.0,5.0,34306.0,204.0,232.0,468.0
2018-12-21,418929,1844807,1844807,651.0,1.0,2.0,40360.0,240.0,267.0,550.0
2018-12-22,237295,1038935,1038935,244.0,1.0,1.0,20180.0,120.0,140.0,225.0
2018-12-23,249890,1127454,1127454,511.0,1.0,2.0,22198.0,132.0,146.0,401.0
2018-12-24,452009,1991953,1991953,755.0,0.0,3.0,36324.0,216.0,215.0,606.0
2018-12-25,160544,758169,758169,68.0,2.0,2.0,6054.0,36.0,37.0,105.0
2018-12-26,50441,222873,222873,23.0,0.0,0.0,2018.0,12.0,20.0,35.0
2018-12-27,307917,1311070,1311070,504.0,0.0,0.0,24216.0,144.0,229.0,304.0
2018-12-28,146280,646679,646679,220.0,0.0,1.0,10090.0,60.0,63.0,164.0
2018-12-29,209668,885435,885435,337.0,0.0,1.0,14126.0,84.0,122.0,194.0
2018-12-30,195174,755830,755830,174.0,1.0,1.0,10090.0,60.0,58.0,159.0
2018-12-31,254216,1083172,1083172,499.0,0.0,0.0,24216.0,144.0,186.0,318.0
2019-01-01,534028,2166520,2166520,544.0,1.0,7.0,40380.0,20.0,269.0,666.0
2019-01-02,97455,431747,431747,151.0,0.0,0.0,6057.0,3.0,25.0,131.0
2019-01-03,261031,1091820,1091820,221.0,1.0,1.0,18171.0,9.0,99.0,230.0
2019-01-04,196179,942401,942401,225.0,0.0,1.0,14133.0,7.0,83.0,180.0
2019-01-05,275254,1247133,1247133,416.0,1.0,5.0,24228.0,12.0,168.0,382.0
2019-01-06,401477,1333009,1333009,398.0,0.0,4.0,24228.0,12.0,105.0,358.0
2019-01-07,178382,781248,781248,252.0,0.0,0.0,12114.0,6.0,83.0,233.0
2019-01-08,119795,637552,637552,196.0,0.0,0.0,10095.0,5.0,56.0,122.0
2019-01-09,224467,1062816,1062816,243.0,0.0,0.0,14133.0,7.0,88.0,181.0
2019-01-10,467066,1280328,1280328,441.0,2.0,11.0,34323.0,17.0,164.0,695.0
2019-01-11,362647,1410955,1410955,428.0,1.0,4.0,28266.0,14.0,192.0,327.0
2019-01-12,341227,1433837,1433837,541.0,0.0,0.0,26247.0,13.0,182.0,353.0
2019-01-13,238796,1079429,1079429,335.0,0.0,4.0,18171.0,9.0,142.0,237.0
2019-01-14,479104,1635184,1635184,718.0,2.0,16.0,50475.0,25.0,305.0,667.0
2019-01-15,419026,1101738,1101738,525.0,0.0,13.0,38361.0,19.0,245.0,363.0
2019-01-16,90356,367017,367017,83.0,1.0,0.0,4038.0,2.0,24.0,82.0
2019-01-17,94747,342395,342395,61.0,0.0,2.0,6057.0,3.0,44.0,37.0
2019-01-18,429256,1494137,1494137,394.0,0.0,6.0,30285.0,15.0,162.0,388.0
2019-01-19,570290,1394994,1394994,576.0,3.0,16.0,50475.0,25.0,133.0,621.0
2019-01-20,454747,1285618,1285618,698.0,1.0,19.0,50475.0,25.0,446.0,735.0
2019-01-21,513656,1742947,1742947,655.0,3.0,23.0,50475.0,25.0,182.0,920.0
2019-01-22,378126,1411325,1411325,501.0,0.0,6.0,26247.0,13.0,158.0,380.0
2019-01-23,303828,1132733,1132733,223.0,2.0,2.0,16152.0,8.0,94.0,239.0
2019-01-24,242339,1135337,1135337,411.0,0.0,2.0,20190.0,10.0,108.0,328.0
2019-01-25,110396,492982,492982,95.0,0.0,0.0,8076.0,4.0,41.0,92.0
2019-01-26,328899,1405159,1405159,415.0,0.0,0.0,20190.0,10.0,139.0,320.0
2019-01-27,341663,1038457,1038457,321.0,1.0,6.0,24228.0,12.0,140.0,347.0
2019-01-28,202698,949530,949530,295.0,0.0,8.0,14133.0,7.0,54.0,203.0
2019-01-29,118722,505870,505870,142.0,0.0,0.0,6057.0,3.0,17.0,119.0
2019-01-30,268510,1151543,1151543,376.0,0.0,2.0,24228.0,12.0,159.0,480.0
2019-01-31,354155,1528057,1528057,684.0,0.0,2.0,34323.0,17.0,243.0,550.0
2019-02-01,284822,1192736,1192736,338.0,0.0,1.0,24228.0,24.0,141.0,276.0
2019-02-02,23415,137310,137310,15.0,0.0,2.0,2019.0,2.0,18.0,10.0
2019-02-03,133758,645208,645208,249.0,0.0,2.0,12114.0,12.0,69.0,153.0
2019-02-04,20332,114463,114463,42.0,0.0,0.0,2019.0,2.0,20.0,13.0
2019-02-05,95131,468150,468150,138.0,1.0,0.0,8076.0,8.0,67.0,88.0
2019-02-06,122365,328922,328922,8.0,3.0,2.0,8076.0,8.0,45.0,142.0
2019-02-07,154479,688501,688501,164.0,1.0,0.0,12114.0,12.0,84.0,174.0
2019-02-08,243548,1170520,1170520,354.0,0.0,3.0,20190.0,20.0,113.0,217.0
2019-02-09,351801,1091702,1091702,531.0,1.0,12.0,32304.0,32.0,255.0,615.0
2019-02-10,325298,1263979,1263979,461.0,2.0,7.0,28266.0,28.0,261.0,421.0
2019-02-11,220191,1018209,1018209,173.0,3.0,2.0,18171.0,18.0,146.0,276.0
2019-02-12,193301,576731,576731,169.0,1.0,7.0,16152.0,16.0,99.0,368.0
2019-02-13,206644,531571,531571,237.0,0.0,7.0,18171.0,18.0,79.0,364.0
2019-02-14,219532,859668,859668,212.0,0.0,3.0,18171.0,18.0,80.0,321.0
2019-02-15,157326,495453,495453,136.0,0.0,3.0,12114.0,12.0,64.0,185.0
2019-02-16,64945,229131,229131,2.0,0.0,0.0,4038.0,4.0,35.0,83.0
2019-02-17,529693,1627262,1627262,505.0,0.0,11.0,40380.0,40.0,209.0,671.0
2019-02-18,297010,1114586,1114586,325.0,0.0,9.0,24228.0,24.0,175.0,324.0
2019-02-19,335536,1332088,1332088,441.0,0.0,5.0,32304.0,32.0,139.0,478.0
2019-02-20,298235,1250203,1250203,290.0,1.0,3.0,20190.0,20.0,130.0,305.0
2019-02-21,160786,726961,726961,163.0,1.0,0.0,10095.0,10.0,76.0,150.0
2019-02-22,191338,640384,640384,187.0,1.0,4.0,16152.0,16.0,114.0,179.0
2019-02-23,165582,505674,505674,113.0,0.0,1.0,10095.0,10.0,89.0,149.0
2019-02-24,402388,1510108,1510108,594.0,1.0,15.0,38361.0,38.0,181.0,643.0
2019-02-25,372133,1457565,1457565,585.0,0.0,5.0,34323.0,34.0,248.0,532.0
2019-02-26,166922,689229,689229,109.0,0.0,0.0,8076.0,8.0,17.0,112.0
2019-02-27,422062,1041653,1041653,403.0,1.0,6.0,28266.0,28.0,135.0,499.0
2019-02-28,39049,140762,140762,41.0,0.0,3.0,4038.0,4.0,20.0,35.0
2019-03-01,294891,1395372,1395372,476.0,0.0,4.0,30285.0,45.0,178.0,282.0
2019-03-02,154904,223482,223482,154.0,2.0,9.0,18171.0,27.0,127.0,330.0
2019-03-03,189947,924013,924013,331.0,0.0,1.0,18171.0,27.0,90.0,287.0
2019-03-04,285877,944769,944769,496.0,2.0,11.0,32304.0,48.0,121.0,330.0
2019-03-05,384226,1561516,1561516,536.0,2.0,10.0,36342.0,54.0,189.0,513.0
2019-03-06,250631,560001,560001,305.0,1.0,9.0,26247.0,39.0,117.0,451.0
2019-03-07,140791,602103,602103,160.0,0.0,2.0,10095.0,15.0,50.0,108.0
2019-03-08,430323,1318350,1318350,675.0,4.0,23.0,68646.0,102.0,620.0,1167.0
2019-03-09,260768,638282,638282,279.0,2.0,5.0,22209.0,33.0,206.0,290.0
2019-03-10,201855,557834,557834,259.0,0.0,11.0,22209.0,33.0,98.0,243.0
2019-03-11,215267,413362,413362,347.0,2.0,14.0,30285.0,45.0,78.0,511.0
2019-03-12,143863,502430,502430,242.0,0.0,2.0,12114.0,18.0,90.0,97.0
2019-03-13,602692,1595711,1595711,812.0,6.0,32.0,72684.0,108.0,324.0,1054.0
2019-03-14,296190,1189532,1189532,344.0,0.0,4.0,26247.0,39.0,163.0,374.0
2019-03-15,281707,1265734,1265734,388.0,0.0,6.0,26247.0,39.0,175.0,385.0
2019-03-16,397947,836921,836921,418.0,0.0,9.0,40380.0,60.0,375.0,533.0
2019-03-17,505068,1303689,1303689,845.0,1.0,26.0,62589.0,93.0,551.0,1132.0
2019-03-18,317716,1407758,1407758,389.0,0.0,2.0,26247.0,39.0,191.0,385.0
2019-03-19,287660,1068797,1068797,162.0,2.0,3.0,22209.0,33.0,130.0,351.0
2019-03-20,274844,1062245,1062245,348.0,0.0,2.0,22209.0,33.0,126.0,356.0
2019-03-21,182112,754416,754416,160.0,1.0,5.0,14133.0,21.0,63.0,125.0
2019-03-22,279155,934013,934013,329.0,0.0,10.0,30285.0,45.0,163.0,504.0
2019-03-24,237175,1216359,1216359,21.0,0.0,0.0,6057.0,9.0,44.0,45.0
2019-03-25,375180,624113,624113,148.0,0.0,8.0,18171.0,27.0,110.0,191.0
2019-03-26,302391,930665,930665,325.0,2.0,19.0,32304.0,48.0,147.0,483.0
2019-03-27,221834,860539,860539,205.0,1.0,7.0,22209.0,33.0,142.0,303.0
2019-03-28,342438,1421782,1421782,346.0,1.0,0.0,26247.0,39.0,165.0,313.0
2019-03-29,345564,1518166,1518166,426.0,3.0,0.0,26247.0,39.0,169.0,382.0
2019-03-30,130516,568919,568919,206.0,1.0,5.0,10095.0,15.0,77.0,131.0
2019-03-31,90370,376843,376843,129.0,0.0,1.0,6057.0,9.0,61.0,101.0
2019-04-01,209858,567979,567979,242.0,0.0,6.0,16152.0,32.0,104.0,183.0
2019-04-02,331684,1340369,1340369,645.0,0.0,5.0,34323.0,68.0,163.0,655.0
2019-04-03,94021,395244,395244,150.0,0.0,1.0,8076.0,16.0,56.0,117.0
2019-04-04,288073,1144266,1144266,219.0,0.0,1.0,20190.0,40.0,170.0,364.0
2019-04-05,319405,1209471,1209471,508.0,0.0,8.0,40380.0,80.0,337.0,467.0
2019-04-06,353770,1249434,1249434,617.0,1.0,20.0,42399.0,84.0,324.0,806.0
2019-04-07,129313,449977,449977,178.0,0.0,5.0,12114.0,24.0,114.0,211.0
2019-04-08,195005,648403,648403,275.0,1.0,5.0,20190.0,40.0,110.0,282.0
2019-04-09,313465,1060193,1060193,344.0,0.0,7.0,34323.0,68.0,200.0,556.0
2019-04-10,241846,852449,852449,294.0,0.0,9.0,24228.0,48.0,107.0,299.0
2019-04-11,226769,837141,837141,232.0,1.0,9.0,22209.0,44.0,138.0,374.0
2019-04-12,328850,1074439,1074439,303.0,1.0,9.0,28266.0,56.0,151.0,458.0
2019-04-13,368990,1096854,1096854,517.0,0.0,7.0,34323.0,68.0,162.0,620.0
2019-04-14,214833,976799,976799,262.0,0.0,5.0,18171.0,36.0,88.0,228.0
2019-04-15,503578,2199751,2199751,599.0,0.0,9.0,42399.0,84.0,246.0,710.0
2019-04-16,119972,512323,512323,128.0,1.0,4.0,12114.0,24.0,98.0,146.0
2019-04-17,236704,846574,846574,358.0,0.0,9.0,22209.0,44.0,101.0,349.0
2019-04-18,498404,1543400,1543400,392.0,0.0,25.0,40380.0,80.0,293.0,580.0
2019-04-19,334858,1126406,1126406,431.0,0.0,11.0,32304.0,64.0,260.0,553.0
2019-04-20,299324,868002,868002,318.0,4.0,20.0,34323.0,68.0,319.0,524.0
2019-04-21,342711,1454388,1454388,352.0,0.0,5.0,26247.0,52.0,125.0,421.0
2019-04-22,611876,1246837,1246837,849.0,7.0,50.0,84798.0,168.0,858.0,1582.0
2019-04-23,408733,1612772,1612772,615.0,3.0,9.0,38361.0,76.0,222.0,576.0
2019-04-24,376831,1525654,1525654,636.0,2.0,3.0,34323.0,68.0,232.0,490.0
2019-04-25,379694,774596,774596,536.0,1.0,21.0,42399.0,84.0,287.0,588.0
2019-04-26,248220,943591,943591,341.0,2.0,5.0,24228.0,48.0,174.0,355.0
2019-04-27,137243,652869,652869,289.0,5.0,4.0,20190.0,40.0,187.0,253.0
2019-04-28,159091,641785,641785,183.0,2.0,3.0,16152.0,32.0,29.0,270.0
2019-04-29,221604,907127,907127,458.0,0.0,4.0,22209.0,44.0,165.0,343.0
2019-04-30,269172,1050007,1050007,349.0,0.0,6.0,22209.0,44.0,172.0,245.0
2019-05-01,346803,780887,780887,1275.0,4.0,130.0,137292.0,340.0,678.0,1186.0
2019-05-02,367596,722523,722523,530.0,1.0,23.0,48456.0,120.0,133.0,911.0
2019-05-03,443235,1530270,1530270,570.0,3.0,15.0,42399.0,105.0,298.0,549.0
2019-05-04,449070,786608,786608,586.0,3.0,25.0,46437.0,115.0,279.0,686.0
2019-05-05,396053,886324,886324,846.0,1.0,30.0,60570.0,150.0,407.0,953.0
2019-05-06,331585,1439179,1439179,462.0,1.0,3.0,28266.0,70.0,126.0,342.0
2019-05-07,57848,230450,230450,57.0,1.0,3.0,6057.0,15.0,48.0,143.0
2019-05-08,617761,1794091,1794091,979.0,4.0,37.0,76722.0,190.0,407.0,1144.0
2019-05-09,113609,458716,458716,161.0,1.0,4.0,12114.0,30.0,74.0,169.0
2019-05-10,427147,1441827,1441827,1348.0,0.0,16.0,82779.0,205.0,406.0,1329.0
2019-05-11,800890,619026,619026,1566.0,3.0,105.0,143349.0,355.0,877.0,1504.0
2019-05-12,472972,1335099,1335099,852.0,1.0,20.0,58551.0,145.0,468.0,663.0
2019-05-13,465890,1917053,1917053,1104.0,0.0,15.0,58551.0,145.0,377.0,849.0
2019-05-14,255440,1199419,1199419,713.0,0.0,4.0,32304.0,80.0,203.0,531.0
2019-05-15,180496,581831,581831,236.0,1.0,3.0,16152.0,40.0,101.0,270.0
2019-05-16,176828,390809,390809,283.0,1.0,11.0,20190.0,50.0,138.0,335.0
2019-05-17,361834,1529639,1529639,388.0,0.0,3.0,30285.0,75.0,190.0,497.0
2019-05-18,279100,341065,341065,271.0,0.0,14.0,28266.0,70.0,288.0,320.0
2019-05-19,369592,1528065,1528065,687.0,0.0,7.0,36342.0,90.0,270.0,700.0
2019-05-20,261862,1087784,1087784,631.0,5.0,3.0,38361.0,95.0,220.0,461.0
2019-05-21,256125,984382,984382,435.0,4.0,3.0,32304.0,80.0,217.0,417.0
2019-05-22,538587,1741632,1741632,1037.0,2.0,16.0,70665.0,175.0,371.0,1055.0
2019-05-23,292582,1216688,1216688,480.0,1.0,3.0,28266.0,70.0,156.0,470.0
2019-05-24,530959,1889652,1889652,843.0,2.0,26.0,56532.0,140.0,201.0,737.0
2019-05-25,353718,809161,809161,499.0,2.0,18.0,40380.0,100.0,284.0,675.0
2019-05-26,341398,1050249,1050249,348.0,3.0,15.0,24228.0,60.0,85.0,409.0
2019-05-27,315334,1114605,1114605,422.0,2.0,10.0,36342.0,90.0,228.0,565.0
2019-05-28,153613,641080,641080,232.0,2.0,6.0,18171.0,45.0,114.0,278.0
2019-05-29,228814,720464,720464,191.0,0.0,3.0,16152.0,40.0,74.0,230.0
2019-05-30,410605,1635155,1635155,633.0,0.0,7.0,40380.0,100.0,276.0,672.0
2019-05-31,326267,1146950,1146950,458.0,1.0,8.0,30285.0,75.0,196.0,416.0
2019-06-01,246509,685178,685178,597.0,1.0,24.0,44418.0,132.0,479.0,594.0
2019-06-02,325637,1063847,1063847,498.0,1.0,8.0,30285.0,90.0,188.0,534.0
2019-06-03,401763,1435960,1435960,689.0,1.0,18.0,42399.0,126.0,289.0,783.0
2019-06-04,105474,376976,376976,107.0,2.0,10.0,14133.0,42.0,109.0,192.0
2019-06-05,298642,1197644,1197644,641.0,2.0,4.0,30285.0,90.0,123.0,418.0
2019-06-06,193206,837358,837358,265.0,9.0,4.0,22209.0,66.0,139.0,409.0
2019-06-07,258012,1157766,1157766,415.0,2.0,2.0,32304.0,96.0,225.0,573.0
2019-06-08,281363,1294799,1294799,506.0,0.0,5.0,26247.0,78.0,129.0,398.0
2019-06-09,530881,1229506,1229506,908.0,2.0,30.0,58551.0,174.0,450.0,877.0
2019-06-10,346730,834179,834179,408.0,0.0,12.0,34323.0,102.0,228.0,352.0
2019-06-11,278970,1227915,1227915,606.0,2.0,5.0,42399.0,126.0,244.0,747.0
2019-06-12,164297,588820,588820,373.0,0.0,2.0,18171.0,54.0,89.0,243.0
2019-06-13,470925,1937207,1937207,1129.0,0.0,20.0,74703.0,222.0,331.0,1068.0
2019-06-14,190886,687983,687983,327.0,3.0,13.0,28266.0,84.0,237.0,402.0
2019-06-15,408136,835181,835181,788.0,5.0,46.0,74703.0,222.0,472.0,1195.0
2019-06-16,416220,1834947,1834947,867.0,0.0,11.0,48456.0,144.0,242.0,813.0
2019-06-17,137635,535996,535996,239.0,1.0,8.0,18171.0,54.0,86.0,286.0
2019-06-18,271757,1235948,1235948,517.0,1.0,4.0,32304.0,96.0,162.0,531.0
2019-06-19,303520,1313334,1313334,475.0,6.0,2.0,30285.0,90.0,177.0,459.0
2019-06-20,138203,623116,623116,122.0,0.0,7.0,12114.0,36.0,80.0,170.0
2019-06-21,231643,968854,968854,280.0,0.0,2.0,14133.0,42.0,95.0,100.0
2019-06-22,354178,1336799,1336799,426.0,7.0,10.0,40380.0,120.0,277.0,969.0
2019-06-23,74635,376033,376033,105.0,0.0,0.0,6057.0,18.0,39.0,79.0
2019-06-24,248659,629970,629970,427.0,1.0,8.0,30285.0,90.0,152.0,331.0
2019-06-25,191398,734892,734892,428.0,1.0,7.0,26247.0,78.0,200.0,449.0
2019-06-26,511507,1676849,1676849,1309.0,13.0,39.0,90855.0,270.0,632.0,1664.0
2019-06-27,353766,1520002,1520002,257.0,1.0,4.0,22209.0,66.0,88.0,323.0
2019-06-28,210153,973450,973450,209.0,1.0,0.0,12114.0,36.0,63.0,213.0
2019-06-29,117680,595481,595481,393.0,1.0,0.0,18171.0,54.0,182.0,240.0
2019-06-30,107207,459227,459227,140.0,0.0,6.0,8076.0,24.0,20.0,78.0
2019-07-01,308622,1472199,1472199,633.0,0.0,6.0,38361.0,133.0,252.0,548.0
2019-07-02,266033,1227351,1227351,543.0,0.0,1.0,32304.0,112.0,274.0,454.0
2019-07-03,440356,2035444,2035444,596.0,2.0,2.0,36342.0,126.0,223.0,467.0
2019-07-04,281714,1304959,1304959,462.0,0.0,2.0,26247.0,91.0,166.0,439.0
2019-07-05,549970,976229,976229,570.0,7.0,40.0,76722.0,266.0,126.0,1544.0
2019-07-06,262044,712629,712629,427.0,1.0,11.0,38361.0,133.0,233.0,460.0
2019-07-07,251199,1081013,1081013,464.0,0.0,11.0,28266.0,98.0,271.0,351.0
2019-07-08,192390,764779,764779,299.0,1.0,10.0,26247.0,91.0,179.0,330.0
2019-07-09,224705,957301,957301,466.0,0.0,10.0,28266.0,98.0,179.0,475.0
2019-07-10,392707,1422858,1422858,595.0,1.0,5.0,44418.0,154.0,198.0,690.0
2019-07-11,427671,1830978,1830978,1165.0,1.0,9.0,64608.0,224.0,353.0,879.0
2019-07-12,536070,1283206,1283206,1279.0,13.0,49.0,109026.0,378.0,519.0,1853.0
2019-07-13,477140,843242,843242,832.0,6.0,47.0,80760.0,280.0,415.0,1224.0
2019-07-14,366575,1120896,1120896,514.0,4.0,45.0,62589.0,217.0,383.0,1232.0
2019-07-15,574456,2639593,2639593,677.0,0.0,3.0,36342.0,126.0,235.0,633.0
2019-07-16,370937,1625850,1625850,403.0,0.0,5.0,24228.0,84.0,161.0,318.0
2019-07-17,411179,1808138,1808138,519.0,2.0,1.0,28266.0,98.0,169.0,312.0
2019-07-18,265628,1168931,1168931,482.0,5.0,5.0,28266.0,98.0,175.0,428.0
2019-07-19,634295,1894104,1894104,890.0,3.0,7.0,50475.0,175.0,294.0,717.0
2019-07-20,642596,810322,810322,590.0,6.0,41.0,62589.0,217.0,479.0,658.0
2019-07-21,240063,1135254,1135254,268.0,0.0,3.0,20190.0,70.0,128.0,298.0
2019-07-22,408482,1814464,1814464,740.0,0.0,2.0,42399.0,147.0,247.0,653.0
2019-07-23,348530,1722748,1722748,648.0,1.0,7.0,40380.0,140.0,296.0,680.0
2019-07-24,671643,2164219,2164219,704.0,3.0,20.0,68646.0,238.0,522.0,1001.0
2019-07-25,553112,2084859,2084859,455.0,3.0,25.0,52494.0,182.0,250.0,654.0
2019-07-26,327779,1330286,1330286,448.0,0.0,5.0,32304.0,112.0,252.0,503.0
2019-07-27,344232,1396831,1396831,440.0,1.0,1.0,24228.0,84.0,197.0,333.0
2019-07-28,546895,2116912,2116912,717.0,0.0,12.0,48456.0,168.0,203.0,707.0
2019-07-29,417884,1708014,1708014,734.0,2.0,9.0,48456.0,168.0,313.0,745.0
2019-07-30,507708,1875408,1875408,875.0,3.0,16.0,58551.0,203.0,385.0,970.0
2019-07-31,327726,1390228,1390228,581.0,0.0,5.0,38361.0,133.0,350.0,748.0
2019-08-01,267711,1172706,1172706,518.0,1.0,4.0,32304.0,128.0,194.0,403.0
2019-08-02,468876,1878641,1878641,393.0,3.0,3.0,26247.0,104.0,146.0,315.0
2019-08-03,219034,605102,605102,324.0,3.0,10.0,30285.0,120.0,236.0,469.0
2019-08-04,188811,1117848,1117848,254.0,0.0,0.0,18171.0,72.0,91.0,261.0
2019-08-05,245795,971586,971586,389.0,0.0,2.0,22209.0,88.0,151.0,387.0
2019-08-06,303389,1151840,1151840,575.0,2.0,16.0,36342.0,144.0,205.0,662.0
2019-08-07,407389,1726603,1726603,767.0,1.0,8.0,42399.0,168.0,282.0,781.0
2019-08-08,323652,1579348,1579348,752.0,0.0,0.0,36342.0,144.0,201.0,535.0
2019-08-09,190829,516228,516228,271.0,1.0,10.0,18171.0,72.0,116.0,288.0
2019-08-10,346900,1149311,1149311,463.0,0.0,3.0,22209.0,88.0,196.0,390.0
2019-08-11,98086,508081,508081,244.0,0.0,1.0,10095.0,40.0,67.0,202.0
2019-08-12,260823,387089,387089,374.0,0.0,28.0,38361.0,152.0,279.0,619.0
2019-08-13,543189,1221003,1221003,738.0,2.0,37.0,78741.0,312.0,643.0,1391.0
2019-08-14,384068,1231423,1231423,709.0,3.0,16.0,50475.0,200.0,282.0,909.0
2019-08-15,494225,1214405,1214405,789.0,1.0,23.0,66627.0,264.0,459.0,1197.0
2019-08-16,420834,1434156,1434156,488.0,3.0,11.0,50475.0,200.0,386.0,1045.0
2019-08-17,430935,628394,628394,621.0,3.0,49.0,68646.0,272.0,654.0,1117.0
2019-08-18,279437,1172000,1172000,389.0,1.0,5.0,28266.0,112.0,243.0,376.0
2019-08-19,406670,1039573,1039573,649.0,1.0,18.0,38361.0,152.0,220.0,551.0
2019-08-20,604235,1478481,1478481,583.0,1.0,28.0,70665.0,280.0,459.0,1127.0
2019-08-21,336948,1379670,1379670,794.0,1.0,18.0,48456.0,192.0,375.0,868.0
2019-08-22,162642,661947,661947,364.0,0.0,4.0,24228.0,96.0,211.0,467.0
2019-08-23,523228,1517708,1517708,1184.0,5.0,44.0,92874.0,368.0,379.0,1505.0
2019-08-24,406873,1352789,1352789,755.0,2.0,31.0,70665.0,280.0,298.0,951.0
2019-08-25,491897,1298103,1298103,764.0,6.0,34.0,74703.0,296.0,655.0,1417.0
2019-08-26,214527,882478,882478,215.0,3.0,2.0,26247.0,104.0,145.0,392.0
2019-08-27,296101,1277115,1277115,665.0,2.0,2.0,38361.0,152.0,334.0,613.0
2019-08-28,299829,1316941,1316941,594.0,0.0,7.0,30285.0,120.0,210.0,435.0
2019-08-29,266015,973679,973679,513.0,1.0,4.0,30285.0,120.0,167.0,427.0
2019-08-30,297770,1080255,1080255,634.0,3.0,16.0,48456.0,192.0,382.0,747.0
2019-08-31,419062,1260173,1260173,1381.0,15.0,59.0,123159.0,488.0,769.0,1320.0
2019-09-01,360237,692599,692599,791.0,11.0,30.0,68646.0,306.0,470.0,634.0
2019-09-02,334256,1140354,1140354,1096.0,5.0,35.0,66627.0,297.0,425.0,1196.0
2019-09-03,196017,762640,762640,662.0,12.0,15.0,44418.0,198.0,312.0,719.0
2019-09-04,288239,1025304,1025304,806.0,3.0,17.0,50475.0,225.0,341.0,633.0
2019-09-05,315354,1161053,1161053,796.0,8.0,21.0,60570.0,270.0,371.0,959.0
2019-09-06,314652,1300492,1300492,746.0,3.0,16.0,52494.0,234.0,326.0,684.0
2019-09-07,400062,1197273,1197273,735.0,1.0,15.0,54513.0,243.0,426.0,1077.0
2019-09-08,146213,481297,481297,163.0,1.0,7.0,18171.0,81.0,140.0,264.0
2019-09-09,408538,1563471,1563471,1231.0,3.0,26.0,72684.0,324.0,434.0,1207.0
2019-09-10,280982,707717,707717,563.0,7.0,24.0,52494.0,234.0,296.0,965.0
2019-09-11,446136,1607543,1607543,941.0,2.0,30.0,66627.0,297.0,299.0,962.0
2019-09-12,339280,963644,963644,464.0,5.0,18.0,52494.0,234.0,162.0,619.0
2019-09-13,264274,707282,707282,450.0,2.0,8.0,32304.0,144.0,163.0,634.0
2019-09-14,334961,1124990,1124990,396.0,1.0,11.0,46437.0,207.0,387.0,588.0
2019-09-15,294387,1106380,1106380,526.0,2.0,7.0,36342.0,162.0,303.0,654.0
2019-09-16,401890,1544266,1544266,1070.0,5.0,23.0,62589.0,279.0,495.0,954.0
2019-09-17,174773,609263,609263,297.0,1.0,6.0,24228.0,108.0,131.0,356.0
2019-09-18,480664,1063264,1063264,867.0,3.0,44.0,86817.0,387.0,531.0,1579.0
2019-09-19,145252,668040,668040,186.0,0.0,0.0,14133.0,63.0,66.0,269.0
2019-09-20,219799,637862,637862,372.0,0.0,12.0,32304.0,144.0,145.0,352.0
2019-09-21,300163,985340,985340,455.0,0.0,11.0,38361.0,171.0,318.0,606.0
2019-09-22,355665,1286571,1286571,423.0,0.0,12.0,38361.0,171.0,226.0,486.0
2019-09-23,236541,888346,888346,299.0,2.0,6.0,26247.0,117.0,176.0,328.0
2019-09-24,435188,1616262,1616262,369.0,1.0,5.0,40380.0,180.0,267.0,442.0
2019-09-25,580079,1497030,1497030,732.0,0.0,32.0,74703.0,333.0,475.0,1314.0
2019-09-26,743285,1323001,1323001,998.0,1.0,57.0,111045.0,495.0,674.0,1156.0
2019-09-27,503101,1739945,1739945,552.0,0.0,5.0,48456.0,216.0,220.0,625.0
2019-09-28,510644,1451009,1451009,401.0,2.0,10.0,40380.0,180.0,249.0,441.0
2019-09-29,758779,1154544,1154544,1143.0,2.0,63.0,125178.0,558.0,609.0,1718.0
2019-09-30,763542,2488981,2488981,1012.0,1.0,19.0,70665.0,315.0,366.0,1065.0
2019-10-01,626325,1564561,1564561,758.0,1.0,27.0,60570.0,300.0,360.0,847.0
2019-10-02,609651,2082907,2082907,722.0,2.0,8.0,46437.0,230.0,348.0,609.0
2019-10-03,703766,1633009,1633009,686.0,2.0,29.0,84798.0,420.0,546.0,1207.0
2019-10-04,700715,2288166,2288166,839.0,3.0,21.0,72684.0,360.0,408.0,1072.0
2019-10-05,833828,2107255,2107255,893.0,1.0,29.0,90855.0,450.0,419.0,1127.0
2019-10-06,713065,1913875,1913875,931.0,1.0,31.0,88836.0,440.0,702.0,896.0
2019-10-07,420669,1436079,1436079,915.0,0.0,13.0,52494.0,260.0,340.0,788.0
2019-10-08,710582,1405225,1405225,1211.0,2.0,48.0,102969.0,510.0,427.0,1143.0
2019-10-09,706862,2170894,2170894,1262.0,3.0,20.0,98931.0,490.0,517.0,1431.0
2019-10-10,401252,1440030,1440030,662.0,1.0,16.0,48456.0,240.0,267.0,641.0
2019-10-11,464914,1074720,1074720,1010.0,9.0,52.0,104988.0,520.0,785.0,1809.0
2019-10-12,412816,1322401,1322401,606.0,1.0,26.0,56532.0,280.0,327.0,865.0
2019-10-13,420736,1503814,1503814,798.0,0.0,14.0,48456.0,240.0,322.0,645.0
2019-10-14,588675,2118226,2118226,934.0,0.0,18.0,68646.0,340.0,468.0,809.0
2019-10-15,297323,1082915,1082915,491.0,2.0,10.0,30285.0,150.0,183.0,472.0
2019-10-16,566807,1793037,1793037,597.0,1.0,9.0,50475.0,250.0,310.0,526.0
2019-10-17,789785,1778411,1778411,745.0,1.0,22.0,64608.0,320.0,301.0,908.0
2019-10-18,372471,1327824,1327824,546.0,9.0,7.0,44418.0,220.0,292.0,623.0
2019-10-19,686318,1256932,1256932,1049.0,3.0,56.0,111045.0,550.0,834.0,1139.0
2019-10-20,392941,1292960,1292960,615.0,3.0,6.0,44418.0,220.0,208.0,581.0
2019-10-21,252417,650624,650624,284.0,1.0,10.0,36342.0,180.0,82.0,749.0
2019-10-22,506659,1031849,1031849,884.0,10.0,55.0,82779.0,410.0,241.0,1250.0
2019-10-23,613610,1322365,1322365,1024.0,9.0,41.0,94893.0,470.0,524.0,1677.0
2019-10-24,219769,569953,569953,346.0,0.0,9.0,30285.0,150.0,133.0,433.0
2019-10-25,540094,1336572,1336572,1026.0,2.0,51.0,84798.0,420.0,676.0,1346.0
2019-10-26,643089,1774887,1774887,1021.0,2.0,22.0,72684.0,360.0,364.0,777.0
2019-10-27,229397,856649,856649,82.0,1.0,6.0,14133.0,70.0,94.0,223.0
2019-10-28,412969,1028424,1028424,267.0,4.0,14.0,28266.0,140.0,259.0,527.0
2019-10-29,619836,1404699,1404699,1191.0,1.0,43.0,96912.0,480.0,524.0,1984.0
2019-10-30,82179,0,0,206.0,0.0,16.0,22209.0,110.0,33.0,90.0
