model_100;19.195831629908586;3.8390747912843377e-35;0.2400218149026235;0.24349926908810934;0.2841375359147787;0.3229844768842061
model_101;24.15468052778799;2.715268756889275e-43;0.16472056259711584;0.18187973896662393;0.21129936332503957;0.24477625886599222
model_102;16.66465513024282;1.7348428267849177e-30;0.1856191804011663;0.18581472833951315;0.22149421557784077;0.2626487463712692
model_103;33.59308213425534;6.285963821438874e-56;0.11760903398195903;0.14210634430249533;0.16313986591994767;0.1892249956727028
model_104;17.725757339705908;1.758068271186251e-32;0.17218195150295892;0.17907741169134775;0.20234480142593383;0.23181544244289398
model_105;9.983345526948993;1.1894266380974276e-16;0.21144763876994452;0.1996706873178482;0.2305075262486934;0.2644403427839279
model_106;-3.080818068765678;0.0026729268719729955;0.21556015809377035;0.1807721604903539;0.21063221752643585;0.23420315980911255
model_107;28.61279814090192;1.1421778651841265e-49;0.14317517230908075;0.1601367543141047;0.18262688425679996;0.20531107485294342
model_108;24.541359347196675;7.042633492634462e-44;0.13925882428884506;0.15256498257319132;0.1756308541695277;0.20056646565596262
model_109;24.12841634067149;2.9775804403436783e-43;0.14837737257281938;0.16081470747788748;0.18464626615246135;0.2107034126917521
model_10;11.973669219140264;5.840695091580781e-21;0.1772595296303431;0.16884434968233109;0.1983005691568057;0.2290662775437037
model_110;29.84083422334369;2.734232148597435e-51;0.13909611602624258;0.15641150375207266;0.1776073439667622;0.201117475827535
model_111;19.933261016254033;1.964983504440646e-36;0.20320293307304382;0.2106990640362104;0.24359100078543022;0.2769041160742442
model_112;7.188528560679909;1.2543835789248007e-10;0.2056107223033905;0.1879844864209493;0.21744850541154545;0.2438699205716451
model_113;24.78267278917268;3.057347055520493e-44;0.15624232590198517;0.1673626403013865;0.19299889537195367;0.2168803115685781
model_114;29.81365347724049;2.9657266925916877e-51;0.15688046316305795;0.18477349479993185;0.2119148625433445;0.24297243356704712
model_115;27.93848541968272;9.35919000921059e-49;0.17696976164976755;0.19961366057395935;0.2339157578845819;0.26727262636025745
model_116;17.216595778908125;1.5638609288346887e-31;0.16094970454772314;0.16008072098096213;0.18617577006419497;0.20662112534046173
model_117;37.18024740147694;5.673134204869781e-60;0.1379756877819697;0.17449223001797995;0.20358961937328182;0.23208570977052054
model_118;13.04145569401022;3.1990274602732654e-23;0.21854917705059052;0.2096623182296753;0.24192943538228667;0.2738815148671468
model_119;19.876206965935875;2.4671929041446393e-36;0.15892799695332846;0.1703445464372635;0.19669922930498918;0.22943042467037836
model_11;27.477560630735645;4.0325977902479934e-48;0.15955737978219986;0.18477233250935873;0.20859131741027037;0.23640843232472739
model_120;25.33258486516261;4.6666753901472766e-45;0.18052201718091965;0.2014533132314682;0.22399954594671725;0.2556154231230418
model_121;16.456127048939678;4.349773085794186e-30;0.17017931739489237;0.17247572541236877;0.19929568476974965;0.23156400521596274
model_122;25.377802608571223;4.003706186778374e-45;0.18460444112618765;0.2081873615582784;0.23771673808495206;0.2748897969722748
model_123;16.547738459335502;2.90262257563733e-30;0.16240832209587097;0.1674646536509196;0.18810046946009;0.21545457343260446
model_124;24.403542053236755;1.137249704960246e-43;0.13986809303363165;0.15297313034534454;0.17881888682643574;0.20402124027411142
model_125;18.882133916022557;1.3872855770534982e-34;0.23472736775875092;0.24321706593036652;0.2815188718835513;0.32227744658788043
model_126;20.988475760455408;3.1319096116777726e-38;0.19971539080142975;0.21277990440527597;0.25025957922140757;0.2921842038631439
model_127;35.95998578431182;1.2321228444584637e-58;0.13809518764416376;0.16486899058024088;0.19115908086299893;0.2156621515750885
model_128;-2.0645729167165263;0.04157793906089128;0.20393007000287375;0.1781056026617686;0.20090813368558882;0.22409093379974365
model_129;22.29736906406757;2.211215931011465e-40;0.16028262178103128;0.17356602350870767;0.20376559235155586;0.23926677306493124
model_12;18.128831123797788;3.189715789797534e-33;0.22063693404197693;0.22544795274734497;0.24308215600748856;0.26841220259666443
model_130;18.9591464233209;1.0108840458444432e-34;0.15695874392986298;0.1617593616247177;0.1916050470620394;0.22212026516596475
model_131;27.67429000692192;2.1569340805289196e-48;0.15898464123408;0.17644890149434408;0.20113068190713726;0.22380154331525168
model_132;28.951072114117174;4.0347762130440816e-50;0.15430153409639993;0.17563997705777487;0.20118984741469226;0.22832449773947397
model_133;19.810513067006116;3.207953508068316e-36;0.17202801009019217;0.1793161928653717;0.20402624264359479;0.23149923980236053
model_134;23.40851719623838;3.835923442110363e-42;0.14936997244755426;0.15833090742429098;0.18597367373605572;0.20710220436255136
model_135;20.27981242941914;4.973247460058641e-37;0.17099308470884958;0.17804084221522012;0.20773294130961098;0.23835674921671549
model_136;11.933940090397785;7.103122853970934e-21;0.18200052281220755;0.17583730816841125;0.20340386293828489;0.23496115704377493
model_137;12.952166792413028;4.924001460935039e-23;0.24736529091993967;0.24283826847871146;0.27527940467000006;0.31442560255527496
model_138;14.635961799589078;1.6731780177357058e-26;0.16980340083440146;0.16893965502580008;0.19701510240634285;0.2307861347993215
model_139;26.20590354171851;2.5062981629640364e-46;0.1822684109210968;0.20028873781363168;0.23197264512379967;0.26791181166966754
model_13;1.8370418933851567;0.06920367697101393;0.22914221386114755;0.2050087402264277;0.23254131625095997;0.2646692593892415
model_140;43.97675955133747;8.815771967144505e-67;0.12294367452462514;0.16694058726231256;0.19190900574127834;0.21924606462319693
model_141;12.411715811777539;6.811546511029098e-22;0.19185745219389597;0.1872540811697642;0.21421966192622982;0.24402515093485513
model_142;25.543961652026933;2.2839149175928937e-45;0.15176202605168024;0.16585798561573029;0.1905096315344175;0.2184265454610189
model_143;37.46574269227623;2.796053317184702e-60;0.14221274356047311;0.17823593815167746;0.20240571118891243;0.23125170171260834
model_144;6.968686994897417;3.5942497975399565e-10;0.16551396995782852;0.1559468408425649;0.17417604650060337;0.19587249557177225
model_145;30.651516879268762;2.4878723685876124e-52;0.1531193827589353;0.173241525888443;0.1960373337070147;0.22106525798638663
model_146;30.809238533517195;1.5699637925674002e-52;0.19987303018569946;0.22896550595760345;0.26787969000637524;0.3054882933696111
model_147;26.357936881987705;1.517708443108505e-46;0.15161782999833426;0.16421937197446823;0.19165136354664963;0.21623561779658
model_148;36.0784368635562;9.103057951907772e-59;0.12081853797038396;0.1474277824163437;0.17426247321069244;0.19894384344418845
model_149;23.657766481161314;1.573501344399729e-42;0.13684190064668655;0.14733139177163443;0.16606096915900706;0.18661906818548837
model_14;31.64616999620758;1.4083016549832298e-53;0.18701754013697305;0.2134926716486613;0.23897022527952988;0.2696392337481181
model_150;19.68095358081544;5.392284874906647e-36;0.17607317864894867;0.1853236754735311;0.2212946451703707;0.2577723761399587
model_151;18.731030859034814;2.5870856296025625e-34;0.1772950440645218;0.1807865450779597;0.21017867885529995;0.23957995573679605
model_152;32.71712191928337;6.940990286515704e-55;0.15546819319327673;0.18058560291926065;0.20658967616657417;0.23086277147134146
model_153;16.610971344038028;2.1968654561539814e-30;0.18318256239096323;0.1864974002043406;0.21120663305123646;0.2423691749572754
model_154;28.480839008337156;1.718559887396859e-49;0.13957748810450235;0.16061934332052866;0.18558656650284927;0.21243234475453696
model_155;21.442398654365615;5.496755836013965e-39;0.15983696281909943;0.16613723586002985;0.199025851264596;0.2283865213394165
model_156;22.71499311365498;4.741982180902823e-41;0.17056279381116232;0.18467680116494498;0.21285673595964913;0.24087849259376526
model_157;28.756942633094663;7.322385972787228e-50;0.1570772777001063;0.17871181666851044;0.2077878531813622;0.23672794302304587
model_158;26.190557518238183;2.6367828403245237e-46;0.14445122083028158;0.16301996012528738;0.18354324330886204;0.20894759396711984
model_159;28.917411437522187;4.473019789332646e-50;0.14923291405042013;0.17008591691652933;0.1932384778062502;0.219221830368042
model_15;2.6619197678495015;0.009067694472456797;0.1924114724000295;0.17140122254689535;0.1967661679287752;0.22081906100114188
model_160;23.666187211384614;1.5270121735612443e-42;0.14820382744073868;0.15959569811820984;0.18269273380438492;0.20882094899813333
model_161;23.20303150746118;8.036934049018408e-42;0.15374460071325302;0.16521897415320078;0.18815309606492517;0.20873963832855225
model_162;10.962546017057855;8.802134249449712e-19;0.19399088621139526;0.18782922128836313;0.21119697454075015;0.23709067702293396
model_163;2.369580799186744;0.019747559828178555;0.23290225863456726;0.2017387400070826;0.2378544573734204;0.2725311915079753
model_164;26.402373359656536;1.311279330677683e-46;0.12810972581307092;0.14338114857673645;0.15896133087575437;0.17842199405034384
model_165;28.45316466968257;1.8726524176752893e-49;0.13143090655406317;0.152154711385568;0.17741180323064332;0.20275576412677765
model_166;28.88364722561991;4.960910019863054e-50;0.14313590029875436;0.1663459688425064;0.19200293858846032;0.22220600644747415
model_167;19.2643611279377;2.9043210854349564e-35;0.15478925903638205;0.1589028239250183;0.18199090483287972;0.20776468018690744
model_168;11.672277133298412;2.5852810105442125e-20;0.16932807366053262;0.160452572007974;0.1861543774108092;0.20567836364110312
model_169;10.139785989635763;5.421818316258033e-17;0.17057663202285767;0.16115314265092215;0.18990820335845157;0.2216454098622004
model_16;20.06375277887991;1.1693103876625401e-36;0.18379539996385574;0.19310585657755533;0.22291777951021988;0.2618805964787801
model_170;17.397049958901007;7.180698088356031e-32;0.17300324638684592;0.17771893242994943;0.20499310550590355;0.23890585700670877
model_171;-0.5042097973587962;0.6152342719036549;0.21527628600597382;0.17804636557896933;0.21438324245313806;0.2384514013926188
model_172;19.129320438750817;5.035938352023092e-35;0.16588069374362627;0.17020095884799957;0.19487436361610888;0.22159614165623984
model_173;14.288323308595356;8.477549364061222e-26;0.16623042275508246;0.16331705947717032;0.18850823953747745;0.21461845934391022
model_174;24.834729093332133;2.5556718160401556e-44;0.1726214587688446;0.1951337605714798;0.2314856432874997;0.2754006584485372
model_175;17.828650722914816;1.1349036327169824e-32;0.16105068971713385;0.1673329845070839;0.18524461030960088;0.21080878376960754
model_176;35.42134629265404;4.9341111047130585e-58;0.1461885298291842;0.18601704637209573;0.21782684934635957;0.2589766283830007
model_177;26.187361248174454;2.664811011311194e-46;0.14666558553775152;0.16522207111120224;0.1957449826598167;0.22619820634524027
model_178;19.08230026349648;6.102962579536564e-35;0.1633722980817159;0.17037048190832138;0.19615311741828914;0.22847710053126016
model_179;12.983758672814576;4.226766567347977e-23;0.19507581988970438;0.19120839734872183;0.21696974200507008;0.2464538315931956
model_17;27.994934913305823;7.836259545370433e-49;0.19616634647051492;0.2194383591413498;0.2536616834749778;0.28444378077983856
model_180;14.875395910133912;5.518325434356932e-27;0.15952774385611215;0.16387636959552765;0.18527692198753357;0.21397831042607626
model_181;20.6762908321316;1.0510436910544862e-37;0.16355637709299722;0.17372309664885202;0.20234073693553611;0.23601503173510233
model_182;13.874202662086486;5.96706029111112e-25;0.15984908988078436;0.15615813930829367;0.18092889646689098;0.20517566800117493
model_183;27.822709619653086;1.3483652737297106e-48;0.14648926754792532;0.1672759254773458;0.1935037343700727;0.21727939446767172
model_184;25.257634357674128;6.018695328476657e-45;0.15513156602780023;0.1731922229131063;0.20052200965583325;0.22853417694568634
model_185;29.760593640901693;3.4762158004404776e-51;0.14957561592260996;0.1724439412355423;0.1962600164860487;0.22021234532197317
model_186;26.005777246450595;4.866750352940236e-46;0.1603601078192393;0.17978871862093607;0.20704645641148095;0.23891926805178323
model_187;24.062865374683486;3.749375102705961e-43;0.1610745886961619;0.17278028031190237;0.2029884631683429;0.2322865774234136
model_188;22.88012014224607;2.5934339407838756e-41;0.15124331414699554;0.16626957058906555;0.18570150509476663;0.21280265847841898
model_189;27.547208609837178;3.2300323237386556e-48;0.13513337075710297;0.15305944035450617;0.1713439008345206;0.19685369729995728
model_18;22.816552608808003;3.2704994549652725e-41;0.15560923516750336;0.16622518002986908;0.18799097773929435;0.21381501853466034
model_190;33.27511353096124;1.4939376214308227e-55;0.13919746379057565;0.16164550185203552;0.18450703501701354;0.20588613053162894
model_191;39.471765591876924;2.2046781681059922e-62;0.1270839994152387;0.1608120600382487;0.18015915731589;0.20792613923549652
model_192;19.487923166257826;1.1734436051933877e-35;0.17822506030400595;0.1866266280412674;0.21476367001732188;0.24855823318163553
model_193;15.885819251432912;5.526736638157526e-29;0.18285451332728067;0.18365126848220825;0.20642344680925206;0.23358170688152313
model_194;23.397622346122315;3.988886405919536e-42;0.13750905295213064;0.15097223222255707;0.18222969815135007;0.2147593249877294
model_195;26.569541857275727;7.578028605171808e-47;0.15262546638647714;0.17132534831762314;0.20051979285975297;0.22959037125110626
model_196;14.414228723634317;4.702404721601195e-26;0.17141862958669662;0.17267840603987375;0.19813646877805394;0.2326875776052475
model_197;24.14489447462277;2.8101668170448917e-43;0.15835623939832053;0.16918043295542398;0.19808692445357642;0.2265979746977488
model_198;14.125231121031398;1.8239461681194827e-25;0.19806149105230966;0.19789886474609375;0.2194548458854357;0.2484492560227712
model_199;18.72488806427726;2.653624574643291e-34;0.21740040679772696;0.21829349299271902;0.2599947209656238;0.2926176091035207
model_19;29.0410423396862;3.0642704520281875e-50;0.14471021791299185;0.1666419506072998;0.18752333809932073;0.21254818638165793
model_1;24.03606992095223;4.1203208701336806e-43;0.15821289271116257;0.1703838805357615;0.20109121493995188;0.22760634620984396
model_200;29.301220165366917;1.3880993315566406e-50;0.1576709896326065;0.17894339561462402;0.20561954230070112;0.23284635444482168
model_201;26.383244267085168;1.3964261403299886e-46;0.14727065712213516;0.16286219159762064;0.18494606621563434;0.2086086372534434
model_202;23.115698054566415;1.1020723487695775e-41;0.1540790448586146;0.1639844924211502;0.191673212647438;0.2172242353359858
model_203;27.097821619202662;1.362680022263429e-47;0.16133240858713785;0.18153918782869974;0.21013211722175285;0.2394791841506958
model_204;18.224791795164474;2.131009484627685e-33;0.20107077062129974;0.2063333292802175;0.23855836463471253;0.2693280378977458
model_205;-8.206903266196337;8.632649758438582e-13;0.22194146613279978;0.1905777802069982;0.2109345365812381;0.2335897982120514
model_206;24.89553078016802;2.0736642016414355e-44;0.2338365688920021;0.25039344529310864;0.29504940442740923;0.3323114812374115
model_207;27.955006779882105;8.884885999239207e-49;0.1791478469967842;0.19904295603434244;0.23429452843964105;0.2620410571495692
model_208;28.071940255342106;6.153014431060154e-49;0.13044756899277368;0.14238852759202322;0.16306624678273995;0.17975198725859323
model_209;26.60725641871638;6.698643427652213e-47;0.1382670725385348;0.15229345858097076;0.18029766554633775;0.20616301894187927
model_20;38.400643018442366;2.847025090902157e-61;0.12747172266244888;0.15933961669603983;0.1849703504890203;0.20922953883806863
model_210;0.8036197049875414;0.4235419830711161;0.20373132328192392;0.18512055774529776;0.20483040687938533;0.22883012890815735
model_211;36.5711288999362;2.6080394167998983e-59;0.1718652844429016;0.21486601481835046;0.24708504925171534;0.28359843293825787
model_212;27.874299197387092;1.145740003650546e-48;0.12338503201802571;0.14130369077126184;0.16368973615268864;0.1848261058330536
model_213;27.426395927598357;4.747949143424554e-48;0.14172756671905518;0.15751232455174127;0.18058037330706914;0.20383583505948386
model_214;32.399248807916614;1.6814894763587038e-54;0.14274763067563376;0.1662587101260821;0.1946805076301098;0.22015762329101562
model_215;19.976928481106572;1.6512857970759026e-36;0.15808144211769104;0.16521738469600677;0.1915874270101388;0.21923498312632242
model_216;17.9661759278616;6.335990084284274e-33;0.1595323532819748;0.16288012266159058;0.1852540911982457;0.21250913540522257
model_217;43.81413686976534;1.24979996435087e-66;0.13800831884145737;0.1806433399518331;0.20553759974737962;0.23497856656710306
model_218;37.02355560391095;8.381880308701408e-60;0.17303612331549326;0.2142717589934667;0.24037298465768495;0.2770139326651891
model_219;16.94882551418904;5.00153700059493e-31;0.14858340720335642;0.14758880933125815;0.1772300778826078;0.20208392043908438
model_21;23.55096916082371;2.303229316222621e-42;0.1445761409898599;0.1574575131138166;0.17908447665472824;0.2046853651603063
model_220;17.89969519537416;8.395698084041813e-33;0.17657325665156046;0.17787612477938333;0.20894754054645695;0.2446998953819275
model_221;31.115561542686482;6.455679398394483e-53;0.15414817134539285;0.17716983457406363;0.20352121916910015;0.22843719025452933
model_222;16.49690993115373;3.6324813284261096e-30;0.16918891916672388;0.1689987281958262;0.19198826769987742;0.21447007358074188
model_223;31.30011526280043;3.7923655296707497e-53;0.114485298593839;0.1363875319560369;0.15682089326282342;0.17838265498479208
model_224;30.347242823704367;6.080160112090543e-52;0.13033552467823029;0.1491322343548139;0.16674247955282528;0.18796621759732565
model_225;26.328297571404093;1.6733368630767281e-46;0.13853580753008524;0.15277035037676492;0.17753476920227207;0.20443167785803476
model_226;23.773858174518086;1.0413363780962195e-42;0.16099926829338074;0.17402050892512003;0.199411313633124;0.22885375221570334
model_227;29.268820854398673;1.5314889006352434e-50;0.1646037151416143;0.18579980731010437;0.21190501113732654;0.23978814979394278
model_228;27.23051471688755;8.891356895937481e-48;0.1609336957335472;0.1820885439713796;0.20996754969159764;0.2403483788172404
model_229;23.535109107117325;2.437560140693038e-42;0.16372231394052505;0.17906726400057474;0.21503721167643863;0.25409982601801556
model_22;28.166263097757888;4.5788320898824774e-49;0.1335707058509191;0.15291036168734232;0.170466449931264;0.19250043481588364
model_230;24.867978376648527;2.2795521004239697e-44;0.16518120964368185;0.18001329898834229;0.21324736692011356;0.24649522205193838
model_231;35.90988061386039;1.400802376012119e-58;0.15019989013671875;0.18421406547228494;0.21437031875054044;0.24872292081514993
model_232;23.873534044613404;7.314038616668798e-43;0.2746927887201309;0.3018978138764699;0.33780546836555003;0.3822634716828664
model_233;25.01879979252662;1.358979023297e-44;0.1830726613601049;0.20065159598986307;0.2266009209305048;0.25498470664024353
model_234;29.163498116611684;2.1094053210682997e-50;0.1714215874671936;0.19833155969778696;0.2259500638147195;0.26076269646485645
model_235;13.907158093344602;5.105117154004776e-25;0.20247282336155573;0.19899859031041464;0.2271821071455876;0.255394051472346
model_236;24.627550356041215;5.224009322120662e-44;0.1450390269358953;0.15937192738056183;0.1868873981386423;0.2159367799758911
model_237;25.61619951898636;1.7908557714927028e-45;0.2616528918345769;0.2821427086989085;0.32278840462366737;0.3618752757708232
model_238;33.888349774524244;2.830876152774242e-56;0.14846600343783697;0.18146878480911255;0.2131931071976821;0.24757838249206543
model_239;32.35134161795874;1.9225592150812226e-54;0.12085913121700287;0.14687290787696838;0.17043388540546103;0.19771874944368997
model_23;21.698403310461632;2.0819362484600563e-39;0.1513196180264155;0.16079499572515488;0.18862201114495597;0.21638710796833038
model_240;29.823995490879668;2.875400835223071e-51;0.1501153508822123;0.17551101744174957;0.20350606088836995;0.2343239982922872
model_241;26.391382631813926;1.3595395096951104e-46;0.1769946167866389;0.19793673356374106;0.23571286253631116;0.27009721597035724
model_242;31.706872986908348;1.1847547472883474e-53;0.13772775729497275;0.17086481799681982;0.19988868176937102;0.2328914354244868
model_243;14.996669825305547;3.1546893477299517e-27;0.18223928908507028;0.17963955799738565;0.2067889173577229;0.23158342142899832
model_244;12.37704395150498;8.069495397361963e-22;0.18981019655863443;0.1834427465995153;0.216585188806057;0.2539528508981069
model_245;25.900629485258726;6.907645211100527e-46;0.15051747610171637;0.16361249486605325;0.19369318952163062;0.21724219620227814
model_246;15.684618638036754;1.3683477417713857e-28;0.21619902551174164;0.2186117172241211;0.2550697177151839;0.29926013946533203
model_247;20.784610067137088;6.896263841358019e-38;0.16813496996959051;0.17692249019940695;0.20964717723429202;0.2468793640534083
model_248;19.857234575253617;2.6613998302502843e-36;0.1567560831705729;0.1619371473789215;0.18517753382523852;0.2134647617737452
model_249;29.87960609041932;2.4351881318387092e-51;0.14982971052328745;0.1765904724597931;0.20470317952334882;0.2360071192185084
model_24;24.314092247253605;1.5537751381840134e-43;0.1534533550341924;0.17307162284851074;0.19934646360576153;0.23081164807081223
model_250;34.699119913350444;3.262480064487262e-57;0.15121622383594513;0.17891829212506613;0.20782583673795063;0.23676053682963052
model_251;28.831413511139736;5.82368408698638e-50;0.148454487323761;0.16930855810642242;0.192896115158995;0.2178410142660141
model_252;16.907816013931697;5.9810862970685815e-31;0.20321188370386759;0.2083346645037333;0.23778093434870243;0.2741277739405632
model_253;31.796253104046894;9.189949503501459e-54;0.22635902961095175;0.26356978466113407;0.3032703896860281;0.3412589430809021
model_254;11.881639578903018;9.19197587865595e-21;0.1894230196873347;0.17636397977670035;0.2078376007080078;0.23387507100900015
model_255;33.25556944615604;1.5759381749301507e-55;0.1780906468629837;0.2074787045518557;0.2398145394772291;0.26753851771354675
model_256;21.351706021368376;7.767177686129008e-39;0.1681253264347712;0.1752947469552358;0.20127126763264339;0.22607247034708658
model_257;25.0247217190227;1.3317192311345483e-44;0.15974000841379166;0.1713937520980835;0.19641375489532945;0.22051758567492166
model_258;20.34283215121283;3.8797340871478735e-37;0.17529393484195074;0.1856218377749125;0.2182681712011496;0.2564093718926112
model_259;19.46780561996655;1.2728290554443323e-35;0.22125200430552164;0.23495611051718393;0.2713592108090719;0.3160989334185918
model_25;15.624873474415839;1.7928128543558198e-28;0.1984630674123764;0.1978134587407112;0.23211643901964024;0.26592588424682617
model_260;21.050068614043532;2.4697689961527725e-38;0.15643628935019174;0.1634705662727356;0.18883025192966066;0.21492276589075723
model_261;31.31345844530368;3.6496387810267726e-53;0.13784892112016678;0.1550715963045756;0.178122924938798;0.19805446763833365
model_262;19.643457205587023;6.269234898018495e-36;0.23315811157226562;0.2405837575594584;0.2676798583815495;0.2963768740495046
model_263;22.63102535697466;6.452528980351365e-41;0.14062551160653433;0.15165489415327707;0.18256797216832638;0.2150489091873169
model_264;21.62135207843204;2.7862939342822088e-39;0.22324596345424652;0.23128563165664673;0.2723242902010679;0.3127744793891907
model_265;18.929888964020773;1.1399535112412316e-34;0.19560015698273978;0.20099366207917532;0.2216620344916979;0.24944458901882172
model_266;18.480224650746827;7.324357954209427e-34;0.17807012796401978;0.1791527420282364;0.20780545470615233;0.2334349900484085
model_267;14.165864202049269;1.5065611672578557e-25;0.16332363585631052;0.16206207871437073;0.18815251188973584;0.21763873596986136
model_268;19.657406200088356;5.927354731300253e-36;0.14738931755224863;0.1508978803952535;0.17499825579424694;0.19790354371070862
model_269;20.695117934999505;9.767171986916218e-38;0.15291683624188104;0.1624563212196032;0.1892305174469948;0.22089259326457977
model_26;28.63280337165472;1.073720113441159e-49;0.15918840219577154;0.17467033366362253;0.20381198855737848;0.22824201981226602
model_270;21.456370019926116;5.212081403880085e-39;0.14468216647704443;0.15011721352736154;0.18009735882282257;0.20515371362368265
model_271;16.73448504908817;1.276771712512879e-30;0.16629314422607422;0.17272418240706125;0.19529339112341404;0.22524922589461008
model_272;11.190244266820155;2.8287837246218335e-19;0.214743102590243;0.20766750971476236;0.2345363519837459;0.2641310046116511
model_273;21.503010330017837;4.364993075567608e-39;0.17917447785536447;0.1921066294113795;0.22456019245088105;0.25873254736264545
model_274;37.23179969904913;4.990984706756231e-60;0.12122674907247226;0.14938031633694968;0.17341907965640233;0.19730370740095773
model_275;25.10374485613332;1.0165489857096603e-44;0.15294823547204336;0.1734127700328827;0.20205552471180754;0.2360953688621521
model_276;31.290236177460624;3.901655939640245e-53;0.1566311518351237;0.18845799565315247;0.219365929638346;0.25147895018259686
model_277;16.127816096515502;1.8699643711587865e-29;0.15629463642835617;0.15786260863145193;0.18166746887067953;0.20452909171581268
model_278;23.59915434766343;1.9391650358413428e-42;0.15330097575982413;0.1634704420963923;0.18666516882677875;0.2121896743774414
model_279;31.435040586989793;2.5745988410295823e-53;0.15309623877207437;0.1843485434850057;0.21788613572716717;0.2506314267714818
model_27;6.48859196340307;3.4524485748614245e-09;0.1910287837187449;0.17231198648611704;0.20191783373554548;0.2272264907757441
model_280;16.921861626863198;5.6255586412654355e-31;0.16468616326649985;0.1647128959496816;0.19264915811518826;0.22700859109560648
model_281;23.175684149762123;8.871339929689613e-42;0.15343686938285828;0.16702965398629507;0.19266091664632165;0.22186647355556488
model_282;24.19127133850196;2.388177802974321e-43;0.12927390138308206;0.14318469911813736;0.1690152402967215;0.19588995228211084
model_283;27.68692703566519;2.0722018571918806e-48;0.17323912183443704;0.2015069623788198;0.23505391597747802;0.2748706787824631
model_284;27.834550763740957;1.298871402054326e-48;0.1396793325742086;0.15632684528827667;0.1792331682642301;0.20104479789733887
model_285;19.32785774782164;2.243814247097726e-35;0.17808094123999277;0.18580267330010733;0.21013325770696004;0.24236360689004263
model_286;17.53029293963321;4.0525164674921845e-32;0.1602148488163948;0.16414102911949158;0.18707633939882118;0.21260607739289603
model_287;36.07860466889677;9.099160526282663e-59;0.14039372901121774;0.17241591215133667;0.20128416093687218;0.23516963919003805
model_288;38.12222377847394;5.592885674132951e-61;0.14209108302990595;0.17693500717480978;0.20077007119854287;0.2266207089026769
model_289;11.585009726376127;3.9821676532853774e-20;0.20644774536291757;0.1995977262655894;0.22473307584722835;0.2524026731650035
model_28;22.131761748214494;4.093804109915303e-40;0.15396387378374735;0.16858744124571481;0.19201232070724164;0.2192028413216273
model_290;15.5516267582714;2.498355328487235e-28;0.17684818307558695;0.17851788798967996;0.20182371251285075;0.226348876953125
model_291;33.007347266323585;3.113697024542861e-55;0.17199745774269104;0.20020716885725656;0.22888191923499107;0.26053816576798755
model_292;22.75196648068113;4.1415608177646846e-41;0.13015914460023245;0.14004707833131155;0.1687969639152288;0.19684996207555136
model_293;29.823755079638783;2.87746871465477e-51;0.13591374456882477;0.1609548181295395;0.1816882774978876;0.20971861481666565
model_294;33.6317031453338;5.661229776205527e-56;0.13047314683596292;0.15640642245610556;0.18358225740492343;0.20783816774686178
model_295;19.88117313617578;2.4187588632628893e-36;0.15275217841068903;0.15792449315388998;0.1772801182915767;0.19499626259009042
model_296;19.88103692174953;2.42007446982285e-36;0.14996218432982764;0.15736638009548187;0.18442766959468526;0.2158151219288508
model_297;18.077355924075505;3.962073240157257e-33;0.17559641848007837;0.1829944203297297;0.20327619912723702;0.22931443651517233
model_298;23.955531214213796;5.47363824960422e-43;0.13994902620712915;0.15594815214474997;0.17615308028956256;0.20097164809703827
model_299;40.35975061678075;2.768408848001753e-63;0.14201455811659494;0.1756481478611628;0.19576446366806824;0.21715020140012106
model_29;30.34736049207736;6.078050837411115e-52;0.13694606721401215;0.16249833504358926;0.1909647664924463;0.21943813065687814
model_2;0.2898102419989399;0.7725675257230203;0.20720349997282028;0.19002476831277212;0.20759120988349122;0.22983362277348837
model_300;35.328056993702845;6.2858531619896845e-58;0.15008243918418884;0.18118281165758768;0.2053431951254606;0.2309120943148931
model_301;29.165108003830323;2.099092991442663e-50;0.14004228760798773;0.161355326573054;0.18539245831469692;0.21112612386544546
model_302;25.23122058002186;6.584153027616591e-45;0.1558824429909388;0.17098758618036905;0.19309380414585273;0.21987701455752054
model_303;22.26657725380686;2.478942030305423e-40;0.206646462281545;0.21734455227851868;0.24799006439745427;0.27615458766619366
model_304;14.61234744117747;1.8673065884523598e-26;0.19133689999580383;0.18822171787420908;0.21957598865032196;0.2500053991874059
model_305;32.7835180906215;5.774950425391024e-55;0.12780465061465898;0.14625575641791025;0.16377604881922403;0.18000677227973938
model_306;29.275096957625774;1.5025909049385938e-50;0.18256821235020956;0.20866107940673828;0.2394113512833913;0.273623988032341
model_307;30.520726952481454;3.6497265093397065e-52;0.1374931832154592;0.16175085554520288;0.18419162069757783;0.21309709548950195
model_308;30.38977272174617;5.3639088807669414e-52;0.17888356248537698;0.2128119021654129;0.2428029231230418;0.2785072922706604
model_309;37.29022026606696;4.3173549014249066e-60;0.11253770192464192;0.14047800501187643;0.16201344512403013;0.1848312815030416
model_30;12.095077264273735;3.2144422744335736e-21;0.20777414987484613;0.19509152074654898;0.2328734871000051;0.27190907796223956
model_310;17.643307357747585;2.4990057892397254e-32;0.1558338850736618;0.1604518989721934;0.18295171832044918;0.2079601287841797
model_311;20.440880618426046;2.6389653190048892e-37;0.1829270968834559;0.1886533002058665;0.22011312432587146;0.24797374506791434
model_312;31.20572101280663;4.976650795221138e-53;0.15381906678279242;0.18629971891641617;0.2185816376407941;0.2525152713060379
model_313;15.663162731085512;1.5076940802540942e-28;0.21116437514623007;0.21223163604736328;0.24206958130002026;0.27324552337328595
model_314;7.134289258384039;1.6278228115514248e-10;0.21896536151568094;0.20018479973077774;0.23231891609728336;0.26513805985450745
model_315;23.74489004584957;1.1541642282079274e-42;0.15094412118196487;0.16452692449092865;0.18795984856784348;0.21437022586663565
model_316;29.082117979699554;2.7031532809654364e-50;0.15170831978321075;0.1714461942513784;0.1955720310161511;0.22448027630647024
model_317;22.194407365252257;3.241769469143401e-40;0.14345130324363708;0.15565578639507294;0.1754248841355244;0.20425885419050852
model_318;23.00413684304701;1.6515459781848264e-41;0.16554083923498789;0.17772141098976135;0.20271755111714207;0.23064589003721872
model_319;13.768629020452723;9.844012629584692e-25;0.16825338701407114;0.16244104504585266;0.18940933346748356;0.214747483531634
model_31;19.6806466521947;5.398936284077119e-36;0.2242152045170466;0.23702552914619446;0.26533381067216394;0.30168470243612927
model_320;28.230909185489338;3.74104130648469e-49;0.1556981305281321;0.17143900195757547;0.19143436613182227;0.21179981033007303
model_321;25.115466744447964;9.766837182697925e-45;0.1503887598713239;0.16126532355944315;0.19081010945141316;0.21693182984987894
model_322;-4.65667939894549;1.000265672064498e-05;0.20251440008481345;0.17144554356733957;0.19622752296427887;0.21923703451951346
model_323;24.032303767423578;4.175344902388881e-43;0.20893449584643045;0.22585535049438477;0.25915845734377707;0.2967749337355296
model_324;25.690898026971983;1.393398621046621e-45;0.13531308869520822;0.14846725265185037;0.17243547561268013;0.19862735271453857
model_325;14.369654153860543;5.792181662087518e-26;0.17217758297920227;0.16537403066953024;0.1984187063326438;0.22840002179145813
model_326;27.288697724565623;7.377025766224017e-48;0.15259108940760294;0.17224840819835663;0.1980255055675904;0.2227980395158132
model_327;31.475770596331216;2.291136620117475e-53;0.16019743184248605;0.19600414236386618;0.22255209711690743;0.2579511304696401
model_328;20.369089246553322;3.4989061005016248e-37;0.1513946702082952;0.15469309190909067;0.18692210820813973;0.20992147425810495
model_329;28.20913678235923;4.00435644208178e-49;0.15195360034704208;0.17632006605466208;0.20233349318305652;0.23262243966261545
model_32;30.229845355258902;8.599860295060814e-52;0.12429163853327434;0.14761321743329367;0.17280299663543702;0.19854286313056946
model_330;19.491929030118882;1.1546070199992517e-35;0.1906320552031199;0.1957457015911738;0.23454205157856148;0.2690982570250829
model_331;1.120051609769775;0.2654016748310601;0.24057327707608542;0.21169129014015198;0.24264546034236747;0.27473076184590656
model_332;24.465366155458472;9.170429270891944e-44;0.14839093883832297;0.16494155923525491;0.18954065613448617;0.21954525510470072
model_333;33.65773210264527;5.275901082283947e-56;0.12754384676615396;0.15954411526521048;0.18206231941779458;0.21516327063242593
model_334;29.961300164347424;1.9085932334543852e-51;0.18624902268250784;0.21017889181772867;0.2366418639073769;0.2651810199022293
model_335;26.697839420245522;4.983773704795209e-47;0.14812433222929636;0.16537315398454666;0.1979537821561098;0.22828788061936697
model_336;22.318309259541053;2.0459860092920877e-40;0.1354843204220136;0.14608669777711233;0.17592659376561645;0.20444736878077188
model_337;7.738477946466999;8.68029364464232e-12;0.19570210576057434;0.18270619213581085;0.2079485175510247;0.23209999004999796
model_338;28.51392707797049;1.5510086339405336e-49;0.14487339556217194;0.16504954795042673;0.1873018232981364;0.21268532673517862
model_339;18.71295369736871;2.7878673168639566e-34;0.15251481905579567;0.15706628064314523;0.18054099840422466;0.2095337212085724
model_33;8.33744568556826;4.5182655994649334e-13;0.20426554853717485;0.19438190758228302;0.21771561453739804;0.2483250250418981
model_340;28.131398959604798;5.1068235723511635e-49;0.14914206167062125;0.16865088045597076;0.1980056390166283;0.23184844851493835
model_341;24.540375748462548;7.066713029768471e-44;0.20796836415926614;0.22340037922064462;0.2636504917840163;0.3004617691040039
model_342;8.114168937185296;1.3659802451625776e-12;0.20225532228748003;0.19064805408318838;0.21378238243361317;0.23845466474692026
model_343;27.03734282215018;1.6562955325022538e-47;0.1445128694176674;0.160236157476902;0.18277127129336201;0.20529973010222116
model_344;12.605720900762945;2.6442239320616784e-22;0.2757703363895416;0.26836063961188;0.3048553722351789;0.3481273949146271
model_345;25.08743927279634;1.0747478139020741e-44;0.17159897089004517;0.18769079943497977;0.2217890228331089;0.25359446307023364
model_346;22.82922079070579;3.122646424315823e-41;0.16490177313486734;0.1723046600818634;0.1981997007379929;0.22435553868611655
model_347;9.641593931189512;6.621995373804776e-16;0.1707307149966558;0.16207137207190195;0.186056787148118;0.21150665481885275
model_348;22.49547534409828;1.0626486558315124e-40;0.14912058413028717;0.15948153535525003;0.18624985878666242;0.20843234409888586
model_349;21.811303286035873;1.3600572036467156e-39;0.166904054582119;0.17737357318401337;0.20890520873169108;0.23654201130072275
model_34;30.237783946590092;8.400291029765129e-52;0.1412722518046697;0.16688730070988336;0.2006125057737033;0.2295280396938324
model_350;21.86806680783441;1.0985676000205151e-39;0.15099303176005682;0.16090857982635498;0.18301710680127148;0.20645433167616525
model_351;28.308422595676205;2.937437910082763e-49;0.16119160254796347;0.17739167312781015;0.19882774035135903;0.2239153782526652
model_352;22.13190582134782;4.091605593235189e-40;0.16541153689225516;0.17650547126928964;0.20297760839263604;0.2288685142993927
model_353;27.165558517704504;1.0955984065844363e-47;0.13094898809989294;0.15249473849932352;0.17811971180140973;0.20993901789188385
model_354;19.905174291401277;2.197843577259129e-36;0.17979622880617777;0.18566148479779562;0.21453148608406386;0.24705193936824799
model_355;7.733050994401829;8.914122021494908e-12;0.22623110810915628;0.2128710001707077;0.24224478200078006;0.27596114079157513
model_356;32.70348272938756;7.20851487986596e-55;0.1524722476800283;0.18640300134817758;0.21555720977485177;0.25016917288303375
model_357;0.7003312756032655;0.4853630377523823;0.18738430738449097;0.15977912644545236;0.18861594555278619;0.21918288369973501
model_358;19.971935302001064;1.6844357420357138e-36;0.18840979039669037;0.1956168512503306;0.22248589180409908;0.24852747221787772
model_359;29.778955908586667;3.290223451596821e-51;0.15972590198119482;0.17570100476344427;0.1990515674650669;0.22066946824391684
model_35;28.857996488779712;5.36717456216826e-50;0.17174825072288513;0.19532495737075806;0.22487197612722715;0.2553112804889679
model_360;9.232502890201499;5.1650912927417865e-15;0.21001587311426798;0.19610430300235748;0.22933110127846393;0.26792563994725543
model_361;29.573751648529196;6.0922828200565e-51;0.16898122678200403;0.20421766738096872;0.23121347462137534;0.2688935001691182
model_362;23.671718804536173;1.4972295025147022e-42;0.15555409838755926;0.16802153488000235;0.19714766268928843;0.22659790019194284
model_363;37.49795643283321;2.582270805319035e-60;0.12259005506833394;0.15241707364718118;0.17457984117170175;0.19738907118638357
model_364;35.13317602973268;1.0442413106416927e-57;0.12308522313833237;0.15828131635983786;0.18579548093179862;0.21661736567815146
model_365;16.913456136148707;5.83568097313852e-31;0.17119899640480676;0.17402611672878265;0.19710659570991995;0.2224926551183065
model_366;17.662484011058794;2.302559022397181e-32;0.1787872016429901;0.18197160959243774;0.2084845976779858;0.2450469583272934
model_367;27.331776267995153;6.425847014449652e-48;0.15643801043430963;0.17625817159811655;0.20268898092210294;0.22947108248869577
model_368;27.761054689810347;1.638553629030073e-48;0.20272167026996613;0.23034491638342539;0.26792939248184366;0.3055956959724426
model_369;8.049696788455035;1.8783395676970534e-12;0.18645110229651132;0.17468771586815515;0.20132300985356175;0.23062518735726675
model_36;16.10447448753058;2.0753361668943756e-29;0.1670961156487465;0.16709053019682565;0.18533595604201156;0.20686685045560202
model_370;22.415217367574623;1.4291864986045291e-40;0.17279441157976785;0.1843295767903328;0.2046898075689872;0.23012523353099823
model_371;22.484705441347568;1.1057117716157972e-40;0.1476395626862844;0.15627582371234894;0.17789948885639506;0.20082678397496542
model_372;23.515715830679973;2.6126040800114953e-42;0.16105594485998154;0.1758121301730474;0.20035318404436112;0.23079018791516623
model_373;3.6023338253742287;0.0004953141377606991;0.20551316440105438;0.18772980074087778;0.21141266169647374;0.23937459786732992
model_374;19.069787822895094;6.423477096259772e-35;0.1843440035978953;0.18710819880167642;0.2195265193780263;0.2521332800388336
model_375;13.910196242270212;5.032248942689759e-25;0.16942747930685678;0.16847801705201468;0.19161879368126392;0.21982878943284354
model_376;30.338246275788332;6.243635100159307e-52;0.18271173040072122;0.2109800229469935;0.23655115209519867;0.267948438723882
model_377;33.55154546624879;7.035809383198777e-56;0.151955875257651;0.17862091461817423;0.20643773121138417;0.23278535902500153
model_378;32.491659295517714;1.2991477499641739e-54;0.1345766137043635;0.1639432137211164;0.1933885196596384;0.2231995811065038
model_379;18.954651929560285;1.0297102992527577e-34;0.162853534022967;0.16693189988533655;0.19255818200608096;0.22185524801413217
model_37;24.53398584506459;7.225179345664784e-44;0.1673811823129654;0.1825073609749476;0.21311905515690646;0.24567795793215433
model_380;29.84126510539459;2.730713065040019e-51;0.15152946362892786;0.17572430769602457;0.20538261733949184;0.23046896855036417
model_381;40.72041012352916;1.2057148155997834e-63;0.10079210996627808;0.13564585149288177;0.1587060175339381;0.18335652848084769
model_382;29.69489186868486;4.2330458943355493e-51;0.14463182787100473;0.16859599451224008;0.2001948267469804;0.230526993672053
model_383;17.59350142250708;3.091788365365968e-32;0.24811370174090067;0.2480026384194692;0.28967085386315977;0.33012805382410687
model_384;24.069181457607232;3.6669575215889245e-43;0.18932401140530905;0.20748010774453482;0.2418950234601895;0.27716698745886487
model_385;18.068079932360163;4.1200999507260627e-33;0.18535972386598587;0.18881210684776306;0.21477980506916844;0.24390228589375815
model_386;23.60726155089091;1.8838797378419695e-42;0.19192568957805634;0.2039717435836792;0.24240507200360298;0.2769426604111989
model_387;42.02810833450006;6.2487838928239154e-65;0.09841736902793248;0.13510098059972128;0.15907876878976823;0.18073387444019318
model_388;18.95630534759717;1.0227438434142632e-34;0.1569514274597168;0.16070046524206796;0.18751505290468531;0.2124404658873876
model_389;28.504720564557715;1.5959011091104086e-49;0.1812852000196775;0.20452592770258585;0.2398895865182082;0.26876946290334064
model_38;18.670508732857392;3.3232306171527364e-34;0.19159978131453195;0.19787809749444327;0.22374091550707817;0.25528497993946075
model_390;17.635349782707614;2.585400231609375e-32;0.16555751611789069;0.16926749547322592;0.18705059647560116;0.20843749245007834
model_391;4.386630015495446;2.877754988889886e-05;0.21270301192998886;0.19097039103507996;0.2197958444058895;0.2453050563732783
model_392;20.37229474639157;3.4550711385094366e-37;0.19235924383004507;0.20152467489242554;0.23066935665905475;0.26256529490152997
model_393;32.544909934049095;1.120003078838145e-54;0.13076219459374747;0.15125274658203125;0.17770598260064918;0.19591162105401358
model_394;27.301259027878203;7.085861585119105e-48;0.12807819992303848;0.14406860868136087;0.16890432327985763;0.19248036295175552
model_395;29.026296879888886;3.205464070665221e-50;0.14781630784273148;0.16362840930620828;0.1926157345622778;0.22045634190241495
model_396;21.550239914525516;3.648325400095533e-39;0.16413433104753494;0.17634882777929306;0.2045947479705016;0.2386166900396347
model_397;27.119897313385472;1.2691036133730915e-47;0.15385949611663818;0.17073965072631836;0.20442876798411214;0.2328358789285024
model_398;28.16221742542307;4.637161995944904e-49;0.14764470855394998;0.16960664093494415;0.19818986458082996;0.23058114449183145
model_399;41.102965712285034;5.0284564086743135e-64;0.11893279353777568;0.15791433304548264;0.18066740942498047;0.2064742147922516
model_39;18.2378355978471;2.0175026080503316e-33;0.16362453003724417;0.16637233396371207;0.19386571700374286;0.2254940172036489
model_3;8.369496864526678;3.853315151299478e-13;0.21506944298744202;0.20134135584036508;0.23302894617120423;0.26866188645362854
model_400;28.991603617750183;3.5641167602244607e-50;0.21347973744074503;0.24774053692817688;0.2783877670764923;0.32429612676302594
model_401;23.490621258201287;2.8580638768683193e-42;0.15391549468040466;0.16498141984144846;0.194314564888676;0.22345247864723206
model_402;30.053042700852785;1.452627935043795e-51;0.1635784978667895;0.1843998928864797;0.2099639680236578;0.23809474209944406
model_403;15.242419197224335;1.0214961313086158e-27;0.17376726369063059;0.1699768602848053;0.2011425549288591;0.2267434298992157
model_404;27.114841097385163;1.2899473495650375e-47;0.14183838665485382;0.16131268441677094;0.18451283402740956;0.20735771457354227
model_405;18.80653241304868;1.8941895475919695e-34;0.15763104458649954;0.16205456852912903;0.18466473634044328;0.21026746928691864
model_406;6.79567285773464;8.172386634041344e-10;0.1778490754465262;0.16724411149819693;0.18620392558475335;0.20707671344280243
model_407;25.052747231069464;1.2100042810790153e-44;0.14413703605532646;0.16163715720176697;0.18551347002387053;0.21642852326234183
model_408;37.409935847956746;3.209591853705345e-60;0.1207230935494105;0.1497791955868403;0.1705604952077071;0.19013118743896484
model_409;19.83839301815317;2.8695183145160702e-36;0.1624389390150706;0.17156692345937094;0.19663773337999976;0.22448543210824332
model_40;13.621964413460276;1.977425457530965e-24;0.17896324396133423;0.17568694551785788;0.20219093456864354;0.23132910331090292
model_410;21.36498031634517;7.383454941009142e-39;0.15634578838944435;0.16475699345270792;0.18993538714945316;0.2174098789691925
model_411;13.867474219287912;6.160278076394068e-25;0.1719306061665217;0.17017637689908346;0.1949780796219905;0.223053107659022
model_412;0.2335733820014402;0.8157984900923952;0.2147995407382647;0.19222724437713623;0.21514919936656948;0.2392147978146871
model_413;20.177480619775125;7.450562801876357e-37;0.13210625449816385;0.13909989595413208;0.16303144050141175;0.1914388487736384
model_414;23.489280902027634;2.8718102213681254e-42;0.14475024739901224;0.15802647173404694;0.18479617814222976;0.21093164881070456
model_415;28.587647766911868;1.2345281664393489e-49;0.14496386796236038;0.16451159119606018;0.18728591027359165;0.21351021528244019
model_416;25.05588955097488;1.1970762084956252e-44;0.15275149047374725;0.16722315549850464;0.19631083649893596;0.22361776729424795
model_417;23.154100542483903;9.591165898156918e-42;0.15565136075019836;0.16612056394418082;0.19073037634293236;0.22061601281166077
model_418;24.41059754423991;1.1096363882827787e-43;0.15079224109649658;0.16304653137922287;0.1877872055768967;0.21586522459983826
model_419;30.074455989098688;1.363087965035916e-51;0.1420277530948321;0.1635979562997818;0.18613063586254913;0.2099615583817164
model_41;30.61687514329153;2.753303603052343e-52;0.1553784633676211;0.18164348105589548;0.20693496964871888;0.23538446923096976
model_420;19.512136173804187;1.0641309963927042e-35;0.16478342562913895;0.1685889462629954;0.19468252077698708;0.21681312719980875
model_421;20.268905566577974;5.1918802354270705e-37;0.17181444664796194;0.17549022535483041;0.20619394468764463;0.23486553132534027
model_422;16.01876940518766;3.044464281202427e-29;0.18462133904298147;0.18845281998316446;0.2127383475005627;0.24390501777331033
model_423;24.81907735247323;2.697097372305893e-44;0.1655537113547325;0.1776584933201472;0.2094547000527382;0.23540454109509787
model_424;32.1014277349792;3.8777032626298173e-54;0.11810707052548726;0.1436091959476471;0.16915798855324587;0.19533848762512207
model_425;16.505474713600222;3.497671569325981e-30;0.18830170730749765;0.1911181459824244;0.22133924089372162;0.2588359514872233
model_426;35.82040598457435;1.7621769253843493e-58;0.1415845329562823;0.1697618911663691;0.19539626317719624;0.2178523192803065
model_427;30.229959712057234;8.596951771148799e-52;0.15526828418175379;0.17973454793294272;0.2049130598207315;0.23193534215291342
model_428;24.045373238054232;3.9875113148350966e-43;0.16718898713588715;0.18277268608411154;0.20879044572512306;0.23737837870915732
model_429;23.848845624510666;7.982125929042838e-43;0.14115438858668009;0.14893111089865366;0.17865251538654167;0.20406096676985422
model_42;22.566193820555082;8.189265096512936e-41;0.15969731410344443;0.16709683587153754;0.1880377337833245;0.20786186059316
model_430;24.856035554748203;2.3750883223254355e-44;0.14767624934514365;0.16202611476182938;0.1898368087907632;0.21717225511868796
model_431;27.894055325031143;1.0765403934560878e-48;0.19783218701680502;0.22200195491313934;0.2637289211650689;0.30588772396246594
model_432;16.316610092746163;8.070391243352078e-30;0.18257036805152893;0.17821281651655832;0.21048167866965137;0.24183175961176553
model_433;27.63574358957892;2.437610707579363e-48;0.16518735388914743;0.18848976492881775;0.2165678311387698;0.2594485580921173
model_434;23.11956914831295;1.0867374468183553e-41;0.154996191461881;0.16755388180414835;0.18875044174492359;0.21303189794222513
model_435;28.774768677619637;6.931507613339518e-50;0.1917602668205897;0.21428731580575308;0.23900587228437264;0.2673311233520508
model_436;19.199479356866053;3.7824211868382343e-35;0.171341339747111;0.1751887003580729;0.20112775010367237;0.23023482660452524
model_437;33.27378503888385;1.4993725593745273e-55;0.13623215754826865;0.16635807851950327;0.19334250323474408;0.22359134753545126
model_438;35.658838747209735;2.6703861640525336e-58;0.12411473939816157;0.15374068170785904;0.17661609741548695;0.20096340775489807
model_439;2.3479435822112973;0.020866433328353598;0.1988038718700409;0.17506561676661173;0.20215076590577763;0.22805488109588623
model_43;26.788236789226303;3.7129762531915093e-47;0.1419434274236361;0.1568448394536972;0.17840570588906604;0.19986853996912637
model_440;28.43827060753279;1.9612791984469852e-49;0.14008392890294394;0.15617146094640097;0.18470533634225533;0.21112247804800668
model_441;27.040613721562778;1.6388940732321232e-47;0.2143224154909452;0.23695139586925507;0.2714630478123824;0.3116386830806732
model_442;27.40589889431155;5.0692800818667095e-48;0.172195166349411;0.19456658264001211;0.2222342748194933;0.2531434694925944
model_443;30.019594093924383;1.6045243520914257e-51;0.14703486363093057;0.1700273131330808;0.1983364107708136;0.23214804629484811
model_444;21.240459512714587;1.1885439069473619e-38;0.16059129933516184;0.16965873539447784;0.18946717716753486;0.21121751765410104
model_445;21.55736492291022;3.551017644191639e-39;0.16014165182908377;0.1721768577893575;0.19259790015717346;0.21971135338147482
model_446;15.019367548091335;2.8417826626440046e-27;0.19334893922011057;0.19391062359015146;0.22598942063748834;0.26237719257672626
model_447;30.726454590265185;1.998610327791372e-52;0.15791998306910196;0.18601044515768686;0.21232852277656394;0.24946186939875284
model_448;21.346642659033275;7.918786918883822e-39;0.15395168463389078;0.1615353524684906;0.18805975861847404;0.21668526530265808
model_449;27.456820273183034;4.3084549627629656e-48;0.16348335395256677;0.1887296587228775;0.21511176032324633;0.24959056079387665
model_44;11.091270945552044;4.631628471245768e-19;0.1771770641207695;0.1703386108080546;0.1934875849882762;0.2205666850010554
model_450;11.532829075774208;5.1571780896412224e-20;0.24569886922836304;0.2354453057050705;0.2661142099648714;0.30025134483973187
model_451;20.937653156511175;3.8112724397346337e-38;0.15292518337567648;0.15974769492944083;0.18847150695820647;0.21464557945728302
model_452;39.119311578062515;5.081347538702597e-62;0.10419398794571559;0.1339555357893308;0.15627349421381953;0.17756489912668863
model_453;27.36646161997766;5.750594294713323e-48;0.17381184796492258;0.1942149301369985;0.22469414427876472;0.25539352496465045
model_454;22.33076937325134;1.9536338697929556e-40;0.1576737885673841;0.1671919971704483;0.18989244808753333;0.2123742252588272
model_455;26.413192852844993;1.2654586595020213e-46;0.14901662369569144;0.16544228792190552;0.19068715152641136;0.21868186195691428
model_456;28.66077265164186;9.848886953837284e-50;0.20184984803199768;0.22930757204691568;0.2698062734305859;0.3107598473628362
model_457;23.354384821555218;4.659079624538616e-42;0.14882654945055643;0.15968910356362662;0.18481776326894764;0.20975777506828308
model_458;12.139461933397419;2.58476552335688e-21;0.19908258318901062;0.19736544787883759;0.22060819869240128;0.24874443312486014
model_459;9.547559609908035;1.062044084224627e-15;0.22609740992387137;0.21743659178415933;0.24040804694096246;0.2657703409592311
model_45;1.3650087664530521;0.1753444121358801;0.18984501560529074;0.16721093157927194;0.19198223198453582;0.22483153641223907
model_460;23.575557850976093;2.109566804662545e-42;0.1518818363547325;0.15980652968088785;0.19471230022609234;0.22172109285990396
model_461;9.336292663766585;3.0681597963644708e-15;0.20210093756516775;0.193080206712087;0.21814315299193068;0.25278587142626446
model_462;27.051132085547177;1.5841756392425388e-47;0.15212874362866083;0.16491293410460153;0.20055373509724939;0.22957084576288858
model_463;23.89770802792122;6.714502335220381e-43;0.16706794003645578;0.18068637450536093;0.20792334864536927;0.24103697886069617
model_464;14.124503224157246;1.8302064333251213e-25;0.19141928851604462;0.18771732846895853;0.21564206240077816;0.2442253977060318
model_465;13.574606867045887;2.478191434376368e-24;0.18591744204362234;0.1805561731259028;0.20780121259391307;0.23213331898053488
model_466;18.32464686931125;1.4023110967313129e-33;0.17364977300167084;0.1741099158922831;0.20318310260772704;0.2306924064954122
model_467;22.028111323228725;6.028770431420867e-40;0.15981425841649374;0.1684194008509318;0.1909881992638111;0.21522272129853567
model_468;11.150445116858844;3.4488794685483474e-19;0.20113488535086313;0.19317206740379333;0.2179479407022397;0.24072550237178802
model_469;13.11907092268985;2.200350768430132e-23;0.17287820080916086;0.16087348759174347;0.19716023246447245;0.23174879948298135
model_46;18.257178524015057;1.860288501884296e-33;0.20700005193551382;0.21487437188625336;0.2507996870577335;0.29290930926799774
model_470;16.141440347533088;1.759673905645123e-29;0.17057489355405173;0.16801090041796365;0.1985550811886787;0.22399497528870901
model_471;20.378848185573037;3.367167856123643e-37;0.1627671867609024;0.17184057335058847;0.1909302384406328;0.21152159571647644
model_472;26.595916975165792;6.951639522543764e-47;0.14059964815775552;0.15966815253098807;0.18615745733181632;0.2116549015045166
model_473;37.48930337103248;2.638020467526696e-60;0.12099213649829228;0.1490704963604609;0.17706803242365513;0.20282973845799765
model_474;12.96128081310599;4.711766744654759e-23;0.1838929851849874;0.17979087432225546;0.21014003505309423;0.24751039346059164
model_475;26.495346942574905;9.662957817038062e-47;0.14480689416329065;0.15986734628677368;0.18229709970454377;0.20444621642430624
model_476;24.38836878923659;1.1990047112902441e-43;0.17308883368968964;0.18450146168470383;0.21122586814065772;0.23490076760450998
model_477;32.97985839166765;3.358469473294148e-55;0.12652884423732758;0.1515134871006012;0.17043478007117913;0.19523066778977713
model_478;20.321937338571875;4.212441235490724e-37;0.18601984282334647;0.19883600374062857;0.23534212437768776;0.2787642627954483
model_479;28.26488943094167;3.3645311723788926e-49;0.142543355623881;0.1577377418677012;0.1747175717850526;0.19642243285973868
model_47;34.17675072425468;1.3060946662314888e-56;0.14687801400820413;0.17657153805096945;0.2039884804685911;0.22855653365453085
model_480;23.139863914890594;1.0097925902642935e-41;0.13677233954270682;0.15108072509368262;0.17915744615097842;0.21360105772813162
model_481;15.736936140886074;1.0804506447991904e-28;0.18082993477582932;0.18407427271207175;0.20641749769449233;0.2321368306875229
model_482;26.52321235081015;8.819440131507814e-47;0.164925217628479;0.18330243229866028;0.21251218251883983;0.242030198375384
model_483;24.703497312471846;4.017568722069232e-44;0.13480260223150253;0.14637214442094168;0.16736143944164117;0.18731201688448587
model_484;18.646756816024773;3.6668537474323317e-34;0.16853188971678415;0.17140919218460718;0.2055300958951314;0.23868154486020407
model_485;28.572672105716652;1.293059901754021e-49;0.13687032461166382;0.16006751110156378;0.18564995537201565;0.213010773062706
model_486;27.782092324716334;1.5330605895543012e-48;0.18464704354604086;0.20437980194886526;0.23285750014086562;0.2584967017173767
model_487;13.761933226950315;1.0162003835948877e-24;0.1946316808462143;0.1957018425067266;0.2191649708896875;0.2534325023492177
model_488;28.466475094850157;1.7968721829959585e-49;0.14705472191174826;0.16910850008328757;0.19467059204975765;0.22498737772305807
model_489;16.425190012174625;4.9876559673915584e-30;0.15915768841902414;0.1607579787572225;0.18197296606997646;0.20664123197396597
model_48;17.57848917472349;3.296856823058189e-32;0.2299134482940038;0.22994298736254373;0.27807911410927777;0.31920382380485535
model_490;28.860537046038537;5.325481562572429e-50;0.13051546861728033;0.14793022473653158;0.16849081836640833;0.19201608995596567
model_491;17.98331729308657;5.892979126578552e-33;0.18005066613356271;0.18369215230147043;0.2132949897398552;0.24476716915766397
model_492;23.73730371351191;1.1856980409250506e-42;0.15632999936739603;0.16720729072888693;0.1981699252873659;0.22819222013155618
model_493;20.829725132681347;5.788537433675183e-38;0.12521819521983465;0.13488960017760596;0.15617432080209256;0.18064560989538828
model_494;33.31129226154005;1.3533303832718485e-55;0.1447171519200007;0.17327858010927835;0.20127750175694623;0.23049699266751608
model_495;34.33723602242106;8.512716589171808e-57;0.15720064441363016;0.186454509695371;0.21659105300903317;0.24219852685928345
model_496;27.997540269620146;7.772342310818492e-49;0.1967354267835617;0.21851308147112528;0.255816704928875;0.2882939080397288
model_497;31.04784402681264;7.852251941324778e-53;0.14334933459758759;0.16724381844202676;0.19291734630862878;0.2213749239842097
model_498;29.37482668942105;1.1106238016979193e-50;0.1333719678223133;0.1501342828075091;0.16705919640759628;0.18363762895266214
model_499;14.822658599798924;7.041342659169715e-27;0.17326288421948752;0.1703730672597885;0.19363515021900335;0.21787848075230917
model_49;19.239682885734393;3.211105751839198e-35;0.1584891602396965;0.1651397024591764;0.18653080488244694;0.20729615290959677
model_4;19.662764245469074;5.801082234056011e-36;0.1551236758629481;0.16039372980594635;0.18297975944976014;0.20840241511662802
model_500;33.13432753246452;2.1966348660140005e-55;0.14363774160544077;0.1703344831864039;0.19217276848852638;0.21649675071239471
model_50;31.545854502393944;1.875032417892564e-53;0.14323857923348746;0.16711280246575674;0.1976104993124803;0.22354851166407266
model_51;1.3143931584044057;0.1917510281630822;0.1869813154141108;0.16660183171431223;0.18867950069407627;0.21107114354769388
model_52;35.75953695856203;2.0605273707640212e-58;0.13847626248995462;0.17241171002388;0.19742116985221705;0.22389445205529532
model_53;22.81905236069134;3.240775615627459e-41;0.15901110072930655;0.1647885243097941;0.2029195351153612;0.23129936556021372
model_54;26.21400264714675;2.440078658052878e-46;0.14130848521987596;0.15398479998111725;0.17541516333818435;0.1958006223042806
model_55;23.98981667490067;4.849890877692559e-43;0.2060590237379074;0.219477117061615;0.25817571717003984;0.2889037032922109
model_56;12.127493660448923;2.741230882635635e-21;0.1831950048605601;0.17867772777875265;0.20615264202157652;0.23754732310771942
model_57;7.8232578717323;5.727542542706427e-12;0.20176694790522257;0.18955918153127035;0.21584634388486545;0.24499428272247314
model_58;17.45490095957063;5.599880939450178e-32;0.1905540426572164;0.1934268375237783;0.2218676299850146;0.2544601062933604
model_59;30.23862903455727;8.379323360655742e-52;0.14500790337721506;0.16402510305245718;0.19844700867931045;0.22391138474146524
model_5;21.20633365878756;1.3546110636646262e-38;0.19630000988642374;0.20277835428714752;0.23236721855898698;0.26022465030352276
model_60;31.59167684648795;1.6450705534475279e-53;0.14121017853418985;0.16825935741265616;0.1866529586662849;0.2149520367383957
model_61;26.853836594700798;3.0002597869637107e-47;0.14862853288650513;0.16663228968779245;0.1896177835762501;0.2179176261027654
model_62;6.983393874108075;3.350855172983618e-10;0.19022143880526224;0.17467365662256876;0.20274698215226333;0.2331796238819758
model_63;18.854450598094004;1.5547402550786835e-34;0.16259872416655222;0.16578488051891327;0.19048239116867383;0.2150117109219233
model_64;25.324539758036988;4.795749144599232e-45;0.14509176214536032;0.1590811957915624;0.18582214745382467;0.21353717148303986
model_65;25.241270477958352;6.362951589003859e-45;0.2096171776453654;0.23563575247923532;0.2712727443873882;0.31408266723155975
model_66;24.687110346173274;4.2515590611305666e-44;0.15123734871546426;0.16637185215950012;0.19187853068113322;0.22026226917902628
model_67;16.875964445905396;6.873446155855666e-31;0.16740367313226065;0.16728502263625464;0.20075238712131976;0.23541258772214255
model_68;28.43082005114792;2.0071895828128428e-49;0.16123533869783083;0.17840740581353506;0.20047574212153751;0.2230743666489919
model_69;38.289860521025915;3.722625194612026e-61;0.14639722804228464;0.19592277705669403;0.2235168186326822;0.256997674703598
model_6;31.074316043095887;7.273236847997831e-53;0.14327212671438852;0.167701984445254;0.191838115354379;0.22224541505177817
model_70;39.93059334827692;7.507931575759873e-63;0.1466948688030243;0.19193386534849802;0.22417925775051115;0.26060818135738373
model_71;23.96060390812632;5.376486777321577e-43;0.1985169549783071;0.21401729683081308;0.23932870253920552;0.26832813521226245
model_72;15.064022965214326;2.3142923565410526e-27;0.21204815804958344;0.21086493134498596;0.23990217971305047;0.2755423883597056
model_73;31.286441466578612;3.9444761485845827e-53;0.12585055331389108;0.14791878561178842;0.17211814378698664;0.1979163040717443
model_74;28.207215516456255;4.0284716060706445e-49;0.12592468162377676;0.13935266186793646;0.1588521263251702;0.17834842453400293
model_75;23.951547219911063;5.5511787762019235e-43;0.15171424547831217;0.16549409925937653;0.19589923697213332;0.22714810073375702
model_76;24.215255832314128;2.1956286485553842e-43;0.1658004422982534;0.1795070320367813;0.20958218971888226;0.23809634149074554
model_77;27.89351464888138;1.0783769102411748e-48;0.13696923851966858;0.15147551894187927;0.1739064937084913;0.1969310293594996
model_78;25.118509796575708;9.665948108518029e-45;0.15399059653282166;0.16927395264307657;0.1963142728060484;0.22169805566469827
model_79;30.29511807056265;7.091092193735101e-52;0.11607132355372111;0.13771723210811615;0.16210101676483948;0.18658171594142914
model_7;19.391376332674298;1.7342276802512615e-35;0.1714639514684677;0.1791020929813385;0.2097862913956245;0.24078753093878427
model_80;18.555841102637253;5.347453734445508e-34;0.1690844198067983;0.1710545818010966;0.19569069420297938;0.2225030263264974
model_81;32.02703930066754;4.7824209711196493e-54;0.18360696732997894;0.21800163139899573;0.2525272040069103;0.28485749661922455
model_82;34.30843026121348;9.1914198623188e-57;0.16844871391852698;0.20755831400553384;0.24331160895526413;0.27937615166107815
model_83;10.846612262050403;1.5705392877594683e-18;0.2181674043337504;0.2085695912440618;0.23953187818328542;0.27159343163172406
model_84;17.772384145912945;1.4415479900020072e-32;0.17049860954284668;0.17545291284720102;0.2000016722579797;0.2296960105498632
model_85;26.11963849538512;3.3347403425440568e-46;0.16356399655342102;0.1849205493927002;0.21160472653806206;0.2417429437239965
model_86;14.969921894340294;3.568226972943518e-27;0.1657791237036387;0.16518838703632355;0.19119305444260437;0.2233488162358602
model_87;16.593793169166084;2.369461479497463e-30;0.18127214908599854;0.18598245084285736;0.21587430958946544;0.25297383964061737
model_88;14.383465405080251;5.429794342916088e-26;0.18980761369069418;0.1861454447110494;0.21139103598892692;0.23844085137049356
model_89;36.84753814941893;1.301699170782866e-59;0.1444526935617129;0.17687388261159262;0.19897256284952164;0.22241434951623282
model_8;41.16495498690003;4.3670355502543154e-64;0.11100044846534729;0.1468616450826327;0.16978673346340659;0.19370595117410025
model_90;30.517794916198756;3.6812728078756994e-52;0.14851329227288565;0.1740443011124929;0.19514376737177375;0.2208703358968099
model_91;10.723739808176958;2.903078541836852e-18;0.188819187382857;0.18261465430259705;0.20336483302215733;0.22810481985410055
model_92;19.641365622182477;6.322184107124568e-36;0.18466071287790933;0.1919554869333903;0.2173648809393247;0.24343982338905334
model_93;16.32832895425525;7.661371933181851e-30;0.21300101776917776;0.21766305963198343;0.24873600969711937;0.28662412861982983
model_94;21.912905744354536;9.28301644525902e-40;0.1455383598804474;0.15733677645524344;0.17986019608875115;0.20511705676714578
model_95;26.500308479300127;9.507023255696014e-47;0.14108582958579063;0.1590453883012136;0.19562201114992303;0.23138674100240073
model_96;30.531072502633965;3.540580038563853e-52;0.1450508584578832;0.16801383097966513;0.19240423095722992;0.21790289878845215
model_97;18.875845258036428;1.4236559226729938e-34;0.16976110140482584;0.17812291284402212;0.20603788755834107;0.2436186671257019
model_98;16.17852787405627;1.4914728933585084e-29;0.2028887669245402;0.20356482764085135;0.23386034848789378;0.2643563399712245
model_99;27.173633861090448;1.0675017942782198e-47;0.16818850735823312;0.18377253413200378;0.207215271294117;0.2288129429022471
model_9;25.402518341127948;3.682356301142387e-45;0.12960094958543777;0.14256452272335687;0.16653532172242802;0.1900391529003779
