model_100;18.4753691110225;7.4740000978714865e-34;0.08935384344808835;0.08943762962427951;0.10481787018474316;0.11940252166433432
model_101;10.391529341395024;1.532993122888787e-17;0.09295843484014579;0.08919567507259625;0.1018813307307296;0.11561454755743754
model_102;4.123788473496119;7.762157278940741e-05;0.097887912208272;0.08700009043683711;0.10200071305640225;0.118715208695875
model_103;13.99973232473418;3.2958237743971563e-25;0.09182190825951468;0.0917361305700135;0.10528900765731375;0.12388495153497867
model_104;15.730255547856046;1.1135171241766975e-28;0.09856655794320647;0.09697589047790803;0.11592873814995834;0.13360764931157693
model_105;7.4632486344242;3.324029645975742e-11;0.1000207109549611;0.09035560127693354;0.10670020127228198;0.12028086554143846
model_106;2.94202267428644;0.004061040402657977;0.10351521007178985;0.09318630981076624;0.10653411032389559;0.12258560310319527
model_107;8.342481797892559;4.406674816776119e-13;0.09656134247779846;0.08812086729659248;0.10398506158273955;0.11928462429144948
model_108;-0.9438871096164544;0.3475251869843573;0.10753033886250761;0.0910195904908721;0.10665368665861248;0.12036667748824838
model_109;10.328023819784269;2.1079890208779434e-17;0.09171396171309285;0.08835505575095255;0.10046211330313415;0.11501080757871117
model_10;-0.33422606179378683;0.7389159690540841;0.10198311000755153;0.0875770580599603;0.10171406457670208;0.11328116074665305
model_110;10.587156802616164;5.751300957069788e-18;0.08906273815550447;0.08480151047565274;0.09811500427453568;0.11144653661656626
model_111;8.229680990448088;7.711414582831107e-13;0.0927605137382586;0.08701514468057868;0.0992411407653588;0.11226600925102062
model_112;2.7637413291385267;0.006814979190611881;0.11113571467780575;0.09859032832930997;0.1140084014799624;0.1335727879681538
model_113;10.135585864920174;5.537364516035002e-17;0.0931846792473621;0.0905563189580883;0.10107814035720901;0.11490372960100469
model_114;2.964066220362003;0.0038033895892131448;0.10651905719459671;0.09180533747697614;0.10963184224308732;0.1262394540088693
model_115;-0.10840861309815525;0.9138909864763265;0.1172388070022937;0.10019169957136985;0.11711695928864818;0.14045708204053112
model_116;13.836993581340524;7.117449771641953e-25;0.08544095673780773;0.08375352644121524;0.0947450550273031;0.10610315874795016
model_117;4.9403740647153676;3.173347657170968e-06;0.1018643962968256;0.08791401913178336;0.10681606309884721;0.12146690887274202
model_118;-3.902730114372544;0.00017362717098980856;0.10405216619525988;0.08661372007168446;0.10067522093591272;0.11571454172281875
model_119;7.323920201138051;6.529686242660887e-11;0.10084264247303772;0.0907504007066648;0.10765650043249629;0.12401107391918596
model_11;10.06635573343094;7.839255267208395e-17;0.0998036465079514;0.0956613492105425;0.10897305322493901;0.12489405120770956
model_120;8.301680463636298;5.396023794846248e-13;0.09354155141975462;0.0861969733053876;0.10068299036480235;0.11506581798042219
model_121;8.698350219986043;7.489198405375535e-14;0.1087397823551881;0.10170964727696684;0.11713439489672664;0.13429962113960503
model_122;17.853615694130916;1.0207713527176702e-32;0.0941677348515422;0.09498841987596345;0.11183268678364987;0.13028600166753396
model_123;9.162912306408222;7.322688436367128e-15;0.09998759857772552;0.0925754794140452;0.10858895770149589;0.12549456977045415
model_124;5.849221277715009;6.387816051331303e-08;0.09618853731560953;0.08692227688032328;0.10138144475901611;0.11674076019181419
model_125;15.278589038699083;8.658266159318329e-28;0.08846628366364646;0.0889520533142861;0.10332231380706704;0.11881991445096497
model_126;16.39510448183264;5.698245352674147e-30;0.08421171903274186;0.08491086676841621;0.09806322267083291;0.11181122388873134
model_127;11.937864593515236;6.967098591179082e-21;0.09784465708491422;0.09627480928056403;0.10842400559106123;0.12685022126768053
model_128;1.4948774897108317;0.13812721548361184;0.0995657566320343;0.08573726057699046;0.1009381769372741;0.11654522116344
model_129;14.132939356383126;1.758958010986081e-25;0.09975978701385026;0.09825810590355667;0.11557155682826505;0.13188228410543854
model_12;12.926930255940352;5.563137589517418e-23;0.09314351014255248;0.09208620255140915;0.10574788111456318;0.12368635172696457
model_130;10.711805396571874;3.0816900799209214e-18;0.09526679115657954;0.09254783760641039;0.10467281229002477;0.12026616577635106
model_131;7.670400945384916;1.211207776231345e-11;0.09835286165789231;0.08845033811539718;0.10548176097391783;0.11983784303529975
model_132;3.6849747943523012;0.00037323919778658744;0.09237044726104773;0.08450456547368433;0.09497572868109985;0.10748676241365905
model_133;6.002511586121057;3.2093194966854404e-08;0.09542973477815844;0.08572766031186606;0.10086132637330703;0.11651347869450283
model_134;-4.486588455728732;1.95449000436859e-05;0.10601452910869393;0.08898880942388601;0.10214823438211998;0.11946478547509183
model_135;5.364415893007478;5.340054609499224e-07;0.09965027392525033;0.08990329379196633;0.10463520659754273;0.11887189500110666
model_136;15.394526239958456;5.102004188447161e-28;0.08907071666158352;0.0881762015633285;0.10298154623409628;0.11899180364670213
model_137;8.892696754378768;2.8350230986652836e-14;0.10247750584151327;0.09308083871974773;0.11307590149141725;0.1324953465271242
model_138;6.304348933430268;8.101692105534756e-09;0.09634782865489881;0.08940649001868729;0.10213976025242914;0.11871057134313681
model_139;15.014018687353152;2.91258844757774e-27;0.09500370888980393;0.0951668618573356;0.11007174422550248;0.12976384838831792
model_13;6.805718953920854;7.793147649343716e-10;0.1122429337083679;0.10180807152052515;0.11921481033644313;0.1363710217254678
model_140;6.987134514786144;3.291599915275456e-10;0.09784739595098593;0.08884599804878235;0.10482723823666508;0.12038876653946552
model_141;-3.758020055474831;0.00028964238616051204;0.10516809514176446;0.09165717953259182;0.10213614151757368;0.11544653393097759
model_142;2.1666514471954685;0.032660996500987007;0.09792013881132774;0.08373674005270004;0.09974214714039693;0.11422318957515598
model_143;3.3997634274788733;0.0009734437689995722;0.10296867649579786;0.08924869501713625;0.10648267448515707;0.12463334540730898
model_144;-5.139105462069961;1.38953862826608e-06;0.11598538622720954;0.09863557021335229;0.11156436221179017;0.12588193981917864
model_145;6.821920689119846;7.217912836100329e-10;0.09429619716691602;0.08579903583704811;0.10033384259980893;0.11559282442958084
model_146;3.9910454967836704;0.00012629290820839574;0.10024043871569879;0.08818913612169088;0.10421393856074367;0.12263938538806955
model_147;18.6372787452696;3.813770408107788e-34;0.0844081376400805;0.0877961216820884;0.09807426806348624;0.11094838104297206
model_148;1.1755895185403433;0.24257838704625967;0.11497535533511762;0.10039041951759574;0.116220912290449;0.13320435199540914
model_149;13.731809553215657;1.1725282938125106e-24;0.10087926178863368;0.09868619596758454;0.11322505743576668;0.13050515872915996
model_14;12.318072698389726;1.0768041176111e-21;0.09664872027549547;0.09508286938839353;0.10713140240021905;0.1224503177650196
model_150;10.898957311357778;1.209140367715058e-18;0.09550270868330887;0.09189703968382373;0.10596249100747973;0.12246004069588848
model_151;10.837860739051346;1.6407497414319791e-18;0.09188476734861885;0.08662536356252493;0.10262458107986286;0.11952743333639558
model_152;8.85217273072872;3.472151425891108e-14;0.10283487174928803;0.0949959978077215;0.11223070520139539;0.13046400402624583
model_153;-0.7419965034888208;0.4598461982282759;0.09946938849908789;0.08689270667808573;0.09890297482072746;0.10981582243417956
model_154;6.527398243410166;2.881404407323384e-09;0.09418415301239368;0.08519698771619305;0.100088491315627;0.11634381391952947
model_155;2.0007833989564685;0.04815371394573336;0.09876400036449284;0.08647635340997853;0.10038560162513548;0.11372713299141717
model_156;21.344606710116334;7.980585764306158e-39;0.08169550156777668;0.08588638367880251;0.10167589404448327;0.11750969167837162
model_157;10.256205350170362;3.0224547009763643e-17;0.09022181657066126;0.08398353618980126;0.09834430290124332;0.11132793328196731
model_158;23.855391130417566;7.799223933864658e-43;0.08575262845336032;0.09443463569449395;0.10598966041573471;0.12031304482466627
model_159;7.431544601154299;3.8771416124573267e-11;0.09652553406572834;0.088137739590614;0.10301938195563146;0.11569956098635172
model_15;5.894700605276881;5.212025656827486e-08;0.10596053501994339;0.09291961451166685;0.11293373549913928;0.1310918122222743
model_160;10.860483311854082;1.4653706944997853e-18;0.09267196819647071;0.09031194218040742;0.10151036368869755;0.11549899934493389
model_161;2.0430488720890367;0.043704860527884304;0.09830643259680148;0.08607581288544174;0.09996931865835351;0.11392716018809486
model_162;-3.8903465825515093;0.00018148682785574228;0.10809433362302706;0.09090137883022274;0.10469214023722483;0.11866216469056827
model_163;19.367991790428693;1.9066468634339035e-35;0.08513695742819727;0.08720512872504205;0.10321569460001143;0.11781955687041135
model_164;1.2476604830959666;0.21509856883918663;0.10160961301670861;0.0895850434131229;0.10260387933744898;0.1178105485039888
model_165;9.833249593463995;2.528163367465096e-16;0.09188678906750433;0.08787620818415254;0.10020059049988798;0.1168304141034785
model_166;6.125706224791547;1.835819893333943e-08;0.09818378536357093;0.09119870859323088;0.10271042588099169;0.11485076795533761
model_167;5.423549198046984;4.1407964803921636e-07;0.0922187596305091;0.08532996302873817;0.09679463840894362;0.1133771833616434
model_168;8.752024960571191;5.728148658049523e-14;0.09477129509461295;0.08909267740151317;0.10179906322407481;0.115344782465512
model_169;9.49710790371704;1.3683474916968989e-15;0.09814319721202261;0.09315452110214331;0.10648530396192976;0.12170101256714654
model_16;11.123207917536341;3.950116694858886e-19;0.09544405602302748;0.08990407612213154;0.10778690455366194;0.125862273973288
model_170;12.001262601059125;5.098846141000559e-21;0.09592738501804392;0.09284325717881169;0.10818016628408325;0.12552678769396752
model_171;9.107080329710785;9.688186046152032e-15;0.10063308738556105;0.093579454520314;0.1100735476973092;0.1283620015247581
model_172;11.579890138479117;4.0844464972861474e-20;0.10208711701627705;0.09887131702961381;0.11281904831410942;0.12901480787808134
model_173;12.080635289248367;3.450878964032882e-21;0.08892857122052576;0.08608402234991801;0.0979737658011271;0.11090227039818912
model_174;9.355307558715296;2.7888455681410954e-15;0.10518048465559163;0.09723623157430862;0.11532659304129485;0.13187763647934825
model_175;15.308282467824194;7.56022576295222e-28;0.08720751682814863;0.08675804457713648;0.10097218041442341;0.11512890150866557
model_176;8.359980770026821;4.0398537568629337e-13;0.0986607059375527;0.09248328923257355;0.10531635338550129;0.11959082994264425
model_177;2.5418698336098524;0.012577076463040852;0.09787289866428707;0.08563412194015439;0.09993547408015091;0.1133724854750194
model_178;6.506609289261734;3.1746128152778854e-09;0.09365279043150931;0.08551454425011713;0.0994321108447229;0.11529820420078396
model_179;8.681783670669764;8.134909415745745e-14;0.09593846015248102;0.08916519904874035;0.10505304038632043;0.12394615178255691
model_17;5.901241167315441;5.061472574246278e-08;0.09220239028488238;0.0843911349158926;0.09713330888604482;0.11250459226136356
model_180;11.845753089363612;1.097197944149778e-20;0.09097967919000645;0.08923857252007907;0.10004600362322945;0.11521915891735825
model_181;11.031528875566039;6.23884212261778e-19;0.0951431081390258;0.08886731016574446;0.10456090714829282;0.11812200823309112
model_182;3.19027735989573;0.0019042787516832817;0.10324797187883829;0.09247037307503297;0.1061815974127179;0.1232064771898014
model_183;5.086461932804385;1.73219381505994e-06;0.09983466857487393;0.08947450575447574;0.10450565775461224;0.12010137414194874
model_184;-0.8205541606661314;0.4138716666164045;0.10911479008566473;0.09061732980393872;0.10826446087090011;0.12857314729198968
model_185;12.144647418825553;2.5197869294104743e-21;0.09536692298487905;0.0903739897707074;0.10481889961281377;0.11844388387866855
model_186;17.8602988497965;9.922288582933698e-33;0.08522601617673009;0.08725636434764121;0.10125026489495022;0.11646553044466629
model_187;3.1685947536071337;0.0020378733176303464;0.10554829055501014;0.09559197928852488;0.10840575026516328;0.1259531105302044
model_188;8.988226889498868;1.7574044658851543e-14;0.09705629483940675;0.08947307397563432;0.10493263643148559;0.11731132526987607
model_189;3.918581453029921;0.00016403991540297049;0.10604091280514431;0.09448545850506149;0.10996029858517936;0.1278323399805531
model_18;14.093849692032483;2.1144143101723708e-25;0.09810448691402514;0.09740070322739709;0.11109872999550163;0.12342998020581364
model_190;12.208273535291815;1.844042264412429e-21;0.09440420022637573;0.09111562340529923;0.1053346838803607;0.12178472821245488
model_191;10.08144868837194;7.267053650417524e-17;0.09482509235745852;0.09104863345171757;0.10323303881230929;0.11899402184584706
model_192;17.27633741612404;1.2080631738815547e-31;0.0889363691364367;0.0879236817091089;0.10309912236765045;0.11828313783272025
model_193;7.083686684134465;2.074790446833856e-10;0.09097871729700836;0.08460534033701592;0.09665042720017902;0.10986826591884967
model_194;8.459617873797118;2.461688723073057e-13;0.10557214284334308;0.09727331903791919;0.11344803527660412;0.12851659572904103
model_195;2.817343218870151;0.005846363239109125;0.10636712892518677;0.09365110943266719;0.10899680660598478;0.1251762113389895
model_196;9.674589531972867;5.610432525851826e-16;0.09825019042977352;0.09256952969383175;0.10817900413533127;0.12463804203824899
model_197;12.635234995267124;2.2904150491944414e-22;0.09321259177222695;0.09140625596046448;0.10460104258471775;0.12005897158199978
model_198;18.106867540245492;3.498768278257526e-33;0.0844516566733724;0.08576251343660748;0.09957832101350844;0.11388396971004526
model_199;6.237625687248862;1.1008600644252407e-08;0.10421583816869971;0.0961876806524611;0.10961205830942172;0.12357706795494582
model_19;15.181493113867017;1.3500436900816157e-27;0.09113345460332546;0.08923002039797942;0.10572819284274654;0.1202590942728458
model_1;7.669838078877428;1.2145453427436538e-11;0.10048632154759672;0.09303874318900797;0.10723297502682604;0.12114122970817015
model_200;8.125153758985315;1.2937680407419903e-12;0.09919808866436948;0.09274133271777753;0.10670681342854615;0.12223674341575387
model_201;1.4809399720862726;0.14179826936312606;0.12179852392255645;0.10839951468497208;0.12332034206875964;0.1417310824713756
model_202;13.880110664088908;5.802430519982948e-25;0.09322475745659514;0.08966781982441538;0.10373509339379788;0.11696951413891979
model_203;7.156232143780699;1.4650413005476324e-10;0.10230859100204154;0.09269867599317708;0.1091242393536839;0.12453803260685857
model_204;16.39515469548252;5.696978218912789e-30;0.08602941919540621;0.08593323852713268;0.0991142243355664;0.11238770689047181
model_205;19.44144625560065;1.4160071834699621e-35;0.09236909863875084;0.09533198853743445;0.11046257035437126;0.12599903375832075
model_206;-0.7478388992630639;0.4563300978088404;0.10484541038569715;0.09150358903961084;0.1041631811595503;0.12036005038883268
model_207;6.0624889478930735;2.4466078712957717e-08;0.10098467321739983;0.09063157216482556;0.10690198691769442;0.12502945214509964
model_208;5.838615626313639;6.697482999202317e-08;0.0994581236052759;0.09077416782833866;0.10420645035676783;0.11960363019372999
model_209;6.972753473859508;3.52525073054377e-10;0.09285983689052542;0.08531018937985922;0.09882728310694126;0.11336035765323442
model_20;2.6686731812892535;0.008899588557546318;0.10264463860964038;0.09114328334011983;0.10509784993506979;0.12062175249316029
model_210;7.821347604158193;5.781511368484723e-12;0.10042616802978224;0.09209862144030247;0.1087075198647342;0.12604060246772372
model_211;19.676999908805062;5.47859985950869e-36;0.08132465137648828;0.0852667819900611;0.09838840118907008;0.11225546881095651
model_212;10.518271316497206;8.121349249919876e-18;0.09086189015298006;0.08572552944581534;0.09901031121714902;0.11425094855661244
model_213;9.16884780948549;7.107936440324312e-15;0.09350717311590603;0.08789022190054667;0.1012510670236577;0.11485397886273634
model_214;16.165137452009795;1.5832010679717973e-29;0.09013678640434422;0.09114659600651141;0.10388465855333032;0.11841651090641611
model_215;1.1008217378857112;0.2736436189157807;0.10570277242930894;0.0896852015410838;0.10679094771746836;0.12244141992834426
model_216;7.859421381440712;4.795372255020015e-12;0.09101451051987938;0.08472854236966555;0.09822787066661759;0.11293261154487576
model_217;12.59121055089176;2.837800797290864e-22;0.09661430873207211;0.09394089708623198;0.10816693936403214;0.12272263402791367
model_218;1.8029026901106346;0.07444585459386731;0.10306488530537516;0.08925951214641639;0.10484210888059455;0.12163701346240093
model_219;11.461050036145945;7.362300906383428e-20;0.08988723066664234;0.08600401869715796;0.09865187508580425;0.11235819465106296
model_21;-4.52717611167386;1.66793911408415e-05;0.10409884367944654;0.08632731417520452;0.10031877134533086;0.11351516155391625
model_220;9.624953405823359;7.199387238440187e-16;0.09522698689060113;0.09013016529611706;0.10445917035486627;0.11974833490922279
model_221;19.687216565417263;5.258349186962961e-36;0.09150287677946779;0.09540387519548849;0.10969655662624721;0.12522205971565442
model_222;2.737239318741832;0.007346091963113765;0.10137518798721205;0.08712984610003294;0.10417480837964342;0.12034255127931379
model_223;13.733812888311517;1.1614196389138853e-24;0.09153222615264126;0.08870613029629913;0.10318581000231469;0.11774339749641025
model_224;11.907142248603073;8.105944911203584e-21;0.09656378880296786;0.09366435058338125;0.10748666312739363;0.12063857375346508
model_225;12.065429087748912;3.718716698544586e-21;0.09301226232776937;0.08847122347539234;0.10664710217578571;0.12501547577762112
model_226;18.180374341255597;2.568043530301873e-33;0.08545697034941506;0.08764035592681353;0.10077426323601571;0.11481924662270497
model_227;12.580795498713568;2.985457843761575e-22;0.09235175134441287;0.08933712526695016;0.10551127143850345;0.12269591194452699
model_228;8.473634795968183;2.295832163049034e-13;0.10462178720026902;0.09403535585428022;0.11412421461436907;0.13338787991976
model_229;11.470474659875231;7.025959821505885e-20;0.09470292388163891;0.09070929377963863;0.10423203945053995;0.11897227571336265
model_22;9.143359278970287;8.077031888532919e-15;0.09371718687495005;0.08780132879301444;0.10155223008709256;0.11612706500844858
model_230;5.992282351155896;3.360961119621631e-08;0.1006419112541012;0.09085955079068843;0.10627928288648693;0.12062934517245932
model_231;16.89533003366152;6.316090470128211e-31;0.09136862914586805;0.09114496256272818;0.10838544002088592;0.12493941848425522
model_232;13.652842818164116;1.7070116235373683e-24;0.0881067625794214;0.08676391690201365;0.09810779676864166;0.1109619255840164
model_233;12.911553721838022;5.992762718552219e-23;0.10450968945149294;0.09856672170235939;0.11810406876577918;0.13435934745159345
model_234;10.084924003588393;7.141331936126733e-17;0.09114534446259134;0.08712921053478398;0.10048325734950192;0.11574957665708877
model_235;17.299657831294365;1.0923983318296191e-31;0.09276318719092104;0.0932678076409802;0.10727031622596261;0.12278184755561278
model_236;18.88078274972033;1.3950202512539396e-34;0.08800685031281918;0.09064174155445442;0.10613584667415726;0.12234563188454539
model_237;9.39980995313865;2.230456962916717e-15;0.09433549240149904;0.08965534678439505;0.10170651372478445;0.11634789545511462
model_238;2.187707988181106;0.031044097398952183;0.11349951114851176;0.10191368634246059;0.11546041940060472;0.1345391771228043
model_239;5.311354497675641;6.701286785306329e-07;0.1003040386479079;0.08993459958823148;0.10612287226161177;0.12342691677382465
model_23;10.01835136767701;9.976489754598698e-17;0.08948239956300744;0.0862082747608116;0.09891586926625816;0.1180038833222592
model_240;2.3092287379958325;0.023008962091340835;0.10861101969308459;0.09324076172617293;0.11105373835080716;0.12791201779522846
model_241;18.26072982121854;1.832794249602961e-33;0.0891521477822176;0.09050206194833382;0.10597374960463302;0.1200327504541456
model_242;14.487245878961279;3.343925576025445e-26;0.09456271543791614;0.09462879260176237;0.10923654760494925;0.12569656234580218
model_243;3.4441595269679497;0.0008413276210024465;0.10171101280708902;0.0895334364673526;0.10490088018916591;0.12036513729193776
model_244;13.215704854737591;1.382031930519506e-23;0.096566808669223;0.09561599960032198;0.10782871632267886;0.12269457867465068
model_245;5.111830749278902;1.55786615142175e-06;0.09177377712480801;0.08054038636463205;0.09576344478361731;0.10845654834177076
model_246;10.515260113638258;8.244812791116238e-18;0.10971758353341486;0.10100009422941306;0.12069985472329585;0.13732983771058702
model_247;9.272053315690904;4.2354142113488275e-15;0.09710314255399802;0.08893896378192705;0.10529658608186569;0.12002271198734794
model_248;0.1246945529349712;0.9010182154302264;0.09906688099246971;0.08848634116428415;0.09915815927796354;0.11030058025564883
model_249;5.087322690059538;1.725978648885905e-06;0.09986306605956603;0.09118135672869142;0.1045468717108174;0.12040608222644354
model_24;8.081927689181573;1.6019345697082318e-12;0.09652870140739322;0.08928848803043365;0.10427287244377177;0.12116832969729434
model_250;10.482506726704512;9.715460006074822e-18;0.0966037731502474;0.09249422875876279;0.10604553375591104;0.12364000143464078
model_251;10.160901727409255;4.876467780490015e-17;0.0955900708885537;0.09189576663307308;0.10391169913744257;0.11872343250463918
model_252;14.050153214936817;2.597978839426263e-25;0.08611106749662419;0.08486158362368948;0.09628883567992742;0.1082558103443421
model_253;12.253656490108396;1.4762100292193732e-21;0.09964880109140553;0.09458153065025192;0.11029944601344377;0.12356128164785482
model_254;21.623382624566442;2.7649538931977963e-39;0.08321613203926184;0.0885483236964216;0.10220033921474947;0.11699440418598578
model_255;12.093279603206437;3.242963348085528e-21;0.08972972708264577;0.08561338956669434;0.09930951384197036;0.11266771619467392
model_256;9.349849969578194;2.866306726661784e-15;0.09310749395913684;0.08858979785258007;0.1014855192508539;0.1160417991047053
model_257;19.289534005247543;2.6217674003114263e-35;0.08661927077343169;0.09089156010034542;0.1024699006893846;0.12045433130007256
model_258;9.379211560571463;2.4734756712650668e-15;0.09793063521999673;0.09253228183106049;0.10562543975251587;0.11868306287785166
model_259;18.25031611077579;1.9146001233772876e-33;0.0871868346692975;0.08885750872054204;0.09984222629271507;0.11178281135165814
model_25;13.09845895613646;2.430116744042919e-23;0.08889617471350837;0.08737997680940886;0.09872924644027156;0.11116835793069824
model_260;12.660858084411345;2.022011770193994e-22;0.09807268978869446;0.09560745762488276;0.11052531748416944;0.12908295188675223
model_261;10.095884500089127;6.758908299402705e-17;0.09238425358054564;0.08667690091833626;0.10113028190722768;0.11436106279953238
model_262;3.4797747775801815;0.0007477462263371147;0.10100025614512335;0.09061704622101538;0.104221855608516;0.11891818476706437
model_263;7.115254207306409;1.7834797886326259e-10;0.09700690317399722;0.08816808661849228;0.10281885849592784;0.1160453063311036
model_264;5.865160263321598;5.948724957402167e-08;0.09539294957192902;0.08851579876290154;0.10007870949209599;0.11215188768068232
model_265;6.311920503558386;7.824040439621534e-09;0.09061839308628102;0.08320263659907985;0.09530877069089909;0.10727028402778291
model_266;3.25448170304002;0.001555039570197848;0.0942301921469649;0.08627749887323871;0.09645567119581663;0.10731501710245904
model_267;13.96098600981724;3.9577936360882925e-25;0.09108176197587829;0.08858513570937913;0.10427514462378933;0.12095944644864072
model_268;9.805523352231063;2.906044980410285e-16;0.08903037272777754;0.08339288031932005;0.09654242722836497;0.11013081832211309
model_269;19.331018877478005;2.21520453203137e-35;0.09215261887029275;0.09621145676091775;0.10993901449044419;0.12473935994905294
model_26;9.56989901523278;9.493098450858932e-16;0.10082137431066061;0.09315258971194632;0.11057964257025155;0.12915408811003892
model_270;-1.13875296472724;0.25755427963486643;0.10534593324685834;0.09122662522743658;0.10439403786052129;0.11994401165812286
model_271;9.019054784707086;1.5059585887571906e-14;0.09455445974575567;0.08606197877028554;0.10395675209817581;0.1209526862373057
model_272;11.681383570867746;2.471405799828544e-20;0.09917630646953877;0.09221564390763794;0.11165908850704039;0.1279664222179845
model_273;7.169691127653433;1.3732964876190586e-10;0.098292681016508;0.09088473198647351;0.10447134613185825;0.11899403736597097
model_274;3.9590737466247607;0.00014179096691079233;0.10504046132423214;0.0934020781639925;0.1087418807101521;0.12333529507837344
model_275;1.3879082597532457;0.16828069569758194;0.10008479743540652;0.08768746076324552;0.10132069431389462;0.1171697192278105
model_276;7.720565949713495;9.476107289922863e-12;0.09349686226125845;0.08758181780960757;0.09986143710617926;0.11366517795729883
model_277;10.583797201653423;5.848887307420137e-18;0.08790375776204866;0.08394910410507438;0.09599256745205588;0.11000055934964996
model_278;-1.465177581174807;0.14604118092047988;0.10416003186063669;0.0894285780233667;0.10287302817544446;0.11724988209832575
model_279;10.810776750821537;1.8785937039188024e-18;0.09606810564059508;0.08893191077045559;0.10638260898590107;0.12249817732078283
model_27;18.14024978679652;3.0400585765811768e-33;0.09018022735175897;0.093114267977089;0.1100282724438941;0.1301684411453832
model_280;3.6630999107640854;0.00040243288997936303;0.10159257131139028;0.08432571298068332;0.10590843973501532;0.12667187648950165
model_281;6.6315274341273325;1.7704624484732368e-09;0.10696747361384716;0.09647546877566072;0.11445029441288854;0.13318988219978883
model_282;7.419490306095454;4.110635699388015e-11;0.09792880537276416;0.08796419495159817;0.10557084638517368;0.12464315006413411
model_283;18.172387480812436;2.6557169259134744e-33;0.086069292628888;0.08884034144509699;0.10041491954639307;0.1138476809275519
model_284;13.883555419391518;5.708555244521078e-25;0.09266408087359261;0.09073364980442007;0.1057788446668977;0.12169504457527829
model_285;12.225100466931375;1.697994978708999e-21;0.09730513931549702;0.09405260510051373;0.10796578879023838;0.12133506647090322
model_286;5.7771583526768255;8.804899197279106e-08;0.09450933859520352;0.08682136087841594;0.09871364740200356;0.11087354311009043
model_287;5.1077410124897265;1.5847639963577498e-06;0.09597460143076084;0.08717868601922522;0.09999548403145639;0.11317943428287801
model_288;1.0505739444063869;0.29601205239096984;0.10562670737812199;0.09064704037305045;0.10659064258137024;0.12377151401387047
model_289;13.765536776903318;9.989604939639075e-25;0.09180330771223172;0.08891796141613237;0.10257479289976565;0.11638544580644745
model_28;5.895873997805077;5.1846955697167954e-08;0.09866067425338264;0.09008635044309128;0.10394535885347649;0.11895000627360393
model_290;10.297134733695863;2.4613213697776017e-17;0.09876609094364126;0.0922005188833807;0.10944156133723547;0.12708005094036615
model_291;1.7520982506035656;0.08285329191720066;0.09522768317424145;0.082030958745667;0.09665559974704735;0.10930813941144452
model_292;8.948911874416916;2.139763942585549e-14;0.10569197770937816;0.09753932400616173;0.11543905487199657;0.13524477871269294
model_293;1.6950827496620473;0.09320295126599677;0.10084883115955234;0.08853268654076095;0.10227485688014396;0.11433977718205796
model_294;7.194604588350874;1.218251657360001e-10;0.09626494179066923;0.08867715882886316;0.10260067002106393;0.11720565606638328
model_295;14.460034415309181;3.7966774764722916e-26;0.10048554507420235;0.10173988849231877;0.11436786522726963;0.12907805019202306
model_296;7.003146247523986;3.0494751091345156e-10;0.0942336144213824;0.08547422323932814;0.10055045248608481;0.11847718152188763
model_297;15.622845930540835;1.8093409598476413e-28;0.10061283156122129;0.10077224257066078;0.11327448426391488;0.1289382601521679
model_298;4.710362864316229;8.07277326677869e-06;0.11185523099506024;0.10208628165353205;0.11624071542922523;0.1316371670703298
model_299;5.1424084663217675;1.370400583702453e-06;0.09443218606648986;0.08591466251107835;0.09857020561854192;0.11441382013030887
model_29;6.053100493932797;2.5529574610920373e-08;0.0957867745886144;0.08814492575901071;0.10050372314263438;0.11488963187355355
model_2;-0.640751027850463;0.5231648846789013;0.11220432971556162;0.0972566042364258;0.11154471424002604;0.12940231457199017
model_300;7.986389191440168;2.566910161183152e-12;0.0967551474411463;0.08801509224876915;0.10383300717373993;0.12111504172387812
model_301;9.148818625705978;7.858929043379888e-15;0.0912141456201519;0.085651058377218;0.09840200371999754;0.11191773525986475
model_302;16.327243275368428;7.698371577748593e-30;0.08713723275541645;0.08755309011825581;0.09825011281929996;0.10920756751882661
model_303;1.7819229574570716;0.07782781040186182;0.11168854485851587;0.09729628963876016;0.11336775306819334;0.1300312736138855
model_304;2.936267045245597;0.004130912443154005;0.1044571112418912;0.09533383013661374;0.10693329854769941;0.12239082157611847
model_305;8.969403828916596;1.9311142682607593e-14;0.09104255824973903;0.08711779202075348;0.09771323936414499;0.11149644617413737
model_306;24.46600399760705;9.150108762590842e-44;0.08558902530522883;0.09172714663880695;0.10390740974406054;0.11530428456674215
model_307;13.28733005409595;9.796886107812836e-24;0.09167140614740628;0.0897529831866628;0.101109108189829;0.11366775478284384
model_308;14.89614098512313;5.014300098692438e-27;0.0921278118933599;0.08876825569523979;0.10716964600684563;0.12456385253630962
model_309;7.371668763322171;5.182763834311061e-11;0.10404591784649289;0.0957046954210886;0.11141851270788618;0.12790388053225488
model_30;-0.9739400773530571;0.3324600342114342;0.0995793710462749;0.08585944022868097;0.09876935070053224;0.11310327022346024
model_310;11.607350033666416;3.56507516322098e-20;0.09261108543147746;0.08931122804732666;0.10416588162631651;0.1221339635013305
model_311;-2.7390655084584474;0.007308318825770963;0.11416802109824013;0.09520637737491082;0.11155846596517371;0.12954829817580193
model_312;13.926430650666127;4.66022665747669e-25;0.10050403474174205;0.09743823518990971;0.11267790346532172;0.12746113528660738
model_313;9.561559993212484;9.899203454777046e-16;0.09782135087190215;0.09298442400147006;0.10547026461291686;0.11948195979306378
model_314;17.742722732141146;1.6355174933824667e-32;0.08856227901793018;0.08884970613361634;0.10225840661905167;0.11349694661258422
model_315;4.395506603333684;2.781143153159495e-05;0.10553891941444161;0.09586885786548104;0.10920783241290374;0.12361053385070919
model_316;3.517692589975442;0.0006589459266295552;0.10257720778283384;0.09186039498248666;0.10602238068583636;0.12236624141943823
model_317;11.08215687765353;4.846905638470981e-19;0.09472032106414284;0.09044520925615251;0.10584990160539745;0.12437911802115514
model_318;10.608700923271464;5.163115321560787e-18;0.09685670707336407;0.09094786764957856;0.10790085482194675;0.12258370405005425
model_319;12.26684522029943;1.3838315475324797e-21;0.09610997816336524;0.09222451105867464;0.10765443809139713;0.12264446230586042
model_31;13.714606271672935;1.2724265468935518e-24;0.095787739304384;0.09353170044643362;0.10782296753324623;0.12483562452276957
model_320;11.042251298410878;5.913962983499089e-19;0.08851309973247272;0.0860413543342315;0.09725762414721185;0.1091823740718291
model_321;14.975683833914333;3.4747646204342715e-27;0.09299339860984959;0.09288620480249837;0.105311263523325;0.1201027634832048
model_322;9.516017578429512;1.244368490721341e-15;0.09964588522603832;0.09310449487001625;0.11005922263789185;0.127860890077331
model_323;18.002785851895283;5.427515141016367e-33;0.08884044590684556;0.09120952284213193;0.10318251604323077;0.115800898099683
model_324;14.269580207617967;9.256392430415211e-26;0.09414545515763391;0.09235919336068261;0.10611868852163792;0.11910976853567301
model_325;21.741138773151615;1.771739956820734e-39;0.0870620313763004;0.09262404306647704;0.1049734925966021;0.12025682151932077
model_326;6.269733377956326;9.500024940939894e-09;0.10514277238974866;0.09479608985873841;0.11116237861703711;0.1262176450457155
model_327;2.4037211664375304;0.018090122478250606;0.10460123980475455;0.0910944246216533;0.10706111424282726;0.12481235597551484
model_328;16.684509451579267;1.5899223936501083e-30;0.08611839341441381;0.08458642738381612;0.10018132812175516;0.11285085684245395
model_329;13.150792063036096;1.8886236270874864e-23;0.09390285457532431;0.09213486129475623;0.10582603937714406;0.12128628775016549
model_32;22.590388902563493;7.491859633568831e-41;0.07993175450366796;0.08688942965158482;0.09955537870939683;0.11517342218418711
model_330;12.510966813237253;4.195854331373316e-22;0.0962502273164459;0.09378067849530387;0.10613909639732387;0.12065357786900911
model_331;19.114769249942306;5.344362525053792e-35;0.08540379964583314;0.08824173261209861;0.10186446221344087;0.11697548504957218
model_332;2.5914660599085035;0.011000939432336742;0.10311648034557853;0.09109867633003549;0.1055584380813;0.1221327133399924
model_333;5.299513755108085;7.048512129251364e-07;0.09700612800637472;0.08676877237625957;0.10195383246955653;0.11718987312513529
model_334;11.224436130338164;2.3860593657039355e-19;0.08922125971348015;0.08549383605263897;0.09847083302894029;0.11356429010629654
model_335;5.236161660902436;9.227062443820876e-07;0.09802483728865988;0.08651705216808417;0.10293372392142101;0.11888871318900708
model_336;10.850492442936376;1.540380811486013e-18;0.10095291776755422;0.09402210119458818;0.11189004314194442;0.1279088381639461
model_337;17.122464302728726;2.350935115135623e-31;0.08504520878963864;0.08579915953972905;0.10066036795477076;0.11607225538836312
model_338;10.385162644894594;1.5827267612989486e-17;0.08943888775466644;0.08519518859300416;0.09801758744683689;0.11326497977541894
model_339;12.752525065807394;1.295252894188545e-22;0.09860505394099914;0.09538495686558104;0.11090103074553007;0.12890783121290894
model_33;0.10204864504078677;0.9189244733825576;0.10548316049821597;0.08921793379734472;0.10558504054092406;0.12284587154683378
model_340;10.241307384625193;3.257085076994954e-17;0.09901134562246579;0.09363307704016105;0.10862393774053794;0.1265831543612726
model_341;6.639043166543429;1.709129619300503e-09;0.11343349293642438;0.10498307416330754;0.11894236364726933;0.131929444821225
model_342;7.158375302649426;1.4500354676253806e-10;0.09903451422056586;0.08935855509540469;0.1065049777759603;0.12561527731799588
model_343;7.764478905059258;7.641899222295606e-12;0.09762592271892066;0.09082309156656265;0.103520236723891;0.11604277067577716
model_344;11.40781751668522;9.588831319412947e-20;0.09213238071227811;0.08939444665441808;0.10176984529190376;0.1163603778659683
model_345;-2.7001608848297916;0.008152499980113232;0.10708919597655228;0.09085855179840756;0.10467879721006744;0.12099465512737785
model_346;12.015562840171096;4.752363136804821e-21;0.09586118883693341;0.09378885301118045;0.1055704406763009;0.11765191151002019
model_347;2.2357952230001112;0.027610787039577707;0.11219106560822614;0.09889554864744722;0.11434113717910323;0.1265193339936512
model_348;1.0292045167709902;0.305891549483991;0.1021598247984021;0.08913836520664471;0.1030565532676566;0.11841190322158263
model_349;8.248913266072867;7.010284402763621e-13;0.09242621271573391;0.08705381649671141;0.09925700007365462;0.11330737795719166
model_34;6.500797413545785;3.2617306947902257e-09;0.10851098101624508;0.10012592421364538;0.11435986857429693;0.12912772895441843
model_350;8.807162144027712;4.348548053314624e-14;0.09067082070966356;0.08679068956485729;0.09683574944549748;0.10994901753885229
model_351;17.65623336760551;2.3648206598940057e-32;0.0859139476393916;0.08545619341516003;0.09754707048714316;0.1070850211934945
model_352;1.1479313668179383;0.2537632382080981;0.10355345722403109;0.09207712415817011;0.10451280774235558;0.11593904108116307
model_353;11.602240979118493;3.656420959661226e-20;0.09442707819422495;0.08836689499235645;0.10599078773909738;0.1211137412135134
model_354;1.4724808744368267;0.14406317621229162;0.10117964984215412;0.08669830881750461;0.10258058113882201;0.1179466291340356
model_355;13.9773560572398;3.6631985909698084e-25;0.08895766437437731;0.08574908695270106;0.10023225967089591;0.11391206234021439
model_356;9.670242171222158;5.734319752834727e-16;0.09262326405834906;0.08887104459644593;0.09998975299646343;0.11320986944375579
model_357;10.839789945070143;1.6250069797096714e-18;0.09461536865258954;0.09021972404005602;0.10473267987860604;0.12143905654660013
model_358;19.63509631472057;6.483608946654287e-36;0.08542962596012452;0.08829641388249151;0.09916674744530084;0.1114185492018449
model_359;2.5797095431448893;0.011357532412427237;0.10087968247760203;0.0869594604621843;0.1032573920879879;0.11900278372862905
model_35;-9.199270829709556;6.102068664645726e-15;0.10629537455814402;0.08583242680454992;0.09886892982898403;0.11275478029988475
model_360;5.730889982072791;1.080946762858365e-07;0.09199194639882784;0.08541273256552588;0.09634628917352416;0.10889885351829923
model_361;11.44789305918417;7.85901564658881e-20;0.10618621402794552;0.09714823408225148;0.11727753003221487;0.13245349661591127
model_362;10.974959269332643;8.27333985094579e-19;0.0942964920035705;0.08943908638560895;0.10493461432223036;0.1192860859374218
model_363;13.163213417209024;1.779007576749885e-23;0.09990276403955578;0.09581857735348731;0.11053541648586446;0.12327783501025327
model_364;1.4228428515994325;0.15792521772457427;0.10220176933966961;0.09038536650003846;0.10339188840116023;0.11751592983599733
model_365;17.42986101783482;6.235870482490861e-32;0.09262366784909337;0.09489394381138876;0.10953105506315568;0.12671629178155328
model_366;1.454095313586484;0.14908289411888737;0.09765006717025619;0.08674742565634325;0.0987627809709578;0.11053729902223214
model_367;2.8165462856271946;0.005859790744642009;0.10922043371139113;0.09399336816208347;0.11224384917636683;0.12932532758826448
model_368;21.7642270936622;1.623988391414792e-39;0.09154246701407678;0.09639851403297837;0.11281024899415551;0.12809600965263918
model_369;13.688983335790715;1.4373006746889658e-24;0.0840339361175117;0.08265268258251172;0.09496108981649261;0.10795994049187788
model_36;17.221982129448495;1.5278554528633142e-31;0.09774948718007077;0.09687715062161081;0.11274117228078037;0.1254881442207651
model_370;8.806674136287281;4.3591696954011893e-14;0.0995833646390856;0.09409454756790829;0.1077040424581963;0.12799586524668427
model_371;7.345489492330975;5.882897086844137e-11;0.09888462100139599;0.09172506845488991;0.10542351931825607;0.12043500457381465
model_372;11.170567034354255;3.119988539467472e-19;0.09320482458035971;0.09000825954927612;0.10243797742588588;0.11777667501538071
model_373;14.231600065540349;1.1062292576452443e-25;0.09511592902828814;0.09376447634368214;0.10874044453976577;0.12409135023343194
model_374;10.484272763647702;9.629848823892736e-18;0.09062841192809577;0.08826948393174668;0.09867514514354872;0.11154346799804378
model_375;0.8853330518897078;0.3781223508730446;0.10426872377235864;0.09393538550003287;0.10491163117940701;0.11590080120667968
model_376;10.328516528851054;2.1027853211183582e-17;0.10176675528595128;0.09353319424943826;0.11389407602196423;0.13433712413630536
model_377;7.713058445020537;9.830856364230644e-12;0.09761676825967032;0.08956605637657274;0.10544317658655215;0.12181385959853831
model_378;14.48513495341737;3.377017172208672e-26;0.09232354260136172;0.09054700482982336;0.10474008051697334;0.12113940358622786
model_379;11.861619243165862;1.0145912205450317e-20;0.08840599752837773;0.0854862316705997;0.09643204127874659;0.10760594842974673
model_37;12.233147891839755;1.6323092552598802e-21;0.09632848288633467;0.08930479543110759;0.10923793872946166;0.12593879036067687
model_380;5.630934478962147;1.6793425347032287e-07;0.10108047078565224;0.09057601272445365;0.10682733508057356;0.1239516034568708
model_381;7.392421068694059;4.687091174247357e-11;0.11218362078838742;0.10231697743700952;0.12075616210657601;0.13867126420601128
model_382;6.166880077333265;1.5216294771178754e-08;0.10169371808927084;0.09074720402353818;0.10780910951373425;0.12696950214425312
model_383;11.585465282479968;3.973191979524136e-20;0.09176240632905788;0.0862756423536957;0.1015100444465415;0.11482802328183171
model_384;6.670786648113758;1.472444305482765e-09;0.09711453756413509;0.09016665413053994;0.10294836805318745;0.11661364342633289
model_385;8.253719674282435;6.845216864224295e-13;0.09394128958589022;0.08868707408264433;0.10161842485217779;0.11983268623499527
model_386;5.971482638432023;3.691383274324192e-08;0.09237795384101492;0.08498466829049219;0.09689449174614204;0.1085498756969098
model_387;1.0910763870031965;0.27788762078621865;0.0999418741533744;0.08879811852959167;0.10085547496298851;0.11573566217935577
model_388;19.552230055356727;9.05197088782775e-36;0.08680731672601602;0.08942460956186363;0.10429590924580572;0.1190074842000745
model_389;21.089411045505344;2.1226008308399485e-38;0.08546943639971546;0.08992581499606064;0.10339683065517821;0.11744843410817395
model_38;13.07534288812833;2.716597612696831e-23;0.09732565821446094;0.09370820193561082;0.11125138533018415;0.1292802685314847
model_390;-1.1687396152110154;0.24531512267787403;0.10522277207718682;0.09119764139357302;0.10420890738515512;0.12177253998431962
model_391;5.340983147766581;5.904106298039919e-07;0.10305011702567032;0.09291411567594587;0.10841984649188068;0.1251520239508029
model_392;16.275371583507198;9.69262909496779e-30;0.09377909954829314;0.09138072550911264;0.10700435649346694;0.12105722310616798
model_393;16.60852360764877;2.2206635055456815e-30;0.09041180185128733;0.09130969551420703;0.10836466417551885;0.12931412723414676
model_394;10.363850882136722;1.7612603684595435e-17;0.09772979875200803;0.09477668317015638;0.10776901103972313;0.1243824239858647
model_395;10.866974225599565;1.418610122870999e-18;0.09656743597738522;0.09041373024589007;0.10653545717327115;0.12283083658242963
model_396;16.760138391705553;1.1409503952148167e-30;0.08760539834032353;0.08917678401027758;0.09914728406499879;0.11265777619843631
model_397;12.974496143817694;4.4202350383313455e-23;0.09119904409978807;0.08843192663619813;0.10207850812271851;0.1171159301836466
model_398;23.17833043328137;8.786917713151954e-42;0.0873830909888769;0.09214501436223689;0.10403752131500406;0.11600478193194595
model_399;8.78325225453003;4.900582153065538e-14;0.10250304347461033;0.09189775693662387;0.11103678152434705;0.12669355126539456
model_39;7.714068382795711;9.782376260810148e-12;0.09529916972843643;0.08894039026087093;0.10254201537406649;0.11977224374554821
model_3;10.683734918923305;3.546406796319083e-18;0.0908722745005003;0.08684533657794147;0.09987400603860187;0.11597041098266533
model_400;6.676986470734336;1.4301545783854572e-09;0.0991263552424834;0.09130037138142537;0.10546937595452807;0.12483358567522973
model_401;6.276610741343068;9.2044535522054e-09;0.10175522516683205;0.09232271024861287;0.10767405923731316;0.1252658720483485
model_402;11.899002713341124;8.437800538178885e-21;0.09277095806967352;0.08908483908348477;0.10460716355204516;0.12089131649621983
model_403;0.8365943512476186;0.40483546017004846;0.1070298647757658;0.0888390805303436;0.1078768559928249;0.1223216493105151
model_404;15.098862994264659;1.9720573137947207e-27;0.0894256475160724;0.08857382999099407;0.10359693483530304;0.11797020378877822
model_405;14.767444372562904;9.091415227703941e-27;0.0931008716483514;0.09222027284966916;0.10486694878554717;0.11914168768706396
model_406;13.38085682152176;6.256331548224608e-24;0.10648833242120202;0.10360204493722965;0.11982385906025322;0.1351196112629679
model_407;12.674237277629675;1.8946545009975358e-22;0.10530704382768612;0.1024617554389478;0.11778562805563209;0.13254601132009447
model_408;-7.162866357404999;1.4190829177002445e-10;0.10944347072047056;0.0877592734147593;0.10266437522389937;0.11889584615980227
model_409;18.189551558938184;2.4708955269817022e-33;0.08670789710025198;0.08996729906072322;0.1023567085073704;0.11840131233647927
model_40;19.3304864530854;2.219997358862763e-35;0.09536740393137809;0.09687670623672377;0.11358328725290084;0.12786104691397285
model_410;11.22656738135335;2.3608845433821725e-19;0.09776982503760721;0.090380235738361;0.10991508736280163;0.1255688639645724
model_411;6.485301360220591;3.5057252040602357e-09;0.10394379319911151;0.0947904723417974;0.10934764811891508;0.12335620436471761
model_412;6.339574098914635;6.8874678330527535e-09;0.09646930709270012;0.08670947977379799;0.10184962353750363;0.11928573400550282
model_413;11.220611451918453;2.431914031977675e-19;0.0897086354875073;0.08572058533270334;0.099264721502928;0.1145846914528802
model_414;8.021072268632592;2.1633488820432343e-12;0.09250577324137245;0.08406255638212465;0.09942730073161787;0.11134273366829783
model_415;19.460864109346723;1.3090552454146065e-35;0.08630709449962243;0.08854786519767698;0.10552375528276862;0.1203419673688633
model_416;1.8305425824680728;0.07017724344012727;0.10095901794962048;0.08997281412257976;0.1025342999525516;0.11886764939912815
model_417;6.5413240583601056;2.7001325430725128e-09;0.09939280428837255;0.09268588964472112;0.10525893441435928;0.12099783445141979
model_418;3.992817823331894;0.00012548300232406945;0.10069187123750903;0.08449623203769173;0.10460215383136343;0.11842324546317465
model_419;3.164878801629544;0.002061626875399598;0.1025178036892537;0.08986063094175968;0.1057216042103294;0.12154026606033758
model_41;12.021393688965887;4.6179591227589166e-21;0.09570362603234261;0.08990283659899358;0.10658421353047431;0.11934766303939917
model_420;4.976641084315702;2.732911934832572e-06;0.0985851713369802;0.08771261311683458;0.1031780263094457;0.11934327096054234
model_421;16.15280133475101;1.672725197593918e-29;0.09735543810829674;0.09728458854033775;0.11293217354038097;0.12863553215547935
model_422;10.70121859390916;3.2493263501506474e-18;0.09620011298312355;0.08963494064267148;0.10462038729720026;0.1147221144788044
model_423;12.21583153202217;1.7769455542387386e-21;0.09665439455030658;0.09480586248574797;0.10764368079704806;0.12194064233605702
model_424;12.684847909936163;1.7994019816676647e-22;0.09289928026420553;0.08662525483781529;0.10332542984659683;0.11591406135829453
model_425;1.4418106785770508;0.15251173851422348;0.10142704191588864;0.0881194985404457;0.10274513620624591;0.11754680785936178
model_426;16.48547790954413;3.820607688539839e-30;0.08426975044085808;0.08350175309964676;0.09680496320910943;0.10987824447376211
model_427;10.85464964715873;1.5087126989472584e-18;0.09491229528494026;0.08861626530385375;0.10488866457177419;0.1190136163351462
model_428;5.816950853760124;7.376635976017927e-08;0.10177262156203236;0.09168514878172235;0.10803872952251052;0.12750344869174657
model_429;12.513387503017332;4.146609393455729e-22;0.08831267175984751;0.08498222799491637;0.09912342155340309;0.11315098253184373
model_42;10.662782564903377;3.938483263008136e-18;0.09285031589343376;0.09113402107788116;0.10101016730199357;0.11461452993842744
model_430;8.032479914450864;2.044940728856253e-12;0.09800745308226377;0.089168962436853;0.10594876213642083;0.12284943036562235
model_431;8.434103207898973;2.79484216555247e-13;0.0913951233336606;0.08449101981889341;0.09741041849398827;0.1084283246207483
model_432;10.691760482338482;3.40680169529598e-18;0.0911816056066471;0.08460619848235942;0.09959156557654048;0.11237130951635617
model_433;10.914779189701493;1.117273858242977e-18;0.09048830802293167;0.08548700456152257;0.10069435399055683;0.1157453994161075
model_434;9.607630243411004;7.853996721089759e-16;0.09571009375078161;0.08871423552945717;0.10440468688759832;0.11903601124421838
model_435;11.275876267514173;1.8472750283647074e-19;0.08654699294549442;0.08234089562734205;0.09536741497233768;0.1088043944016051
model_436;11.790196281204713;1.4433918606403796e-20;0.09091822833744521;0.0863561642538641;0.1015114143572162;0.11516397085386454
model_437;-5.382100206011893;4.94963418460353e-07;0.11362616840711574;0.09096714931050527;0.10792022552805683;0.12544166949606433
model_438;12.063422065693022;3.755592486450688e-21;0.09771214832657392;0.09459966636195626;0.10751010624677142;0.12202551461679419
model_439;11.018342111205879;6.66301757021331e-19;0.09879050956866176;0.09449660731959589;0.10968205416141968;0.12544228535952026
model_43;-5.892449401281699;5.264856948350567e-08;0.10743356721725353;0.08953276472454219;0.10256461999869888;0.1166270051113109
model_440;5.2664783290005195;8.112939863465405e-07;0.09720270473932482;0.08834220495881494;0.10177417974397822;0.11799162249896944
model_441;14.118437968235627;1.8832175490227121e-25;0.08774147509145983;0.08688545154081177;0.09903437753819246;0.11209682966630484
model_442;8.413638529629658;3.09424289176425e-13;0.09249386467884496;0.08746844760535918;0.09932765087426773;0.1119402333633187
model_443;10.321034947141364;2.1832048617930235e-17;0.09416065941151884;0.08867731678885282;0.10440454517525964;0.12065928990078956
model_444;16.527184902082613;3.178076194865762e-30;0.08810337163152691;0.09001296938195363;0.10477898064149689;0.12279282594771729
model_445;19.382316523995005;1.7990811836994586e-35;0.08654527688763805;0.09035830865086046;0.10245035759682201;0.11600777906240876
model_446;14.405920521173;4.888601304277039e-26;0.09049317033327732;0.0890728716844136;0.10384449491269834;0.12075541652354997
model_447;2.288844655598211;0.02421320314687909;0.09729519496028571;0.08659263554307603;0.099301740501251;0.11563697680062854
model_448;14.62891162447771;1.72890947476881e-26;0.08923713179285993;0.09023251737823192;0.10064927976481261;0.1133511202390661
model_449;12.389708470826124;7.5850240991663335e-22;0.09833912635894165;0.09510510868018436;0.10891448391412417;0.1253697638659133
model_44;10.725305659422652;2.880426638693387e-18;0.09946954108236991;0.09236063660343283;0.10971510753177163;0.1258176477222713
model_450;9.902729280054631;1.7832440332134359e-16;0.09714340733498641;0.09139180552099169;0.10732270342365363;0.1233438153549568
model_451;17.640944087591674;2.524355598652298e-32;0.09724694438585915;0.09796450169968236;0.11330810461951822;0.12806666373592063
model_452;10.5136146927949;8.313069663586642e-18;0.09762245731562683;0.092074604993014;0.1061367936304432;0.11851273395466744
model_453;7.7954375445296815;6.565476704687779e-12;0.09759338480449214;0.09085658330892779;0.10466338802565439;0.12108181770314876
model_454;-2.810331764571447;0.00596547099818199;0.10033179281913128;0.08653655195051861;0.0980488731013131;0.11192658027038746
model_455;2.661201176443417;0.00908575001131761;0.10148300111327398;0.08996766490727356;0.10380910810324384;0.1194415574259672
model_456;16.99929256658173;4.01458470860174e-31;0.08751765200772237;0.08950745967245594;0.10254683905926364;0.11725394089811857
model_457;6.829297136671414;6.970140392451446e-10;0.09209077782237653;0.08310693625322323;0.09777885383408762;0.11030597040026459
model_458;5.294463762008658;7.201898085775945e-07;0.10015991814050478;0.09055330343160432;0.10524338777639397;0.11935288820070089
model_459;7.236068258144125;9.977840707859402e-11;0.0950382782780018;0.08686685395071801;0.10261534524570998;0.12087630541975965
model_45;16.380590578986475;6.076653128280044e-30;0.10205105945621569;0.10086741444376326;0.11990678381469444;0.13786770188316858
model_460;10.850011743467476;1.5440853033693802e-18;0.09300648947198366;0.08984999377856549;0.10234360862228829;0.11770360239003737
model_461;4.026460162392996;0.00011101995380369914;0.09713238671652435;0.08567716298413645;0.10127529415193365;0.11898569171268915
model_462;5.265699718624559;8.139834243868307e-07;0.09216295912400964;0.08218806321473465;0.09666569911409172;0.10907004051601764
model_463;7.886115481275488;4.205628128738662e-12;0.09357409993397821;0.0868432112998262;0.10022858398059173;0.11285039444559629
model_464;13.248466330816944;1.1806998639968559e-23;0.09406447941383357;0.09076656212972611;0.10498861176747461;0.11796263536227118
model_465;10.55876996427424;6.629997810063177e-18;0.09349612476899452;0.08878602885362721;0.10272835678141998;0.11649219369150929
model_466;0.9322657937206138;0.3534672084229131;0.10932875839398079;0.09675936297196702;0.1101743846924173;0.12622639306427277
model_467;8.97732828751757;1.8559862385224233e-14;0.09532884101277773;0.08686181503472869;0.10464732217080965;0.12139013378890519
model_468;18.661149890008062;3.4545758097931565e-34;0.087683048521735;0.0911375364845561;0.10563945210103683;0.12140255121840644
model_469;10.725038269890886;2.884282173235012e-18;0.09860245596162;0.09558722544380478;0.10803084282651097;0.1220036370154067
model_46;13.344235959222667;7.456484867454298e-24;0.09337069447507564;0.09458231895240311;0.10568224019418983;0.12479763731514056
model_470;3.589675423984823;0.0005170632912288878;0.09891790766076944;0.08551529080597396;0.10224035965681999;0.11707381642970842
model_471;12.67323822123752;1.9038798493015676e-22;0.08609053861234606;0.08386567204268937;0.09410925228488795;0.10383564610149443
model_472;4.426200887534698;2.4706143956586977e-05;0.10078217304244484;0.08963086724895791;0.10496136161412314;0.12088966492525081
model_473;9.658592267175084;6.079961051792025e-16;0.0994635513148357;0.09215206107527939;0.10966624649469027;0.12582111727331102
model_474;7.664380260456356;1.2473858048851767e-11;0.09443992844869181;0.08803575159501784;0.10079781960835273;0.11683562962631167
model_475;6.409464736881347;4.985514966732038e-09;0.09787887549891915;0.09072459985492463;0.1035592765398328;0.11777875856640413
model_476;2.1714741368995325;0.03228434127932525;0.10048640265907209;0.08780452916302632;0.10228774927005643;0.11659418261542763
model_477;3.281428218600256;0.0014271209542861265;0.09405388452650346;0.0854334092324542;0.09638747152430724;0.10830723624868491
model_478;8.272781332307591;6.227836821923658e-13;0.08893692124750197;0.08294215941676851;0.09459229692541164;0.10538847575482634
model_479;3.854138824794537;0.00020646227289579323;0.10787644644373472;0.09788886895499278;0.1109944546839628;0.12628017033728742
model_47;6.103407875962679;2.031828974304003e-08;0.09655430974419583;0.08737947953116033;0.1016795102610806;0.11717036950219538
model_480;7.680079896697853;1.1552212352059448e-11;0.09923552898402066;0.09114689956006315;0.10588954251938854;0.11914210589890628
model_481;6.844440680210059;6.487560776612306e-10;0.09559412976515662;0.08933398887975928;0.10077667549194302;0.11194311650757938
model_482;11.749063487789856;1.76859359627198e-20;0.09262471546217338;0.09058476623493372;0.10250437002237789;0.11588043158816308
model_483;2.8457850641554594;0.00538519455304593;0.10241534591642852;0.09192976401638739;0.10461509149484927;0.11771394818848402
model_484;3.3364621520474853;0.0011958599284371055;0.09917281813842733;0.08689790196025494;0.10199647021297144;0.11576732635478844
model_485;8.434236514918616;2.792989723533199e-13;0.10132707271379293;0.09420246570419098;0.1107581806351162;0.1299485117965138
model_486;1.9479436570978998;0.05425377548132432;0.0986357867026452;0.0882162284682092;0.10028719513186632;0.11377646466813136
model_487;3.321249938310166;0.0012559990019047188;0.10566149867072548;0.09416964636472314;0.10880200888868728;0.12368842974766013
model_488;-0.8720575286606915;0.38528703809332143;0.10544077752484489;0.08926551707074545;0.10459948594209656;0.1222439448243564
model_489;9.782286985434423;3.2659047600511214e-16;0.09779932757013853;0.09274416117324043;0.10625741981877222;0.12050381395005688
model_48;3.2256994832521686;0.001703462547531083;0.1255013985732167;0.11134061532229492;0.12894296102547423;0.14822317560001746
model_490;11.588857652797698;3.906988193700046e-20;0.10283515265105848;0.10037503729468768;0.11375545944118805;0.12825610107993082
model_491;2.9766261425975973;0.003663415477591413;0.10303138826311249;0.09261461750594611;0.10614479646771983;0.12397024957175107
model_492;11.868674151012172;9.798924355637182e-21;0.09143547813609704;0.09032751635177848;0.10051209989507903;0.11284164539010254
model_493;10.645193116273123;4.300966158529631e-18;0.09439000395155445;0.0881757672909724;0.10469966152946236;0.1222023750396119
model_494;9.151450961820972;7.755877853251142e-15;0.0954112039936572;0.089270766772277;0.10326352909508768;0.11610868534783728
model_495;7.438178360312773;3.7543132567393826e-11;0.10389783394705389;0.09434718788438237;0.11112331583606289;0.126984297845167
model_496;5.503401105167897;2.9308516858794514e-07;0.10506100895017692;0.09353178309411117;0.11067108605168466;0.12913540958129255
model_497;3.0057490919784655;0.003356954862459739;0.10439161967831789;0.09419948427179425;0.10716896487703874;0.12230564930389837
model_498;13.33240368688208;7.891733578044491e-24;0.08930439064183186;0.0868618242519418;0.09917990407166019;0.11077266393863049
model_499;7.50912594207947;2.6595623372388095e-11;0.09023438620659494;0.08209121200380866;0.09626915551804784;0.10991327971527257
model_49;12.460709151604926;5.361970279374287e-22;0.0979083318685748;0.09579541853907489;0.1104601478826008;0.12733290490415908
model_4;3.5240681071764053;0.0006450294631261088;0.10386919614273249;0.09256611119226082;0.10721014999815301;0.12277959009690076
model_500;-1.3173538813513082;0.19076080984622973;0.10330992337969161;0.08799797880280878;0.10220971930997096;0.11749184377414663
model_50;-0.6034303497014213;0.5476025076083493;0.10864006758657928;0.09176522739154776;0.1080464638506794;0.12233029905053758
model_51;13.593073193059235;2.2693164096226455e-24;0.09425709358195669;0.09196910891950745;0.1062718197510376;0.12197371487764969
model_52;8.116377887597897;1.351143647897977e-12;0.09881625562599025;0.09201632524581299;0.1060109000889437;0.12243467538627152
model_53;7.743150145173114;8.483876999211831e-12;0.09717936180147928;0.09085033872385614;0.10493157113612751;0.12161305170391024
model_54;8.357799096505843;4.0838723289581705e-13;0.0968291230269314;0.0910002276992675;0.10417545324166244;0.11831127053376325
model_55;5.241800914894211;9.00908037316873e-07;0.10000828968495437;0.08962311833789668;0.10499275177237143;0.12073610308244057
model_56;12.526867503587889;3.8828032251313923e-22;0.09205271564808089;0.08767525609774687;0.10161296630728776;0.11384559691566781
model_57;6.067188217145056;2.395027020324808e-08;0.09430913043390844;0.08306995631416433;0.09987157287191631;0.11439929695166264
model_58;3.969565485443908;0.00013651495805366186;0.10488960123860959;0.09320840715747519;0.1085547861454891;0.12462886910616737
model_59;14.19786789618502;1.2961412028254535e-25;0.08775470643928371;0.08608027063694197;0.09964476530420949;0.11374788431777168
model_5;18.518900238426653;6.235227453882563e-34;0.08805065194970553;0.09041636844271238;0.10252242404667507;0.11690976632010076
model_60;-2.161664341448225;0.03305450504757492;0.11335695281471174;0.08818887435283858;0.11078930136015261;0.1283213662886128
model_61;-2.2458629192207757;0.02693560145703427;0.10743275737946796;0.09256191286690456;0.10544604241607285;0.12034616181530904
model_62;14.265467991707771;9.436673129549913e-26;0.0899152135111622;0.08771592009927809;0.10520168252704848;0.12251965716942069
model_63;15.120426449992244;1.7862293570517227e-27;0.09300886417172619;0.09110507276869312;0.10745562959769346;0.12391262017574507
model_64;7.201640571653379;1.1776995261739967e-10;0.09467031867795422;0.0855003663340371;0.10103957542004213;0.11539924905164954
model_65;12.016805843447035;4.723385914731975e-21;0.09367989003658295;0.09145667872478053;0.1044274581198403;0.1185703355934202
model_66;7.038834353948027;2.571490106649479e-10;0.10274101766882483;0.09540903149652727;0.10941161515511189;0.12430630382342436
model_67;7.944602535014121;3.1537602296510126e-12;0.09529419596662227;0.08858505382980268;0.10176086556934515;0.11423215638730944
model_68;8.838016341680296;3.726884744255104e-14;0.10248104628828383;0.09438359416714034;0.11064926846039279;0.12581958230008783
model_69;4.1567409766560965;6.868228060897066e-05;0.10144425763450947;0.09078507570876289;0.10533909571988356;0.12452766329971786
model_6;2.2075927078616018;0.029581666634833494;0.10440495917477559;0.09287893833573331;0.10658546990897393;0.12327057123184204
model_70;13.837970050641655;7.084583036090174e-25;0.09535414395258598;0.09248629880627406;0.10880585273839147;0.12579019751745402
model_71;4.318878266080123;3.729597464829706e-05;0.10434191236176442;0.09453053895345669;0.10808098718288749;0.12125905764471624
model_72;8.776725621434501;5.06306143934028e-14;0.09601685258838319;0.08818231907087504;0.10331456342415604;0.11620924767759658
model_73;7.3049470281988835;7.156683638539452e-11;0.09120076111297018;0.084865635894623;0.09663506093816039;0.10969517103482768
model_74;13.538292744563055;2.9470047225071755e-24;0.08896274557433177;0.08519117203877144;0.10238348978915139;0.11633649237991608
model_75;-1.179672881473546;0.24095737073188947;0.10912844173840641;0.09367415504818111;0.10807230934035333;0.12332306859880379
model_76;15.345058845921526;6.392273138260497e-28;0.097756605403325;0.09484144538333736;0.11301521034043942;0.12789181105254852
model_77;8.099350682428208;1.4697899483887702e-12;0.09634432903270132;0.08934442802889216;0.10399520605038633;0.11823467864203699
model_78;11.03860043977157;6.022631256280266e-19;0.09686876145988396;0.09320355729036725;0.10767939060118675;0.12565672243993306
model_79;16.872618242040133;6.974652844355083e-31;0.09260766861057773;0.0937464567112554;0.109900931278912;0.12519779874338316
model_7;3.909015330364326;0.0001697634077750701;0.10345256105833447;0.0920758868001171;0.1069641130931733;0.12156961074809439
model_80;12.793961094891449;1.05933927322702e-22;0.09427494490423154;0.09260383306656839;0.105549832502393;0.11999388749605601
model_81;8.345391915554838;4.343448480751774e-13;0.09901081386607946;0.09161296817138023;0.10681512111401342;0.12074040137615401
model_82;18.801446004526664;1.934347753166521e-34;0.09115722210904986;0.09459011548573208;0.10791179537076141;0.12489527294930723
model_83;6.721629236605632;1.1591383150353037e-09;0.09711455814924437;0.0875387527156602;0.10283102573137719;0.11487471319965481
model_84;3.025329897801512;0.003164420748441955;0.11797619640636879;0.10606679040458553;0.12066400647594314;0.13480027557648333
model_85;14.192870125715022;1.3269412525215084e-25;0.09426602940123106;0.09342036112067625;0.1070526311584249;0.12325868778622028
model_86;4.105445833263814;8.307076609258432e-05;0.1026200999688242;0.089989733066141;0.10670345811697829;0.1246309914654985
model_87;4.435983388003073;2.3788843174714914e-05;0.09791407204165901;0.0887836691030522;0.10158699491634346;0.11752713556142197
model_88;0.9122099353401996;0.3638742257119134;0.09845113062981478;0.0880304299602189;0.0991789598829343;0.11201279203301852
model_89;17.59451397768202;3.078428291008559e-32;0.08531421495927978;0.08671710275344013;0.09904289029813768;0.11217994325297415
model_8;4.192473869578341;6.010786981985863e-05;0.10060767668116953;0.0899162744699987;0.1043917174175017;0.11987865270720315
model_90;18.170353068630988;2.6785268390555605e-33;0.09037108980503279;0.09151291493902501;0.10574486957713736;0.11912740920622324
model_91;23.023786671029757;1.5378168923928175e-41;0.08587776293459627;0.09573877733392813;0.11106484395487846;0.13077549344485567
model_92;18.403594913537937;1.0081854766647124e-33;0.09043188446883074;0.09347685292911977;0.10473615547536436;0.11862532786794544
model_93;13.846447304481295;6.805583339981591e-25;0.09229920789138558;0.08797152970255036;0.10558904836213542;0.12078027596178743
model_94;8.719739924352123;6.730541343615846e-14;0.09729837726071938;0.08988915982934617;0.10541429366628378;0.12062388719971646
model_95;5.009322007969503;2.387447784091253e-06;0.09969331093670167;0.09104152945513577;0.1041379932690527;0.12190117049463016
model_96;12.388088541637675;7.64532695108907e-22;0.09275308420363161;0.08800245852200027;0.10257054910217363;0.11561764085415713
model_97;2.9408765131305623;0.004074867100038318;0.10184068209731702;0.09207104580457677;0.10453081839157338;0.11943703669977863
model_98;9.1174491417739;9.197469766410799e-15;0.09744221647990119;0.09033146869275988;0.10628370986243868;0.12237841013780575
model_99;7.24719189097816;9.457008897858928e-11;0.09128897629447819;0.08235897463698362;0.098282370148251;0.11643027491176251
model_9;13.711945796736114;1.2886218707104594e-24;0.09174471264032974;0.08995625376701355;0.10671841691166507;0.12379259040060732
